cor_texto,cor_fundo,contraste,contraste_deuteranopia,luminancia_texto,luminancia_fundo,distancia_rgb,distancia_hsv,boa_acessibilidade
#483d8b,#000000,2.3158569245597524,2.339108890277701,0.06579284622798763,0.0,0.6588468716686556,0.8414371350776108,0
#008000,#ffa500,2.601495978376403,10.598040016274304,0.15438342968146074,0.48170267036309633,1.0104718902494205,0.5467073155618908,0
#daa520,#4169e1,2.1658829046992367,3.810543940482268,0.4191997780956843,0.16663210743188323,0.9940847734054915,0.5149325081136865,0
#ff0000,#00ff00,2.9139375476009137,3.3588998230259075,0.2126,0.7152,1.4142135623730951,0.3333333333333333,0
#ff00ff,#483d8b,2.8913703299148836,4.077102570527182,0.2848,0.06579284622798763,0.8827101673387819,0.6480892223176438,0
#228b22,#00ced1,2.2468326996477392,1.3672586595377585,0.18920812076002244,0.4874606277449036,0.7468503646166532,0.40468241051250187,0
#c0c0c0,#000000,11.542302514116262,11.542302514116262,0.5271151257058131,0.0,1.3041323727577427,0.7529411764705882,1
#a52a2a,#228b22,1.6138254005936756,2.303177201128808,0.09822428787651086,0.18920812076002244,0.6399971164871605,0.3487204308234466,0
#808000,#00ffff,3.3459145152364793,1.2632691866332968,0.20027537200567572,0.7874,1.2247480105516604,0.5992947283870521,0
#ff00ff,#8b0000,3.191925244277799,3.0517403146424846,0.2848,0.05488967453113127,1.0986062961431695,0.4844724674356543,0
#0087be,#a52a2a,1.7571783812147042,2.3871205768880723,0.21045651422754966,0.09822428787651086,0.9426295971790262,0.5277187712036278,0
#228b22,#ffd700,3.129529097520086,8.25778589464774,0.18920812076002244,0.6986087742815887,0.9261297225420306,0.5513102013625201,0
#ffa500,#800080,4.769614668743368,5.1849055322982895,0.48170267036309633,0.06147707043243851,0.9584846427864749,0.5686815390097145,1
#0000ff,#556b2f,1.4445107107110606,1.8588974808237106,0.0722,0.1265192088488916,0.9759743600920535,0.8499536032122371,0
#808000,#000000,5.005507440113514,5.034014807388236,0.20027537200567572,0.0,0.7098797489559064,1.131257002969099,1
#8b4513,#696969,1.2929984898065787,1.127582317748301,0.09792228502052074,0.14126329114027164,0.38916505819781255,0.8763009453304264,0
#0087be,#008080,1.184062471676414,1.1957598074153135,0.21045651422754966,0.16996855778968425,0.24468199984010194,0.24787771984364332,0
#00ced1,#ff00ff,1.6053184819142883,3.2725842088850756,0.4874606277449036,0.2848,1.2981339933409939,0.3769128126625058,0
#0087be,#800080,2.3364133378926675,1.4279022641290064,0.21045651422754966,0.06147707043243851,0.768997509956377,0.37468751302376807,0
#556b2f,#ffa500,3.0121519002402612,4.9731489875288855,0.1265192088488916,0.48170267036309633,0.7281139624604608,0.7376869178863708,0
#008080,#dc143c,1.045368631990667,4.230195634926566,0.16996855778968425,0.1604219995302558,0.9974053227908727,0.5968312672925808,0
#ffd700,#daa520,1.5955011260233896,1.472168770975721,0.6986087742815887,0.4191997780956843,0.27431365541212016,0.2074997682737564,0
#800080,#ffff00,8.771310514412942,6.695920411239215,0.06147707043243851,0.9278,1.2247480105516604,0.5992947283870521,1
#008000,#0000ff,1.6725321577860943,1.1464065162269388,0.15438342968146074,0.0722,1.1189122525867927,0.5992947283870521,0
#008080,#800000,2.2939211831371673,1.622371118354347,0.16996855778968425,0.045891942324214986,0.8694215818384953,0.5,0
#800000,#808080,2.772500938765145,1.9057415284898638,0.045891942324214986,0.21586050011389923,0.7098797489559064,1.0,0
#c0c0c0,#a52a2a,3.893526047408784,2.351281007602032,0.5271151257058131,0.09822428787651086,0.8386015711621994,0.7529366188486272,0
#cd5c5c,#696969,1.380616991711068,2.231652633003297,0.21406134963883997,0.14126329114027164,0.3987292386658053,0.676483522062959,0
#008080,#8b4513,1.4870548934473855,2.5080735507764667,0.16996855778968425,0.09792228502052074,0.7303283298865193,0.453787662116636,0
#ffc0cb,#ffd700,1.096524144969279,1.0202457461032046,0.6327107070246613,0.6986087742815887,0.8011717677633033,0.7718111911087628,0
#228b22,#daa520,1.9614709425621604,5.609265769966483,0.18920812076002244,0.4191997780956843,0.7287789791571659,0.389114161711338,0
#ff00ff,#ffd700,2.23598797575146,1.8455342326785058,0.2848,0.6986087742815887,1.3080062807966994,0.30718954248366015,0
#800080,#000000,2.22954140864877,2.936378547643103,0.06147707043243851,0.0,0.7098797489559064,1.131257002969099,0
#ff4500,#800080,2.737445793564427,3.837202323128329,0.2551624375341642,0.06147707043243851,0.7571166901012252,0.5411906789837007,0
#000000,#8b0000,2.097793490622625,3.125032239321269,0.0,0.05488967453113127,0.5450980392156862,1.138916973425537,0
#8b0000,#008080,2.097142152199143,1.8171253759978363,0.05488967453113127,0.16996855778968425,0.8950201843168044,0.5018573729262894,0
#696969,#ff0000,1.3729764788341448,2.3239931585220694,0.14126329114027164,0.2126,0.8277204282041347,1.160181348430354,0
#bdb76b,#800000,5.29213666132814,3.7823155978578096,0.45747326349994166,0.045891942324214986,0.865050396000225,0.6337170870970168,1
#000080,#800000,1.4620988795810765,2.4340514976793495,0.015585128108223528,0.045891942324214986,0.7098797489559064,0.33333333333333337,0
#ffa500,#000000,10.634053407261927,15.224845376596742,0.48170267036309633,0.0,1.1910856900774462,1.4183194782040396,1
#0087be,#00ced1,2.063533059784972,1.4170908250183107,0.21045651422754966,0.4874606277449036,0.2882286247060856,0.08748847471357242,0
#dc143c,#00ff00,3.6365018948029464,2.7487209186311152,0.1604219995302558,0.7152,1.2841266141202308,0.4019301125402603,0
#8b4513,#4169e1,1.4644994660664592,1.3747707062053283,0.09792228502052074,0.16663210743188323,0.8699167168152021,0.5783044507709191,0
#808000,#008080,1.1377779375403658,2.9271493377107594,0.20027537200567572,0.16996855778968425,0.7098797489559064,0.33333333333333337,0
#ff4500,#ff0000,1.1620808740828796,1.2674483660081974,0.2551624375341642,0.2126,0.27058823529411763,0.04509803921568626,0
#bdb76b,#00ffff,1.650136194810776,2.6482500749274824,0.45747326349994166,0.7874,0.9828126981741871,0.7119629741641477,0
#8b4513,#cd5c5c,1.7851356852837128,1.9791483050742964,0.09792228502052074,0.21406134963883997,0.39633072919600437,0.41135412806256205,0
#8b4513,#ff00ff,2.2633506503334124,2.211017601527555,0.09792228502052074,0.2848,1.0661547214369458,0.5304418760096049,0
#8b0000,#000000,2.097793490622625,3.125032239321269,0.05488967453113127,0.0,0.5450980392156862,1.138916973425537,0
#0087be,#00ffff,3.215124038972585,1.9377824811210134,0.21045651422754966,0.7874,0.5351899632923992,0.25942754072247315,0
#0087be,#800080,2.3364133378926675,1.4279022641290064,0.21045651422754966,0.06147707043243851,0.768997509956377,0.37468751302376807,0
#ff0000,#808000,1.0492442700037012,1.7659645316658101,0.2126,0.20027537200567572,0.707112218357348,0.5251864793948691,0
#008080,#800080,1.9732179625495074,1.707428136362791,0.16996855778968425,0.06147707043243851,0.7098797489559064,0.33333333333333337,0
#2f4f4f,#483d8b,1.0156771835151346,1.2467031457774247,0.06760815192804356,0.06579284622798763,0.26449519574772146,0.3404287089050277,0
#daa520,#00ffff,1.784740827028329,3.0001847269778925,0.4191997780956843,0.7874,1.27286772044712,0.433160076299512,0
#ffffff,#000080,16.009727056831707,18.320159145884244,1.0,0.015585128108223528,1.4993475448879088,1.1658276765768218,1
#008000,#808080,1.3007928310443406,3.7013186659812636,0.15438342968146074,0.21586050011389923,0.7098797489559064,1.0540925533894598,0
#c0c0c0,#ffffff,1.8193943517176883,1.8193943517176883,0.5271151257058131,1.0,0.4279184348111344,0.24705882352941178,0
#a52a2a,#ffd700,5.050513549474917,3.5853888665624702,0.09822428787651086,0.6986087742815887,0.7822816813583522,0.4572827802422404,1
#4169e1,#696969,1.1326381876018552,1.2192198162087573,0.16663210743188323,0.14126329114027164,0.49604355453621635,0.9315349159011223,0
#483d8b,#800080,1.0387144708665872,1.2553406811661914,0.06579284622798763,0.06147707043243851,0.3275859766346212,0.4636212558968276,0
#8b4513,#556b2f,1.193323972952444,1.408926885841455,0.09792228502052074,0.1265192088488916,0.2812615070908409,0.36381425121421423,0
#808080,#2f4f4f,2.2605618382351693,2.8339777015734193,0.21586050011389923,0.06760815192804356,0.4180289150038734,0.6715657300135196,0
#2f4f4f,#556b2f,1.5009096389584602,1.6316764154156636,0.06760815192804356,0.1265192088488916,0.2236325871275804,0.33226414684227185,0
#8b4513,#696969,1.2929984898065787,1.127582317748301,0.09792228502052074,0.14126329114027164,0.38916505819781255,0.8763009453304264,0
#008000,#a52a2a,1.3788794846613623,3.417122760148103,0.15438342968146074,0.09822428787651086,0.7480334335345618,0.44379943727442916,0
#000080,#008080,3.3539395917121495,1.5003049981241843,0.015585128108223528,0.16996855778968425,0.5019607843137255,0.16666666666666663,0
#c0c0c0,#ffd700,1.2971567386421186,1.5248661708108853,0.5271151257058131,0.6986087742815887,0.7975548947082256,1.0396079746287132,0
#800000,#ffd700,7.806795400498914,6.308184212517473,0.045891942324214986,0.6986087742815887,0.9792463893040471,0.5174840470867461,1
#c0c0c0,#000000,11.542302514116262,11.542302514116262,0.5271151257058131,0.0,1.3041323727577427,0.7529411764705882,1
#808080,#cd5c5c,1.0068133805932598,1.605478162747759,0.21586050011389923,0.21406134963883997,0.36199710904765803,0.6285087635729422,0
#ff0000,#00ced1,2.0466893668884376,3.050599669809819,0.2126,0.4874606277449036,1.5245876658762345,0.5292964283576651,0
#0087be,#ff00ff,1.2854353095868418,4.6375490565108475,0.21045651422754966,0.2848,1.159849915385902,0.38242648614650515,0
#0087be,#8b4513,1.7607658926538179,2.0974726991349337,0.21045651422754966,0.09792228502052074,0.9021142239477368,0.5365956514084141,0
#ffc0cb,#0000ff,5.586830663049601,10.474984959684976,0.6327107070246613,0.0722,1.2682682765788924,0.812082516987202,1
#0087be,#ffa500,2.0414258861599084,7.40353834886374,0.21045651422754966,0.48170267036309633,1.2526020591125049,0.5088510107740869,0
#2f4f4f,#a52a2a,1.2603232467014638,2.6163782639967272,0.06760815192804356,0.09822428787651086,0.50620144974881,0.6925366957143317,0
#2f4f4f,#bdb76b,4.314949730784224,5.624581247980807,0.06760815192804356,0.45747326349994166,0.6989199114890732,0.5534451915778057,0
#8b4513,#00ff00,5.1729866118134025,1.6297104979175197,0.09792228502052074,0.7152,0.9136329162899978,0.5433759957096725,0
#dc143c,#800080,1.8875809950332665,2.4775248485349675,0.1604219995302558,0.06147707043243851,0.4554425455986817,0.39523102309670494,0
#00ff00,#800080,6.864191865032504,1.109462502568446,0.7152,0.06147707043243851,1.226347935121881,0.7057216592690063,0
#696969,#4169e1,1.1326381876018552,1.2192198162087573,0.14126329114027164,0.16663210743188323,0.49604355453621635,0.9315349159011223,0
#2f4f4f,#483d8b,1.0156771835151346,1.2467031457774247,0.06760815192804356,0.06579284622798763,0.26449519574772146,0.3404287089050277,0
#808000,#696969,1.3085384577123318,1.315990846277008,0.20027537200567572,0.14126329114027164,0.43106941220547906,1.0177981677828742,0
#556b2f,#483d8b,1.5244396748080464,1.3087930522531694,0.1265192088488916,0.06579284622798763,0.40657797735789086,0.4791193887580495,0
#2f4f4f,#8b4513,1.2577553732076696,2.298912770672539,0.06760815192804356,0.09792228502052074,0.4325118644380309,0.6713649238589946,0
#ff00ff,#696969,1.7504665845912857,2.49310435171273,0.2848,0.14126329114027164,0.9282196375329118,1.172091523313539,0
#2f4f4f,#ffd700,6.365279634183961,9.380733498449908,0.06760815192804356,0.6986087742815887,1.0226275043667796,0.9795632276902815,1
#008000,#ff00ff,1.638097572400064,6.638573093348028,0.15438342968146074,0.2848,1.5006547334376588,0.7057216592690063,0
#bdb76b,#ffd700,1.4751688968175065,1.6678101150761295,0.45747326349994166,0.6986087742815887,0.5087319045541225,0.6226523335966615,0
#00ffff,#ff0000,3.188880426504189,2.230888577540719,0.7874,0.2126,1.7320508075688772,0.5,0
#daa520,#0000ff,3.8396053853983987,7.2593978736082665,0.4191997780956843,0.0722,1.383585877643694,0.4973578271336937,0
#ffd700,#00ffff,1.1186083155432165,4.416778262215173,0.6986087742815887,0.7874,1.422886475021705,0.35947712418300654,0
#dc143c,#000000,4.2084399906051155,7.274950816490807,0.1604219995302558,0.0,0.897688089588988,1.2537489765872365,0
#008000,#8b0000,1.948556238686771,2.175340103971378,0.15438342968146074,0.05488967453113127,0.7410104596735704,0.3361129778386842,0
#ff0000,#daa520,1.786747060531928,1.344838445622967,0.2126,0.4191997780956843,0.6748972895213807,0.2383343847201708,0
#ffa500,#ff00ff,1.5881202818491529,1.596433430384872,0.48170267036309633,0.2848,1.1910856900774462,0.27450980392156854,0
#ffa500,#ffc0cb,1.284008422523894,1.1330954588510416,0.48170267036309633,0.6327107070246613,0.8030889997758268,0.7652933966654756,0
#cd5c5c,#dc143c,1.2549132230865983,1.1734326129120234,0.21406134963883997,0.1604219995302558,0.3145332737807931,0.3642022177852709,0
#a52a2a,#000080,2.2600289448535125,4.282504855557445,0.09822428787651086,0.015585128108223528,0.7480334335345618,0.4437994372744292,0
#ff4500,#cd5c5c,1.1556497683267115,1.3198923917738032,0.2551624375341642,0.21406134963883997,0.4204133737695444,0.4918175582723773,0
#2f4f4f,#4169e1,1.8419820725048521,1.6722154176663013,0.06760815192804356,0.16663210743188323,0.5858251277930216,0.6611373896274789,0
#00ffff,#008000,4.097201036821427,2.7739028704980884,0.7874,0.15438342968146074,1.1171584759385749,0.5251864793948691,0
#ffd700,#00ffff,1.1186083155432165,4.416778262215173,0.6986087742815887,0.7874,1.422886475021705,0.35947712418300654,0
#c0c0c0,#ffff00,1.694289330580529,1.7034518917037604,0.5271151257058131,0.9278,0.830058154464124,1.0434633870249184,0
#ffa500,#0000ff,4.351085682185731,9.244574124678433,0.48170267036309633,0.0722,1.5552122431061512,0.4411764705882353,0
#a52a2a,#00ff00,5.162446795747172,1.854763337589047,0.09822428787651086,0.7152,1.0693593464148083,0.5481532391487859,0
#bdb76b,#ffa500,1.047745188970251,1.442697608148563,0.45747326349994166,0.48170267036309633,0.4980392156862745,0.624239995155418,0
#ff0000,#008000,1.28483997166146,6.188268229001598,0.2126,0.15438342968146074,1.1189122525867927,0.5992947283870521,0
#ffa500,#ffc0cb,1.284008422523894,1.1330954588510416,0.48170267036309633,0.6327107070246613,0.8030889997758268,0.7652933966654756,0
#808000,#008080,1.1377779375403658,2.9271493377107594,0.20027537200567572,0.16996855778968425,0.7098797489559064,0.33333333333333337,0
#800000,#ffffff,10.949825131812458,7.526611151551592,0.045891942324214986,1.0,1.4993475448879088,1.1171584759385749,1
#4169e1,#ffc0cb,3.1514751673610046,5.498443694605022,0.16663210743188323,0.6327107070246613,0.8240241277826835,0.5906198439166849,0
#800080,#2f4f4f,1.0549985882461885,1.565037176232266,0.06147707043243851,0.06760815192804356,0.4835311610419513,0.7085090391527985,0
#228b22,#2f4f4f,2.0339416684855114,1.1359865244907845,0.18920812076002244,0.06760815192804356,0.29850325072917744,0.4537332748229228,0
#008000,#800080,1.833412278315376,2.0440179575608504,0.15438342968146074,0.06147707043243851,0.8694215818384953,0.5,0
#ffa500,#4169e1,2.4544038123724685,4.852586471558577,0.48170267036309633,0.16663210743188323,1.178592857031272,0.5748348595618048,0
#0087be,#c0c0c0,2.2157830354805887,5.61279127529293,0.21045651422754966,0.5271151257058131,0.7854599467514484,1.0973347438409733,0
#4169e1,#008080,1.0154014582480584,1.8243577197679062,0.16663210743188323,0.16996855778968425,0.46669961986140224,0.49374080561175826,0
#000000,#c0c0c0,11.542302514116262,11.542302514116262,0.0,0.5271151257058131,1.3041323727577427,0.7529411764705882,1
#00ced1,#00ff00,1.4237321963669287,1.101062147310633,0.4874606277449036,0.7152,0.8418320951544562,0.24722920441047305,0
#ff00ff,#556b2f,1.896677433483196,3.1151621438608603,0.2848,0.1265192088488916,1.1339573558518092,0.8278792729477096,0
#ff00ff,#696969,1.7504665845912857,2.49310435171273,0.2848,0.14126329114027164,0.9282196375329118,1.172091523313539,0
#808000,#cd5c5c,1.0550832370068421,1.6957964710140148,0.20027537200567572,0.21406134963883997,0.4911989740843155,0.5660053173562262,0
#ff0000,#556b2f,1.4876567922123276,2.9038557912933176,0.2126,0.1265192088488916,0.8090035450298219,0.7626797406990201,0
#0087be,#800080,2.3364133378926675,1.4279022641290064,0.21045651422754966,0.06147707043243851,0.768997509956377,0.37468751302376807,0
#ff0000,#ffa500,2.024762644185439,1.7126019144752183,0.2126,0.48170267036309633,0.6470588235294118,0.10784313725490197,0
#4169e1,#228b22,1.1042136070953283,1.4720380758177443,0.16663210743188323,0.18920812076002244,0.7704460278900659,0.4480752578401844,0
#008000,#a52a2a,1.3788794846613623,3.417122760148103,0.15438342968146074,0.09822428787651086,0.7480334335345618,0.44379943727442916,0
#4169e1,#8b0000,2.0653330120457833,1.0039801016845622,0.16663210743188323,0.05488967453113127,1.0160268942061013,0.5812251362596382,0
#c0c0c0,#ffa500,1.0854094926995663,1.3190475087597748,0.5271151257058131,0.48170267036309633,0.7994808003779768,1.035696965592116,0
#8b0000,#0000ff,1.1650336465076077,1.8975294305992543,0.05488967453113127,0.0722,1.138916973425537,0.5639564744167093,0
#483d8b,#ff4500,2.635417018192313,4.8169961780884085,0.06579284622798763,0.2551624375341642,0.9017391031927338,0.7249120049389606,0
#ffa500,#dc143c,2.5268397389534587,2.092776399544196,0.48170267036309633,0.1604219995302558,0.6305072623848441,0.216873619349917,0
#0000ff,#8b0000,1.1650336465076077,1.8975294305992543,0.0722,0.05488967453113127,1.138916973425537,0.5639564744167093,0
#0000ff,#ff00ff,2.7397708674304417,5.790767061580343,0.0722,0.2848,1.0,0.16666666666666674,0
#0000ff,#c0c0c0,4.72270970299356,7.0085224855703485,0.0722,0.5271151257058131,1.0931051608759168,1.0826583825911331,1
#808080,#000080,4.053670516206001,4.638673021610486,0.21586050011389923,0.015585128108223528,0.7098797489559064,1.0540925533894598,0
#8b0000,#ff00ff,3.191925244277799,3.0517403146424846,0.05488967453113127,0.2848,1.0986062961431695,0.4844724674356543,0
#ff4500,#00ced1,1.7612279941391304,3.8664775668456017,0.2551624375341642,0.4874606277449036,1.4001427949366432,0.49158866128183665,0
#ffff00,#ffc0cb,1.4322318222624262,1.1397325086423986,0.9278,0.6327107070246613,0.8335340012142967,0.7779750703997301,0
#000080,#0087be,3.9712740028160707,1.794004415621207,0.015585128108223528,0.21045651422754966,0.5825740651026766,0.27044273040263483,0
#556b2f,#008080,1.2461451602017277,1.7801303786452816,0.1265192088488916,0.16996855778968425,0.4677528963146728,0.5232872636206357,0
#228b22,#c0c0c0,2.412606745423934,5.415416810156171,0.18920812076002244,0.5271151257058131,0.900570112905354,0.8514296913984472,0
#cd5c5c,#ff00ff,1.2678871802250127,1.1171560998530397,0.21406134963883997,0.2848,0.7597425655176132,0.5173281891233856,0
#808000,#228b22,1.046266202044019,2.3618587692676325,0.20027537200567572,0.18920812076002244,0.39436632482319783,0.2991151487497136,0
#808000,#ff0000,1.0492442700037012,1.7659645316658101,0.20027537200567572,0.2126,0.707112218357348,0.5251864793948691,0
#808080,#2f4f4f,2.2605618382351693,2.8339777015734193,0.21586050011389923,0.06760815192804356,0.4180289150038734,0.6715657300135196,0
#800000,#ff0000,2.7384991234418585,3.186226536459605,0.045891942324214986,0.2126,0.4980392156862745,0.4980392156862745,0
#483d8b,#556b2f,1.5244396748080464,1.3087930522531694,0.06579284622798763,0.1265192088488916,0.40657797735789086,0.4791193887580495,0
#808000,#ffffff,4.195378840456536,4.171620625584788,0.20027537200567572,1.0,1.223145993216999,1.1295223938192536,0
#8b4513,#daa520,3.1719343574945036,2.771766901405845,0.09792228502052074,0.4191997780956843,0.49021176445491005,0.3139325355866228,0
#bdb76b,#dc143c,2.411693000887837,1.450599479560994,0.45747326349994166,0.1604219995302558,0.6762744813785178,0.5252539453133257,0
#008000,#a52a2a,1.3788794846613623,3.417122760148103,0.15438342968146074,0.09822428787651086,0.7480334335345618,0.44379943727442916,0
#ffc0cb,#ff4500,2.23720426583704,1.531061543929529,0.6327107070246613,0.2551624375341642,0.9308089109791385,0.7565882914538722,0
#483d8b,#00ff00,6.608352976257076,1.1314854519733946,0.06579284622798763,0.7152,0.9775724156084572,0.7258493279750936,0
#0000ff,#ffa500,4.351085682185731,9.244574124678433,0.0722,0.48170267036309633,1.5552122431061512,0.4411764705882353,0
#008000,#a52a2a,1.3788794846613623,3.417122760148103,0.15438342968146074,0.09822428787651086,0.7480334335345618,0.44379943727442916,0
#ff00ff,#8b0000,3.191925244277799,3.0517403146424846,0.2848,0.05488967453113127,1.0986062961431695,0.4844724674356543,0
#00ffff,#808000,3.3459145152364793,1.2632691866332968,0.7874,0.20027537200567572,1.2247480105516604,0.5992947283870521,0
#000080,#696969,2.9162600829972254,3.3371180309098745,0.015585128108223528,0.14126329114027164,0.5892670689807462,1.0579444426223474,0
#a52a2a,#daa520,3.165471629633233,2.435446897970912,0.09822428787651086,0.4191997780956843,0.5266887122537681,0.2627033599051046,0
#800080,#dc143c,1.8875809950332665,2.4775248485349675,0.06147707043243851,0.1604219995302558,0.4554425455986817,0.39523102309670494,0
#800080,#008080,1.9732179625495074,1.707428136362791,0.06147707043243851,0.16996855778968425,0.7098797489559064,0.33333333333333337,0
#ffff00,#00ffff,1.1676618103654168,4.934052200794469,0.9278,0.7874,1.4142135623730951,0.33333333333333337,0
#483d8b,#00ced1,4.641570228670975,1.245835801400568,0.06579284622798763,0.4874606277449036,0.6916762203867644,0.5506403624735461,0
#cd5c5c,#00ff00,2.897811440585961,3.2254387697152467,0.21406134963883997,0.7152,1.0886008924827255,0.5924202803711355,0
#ff00ff,#ffff00,2.9205495818399045,2.0616752079879026,0.2848,0.9278,1.4142135623730951,0.33333333333333326,0
#c0c0c0,#228b22,2.412606745423934,5.415416810156171,0.5271151257058131,0.18920812076002244,0.900570112905354,0.8514296913984472,0
#dc143c,#00ffff,3.979621911536837,1.8256245864150884,0.1604219995302558,0.7874,1.4759379816908873,0.49485467432364383,0
#ff00ff,#00ced1,1.6053184819142883,3.2725842088850756,0.2848,0.4874606277449036,1.2981339933409939,0.3769128126625058,0
#ffc0cb,#c0c0c0,1.1829714325884364,1.4946067421844804,0.6327107070246613,0.5271151257058131,0.2507965012599135,0.35060371555561815,0
#228b22,#c0c0c0,2.412606745423934,5.415416810156171,0.18920812076002244,0.5271151257058131,0.900570112905354,0.8514296913984472,0
#000000,#556b2f,3.530384176977832,3.061409464059076,0.0,0.1265192088488916,0.5667039814025358,0.7364722671289381,0
#ff0000,#483d8b,2.267843036546142,3.800546284389824,0.2126,0.06579284622798763,0.9324019079531277,0.7039305474142061,0
#ffd700,#8b0000,7.1371064657027,5.63209121991778,0.6986087742815887,0.05488967453113127,0.9580272566733304,0.4761118277813433,1
#00ffff,#800080,7.511858687634892,1.3570834151614881,0.7874,0.06147707043243851,1.2247480105516604,0.5992947283870521,0
#ff0000,#696969,1.3729764788341448,2.3239931585220694,0.2126,0.14126329114027164,0.8277204282041347,1.160181348430354,0
#2f4f4f,#8b4513,1.2577553732076696,2.298912770672539,0.06760815192804356,0.09792228502052074,0.4325118644380309,0.6713649238589946,0
#696969,#808080,1.3900236607291168,1.3900236607291168,0.14126329114027164,0.21586050011389923,0.15622419048660466,0.09019607843137256,0
#ffd700,#ffc0cb,1.096524144969279,1.0202457461032046,0.6986087742815887,0.6327107070246613,0.8011717677633033,0.7718111911087628,0
#8b4513,#228b22,1.6171202380144274,2.023714825053093,0.09792228502052074,0.18920812076002244,0.4983633343976013,0.28510122000796195,0
#808000,#ffffff,4.195378840456536,4.171620625584788,0.20027537200567572,1.0,1.223145993216999,1.1295223938192536,0
#bdb76b,#daa520,1.0815718318529388,1.1328932850346647,0.45747326349994166,0.4191997780956843,0.3231429658737673,0.4359271917727358,0
#c0c0c0,#00ced1,1.0737812146859822,3.960784429763283,0.5271151257058131,0.4874606277449036,0.7578780145691787,1.118953896842507,0
#00ff00,#ffa500,1.4391501917367648,5.7524582674446405,0.7152,0.48170267036309633,1.0604562574894085,0.22549019607843135,0
#008080,#cd5c5c,1.200450429335058,4.963849517020916,0.16996855778968425,0.21406134963883997,0.8283426103973663,0.7366031777678838,0
#ff0000,#ff4500,1.1620808740828796,1.2674483660081974,0.2126,0.2551624375341642,0.27058823529411763,0.04509803921568626,0
#4169e1,#ff4500,1.4086667075891233,3.5912623606841123,0.16663210743188323,0.2551624375341642,1.1634640504517444,0.5232398906105573,0
#000000,#ffa500,10.634053407261927,15.224845376596742,0.0,0.48170267036309633,1.1910856900774462,1.4183194782040396,1
#4169e1,#dc143c,1.0295126361097737,2.318731457701579,0.16663210743188323,0.1604219995302558,0.9482982187720586,0.39536891510553523,0
#bdb76b,#000000,10.149465269998833,10.553039868233393,0.45747326349994166,0.0,1.1137462025138378,0.87260565560707,1
#ffd700,#008080,3.4032535458878925,10.234215875647209,0.6986087742815887,0.16996855778968425,1.1697717781994466,0.6142205330109733,0
#556b2f,#ff0000,1.4876567922123276,2.9038557912933176,0.1265192088488916,0.2126,0.8090035450298219,0.7626797406990201,0
#000000,#8b0000,2.097793490622625,3.125032239321269,0.0,0.05488967453113127,0.5450980392156862,1.138916973425537,0
#800000,#008000,2.1313931570019835,1.942193424789478,0.045891942324214986,0.15438342968146074,0.7098797489559064,0.3333333333333333,0
#daa520,#ff0000,1.786747060531928,1.344838445622967,0.4191997780956843,0.2126,0.6748972895213807,0.2383343847201708,0
#696969,#daa520,2.453161687736385,3.1253953469452296,0.14126329114027164,0.4191997780956843,0.5776565099129662,0.9687840228793902,0
#8b4513,#800080,1.3269301430931495,1.4689189532270632,0.09792228502052074,0.06147707043243851,0.5077333517490037,0.2762129842343631,0
#ffc0cb,#000000,13.654214140493226,17.251203157931045,0.6327107070246613,0.0,1.4834625995020876,1.0304779973767844,1
#2f4f4f,#483d8b,1.0156771835151346,1.2467031457774247,0.06760815192804356,0.06579284622798763,0.26449519574772146,0.3404287089050277,0
#808000,#ff4500,1.219306698412354,2.238268860088263,0.20027537200567572,0.2551624375341642,0.5491596460058135,0.5126616735642667,0
#dc143c,#cd5c5c,1.2549132230865983,1.1734326129120234,0.1604219995302558,0.21406134963883997,0.3145332737807931,0.3642022177852709,0
#0000ff,#ffc0cb,5.586830663049601,10.474984959684976,0.0722,0.6327107070246613,1.2682682765788924,0.812082516987202,1
#000000,#00ff00,15.303999999999998,2.6466676799308497,0.0,0.7152,1.0,1.4529663145135578,0
#0000ff,#ff0000,2.148936170212766,5.397970215110491,0.0722,0.2126,1.4142135623730951,0.33333333333333337,0
#ffa500,#ffc0cb,1.284008422523894,1.1330954588510416,0.48170267036309633,0.6327107070246613,0.8030889997758268,0.7652933966654756,0
#ffffff,#a52a2a,7.0838592989212374,4.277907384532211,1.0,0.09822428787651086,1.2328828005937953,0.824784792165378,1
#bdb76b,#8b4513,3.4306748535526053,2.4466266487942274,0.45747326349994166,0.09792228502052074,0.597830243142259,0.47968845615958133,0
#daa520,#ffd700,1.5955011260233896,1.472168770975721,0.4191997780956843,0.6986087742815887,0.27431365541212016,0.2074997682737564,0
#00ced1,#dc143c,2.5542035953689535,2.4964266779535764,0.4874606277449036,0.1604219995302558,1.2719249806801807,0.4750536093915436,0
#c0c0c0,#8b0000,5.502115706675449,3.6934987002320185,0.5271151257058131,0.05488967453113127,1.0849145589187135,1.021371024507725,1
#800000,#c0c0c0,6.018390197526303,4.136877277015687,0.045891942324214986,0.5271151257058131,1.0939981662219729,1.0310146251373995,1
#000080,#228b22,3.6472921172815216,1.859390086641423,0.015585128108223528,0.18920812076002244,0.6714133211002482,0.41569604946991817,0
#8b0000,#8b4513,1.4102654592241812,1.380242433408983,0.05488967453113127,0.09792228502052074,0.28065940917777077,0.15331948334523524,0
#4169e1,#ffffff,4.846926951168387,6.693290695705516,0.16663210743188323,1.0,0.9565734053059191,0.8124929801515247,1
#800080,#228b22,2.145805588827312,1.3776899131209386,0.06147707043243851,0.18920812076002244,0.7542574279311995,0.5582939140218041,0
#0087be,#2f4f4f,2.214612762446138,1.0960394247899796,0.21045651422754966,0.06760815192804356,0.52122943415506,0.7387545571310044,0
#ffa500,#8b4513,3.5944730727309624,3.5297424142479663,0.48170267036309633,0.09792228502052074,0.5951618339679321,0.47654442252954504,0
#cd5c5c,#008080,1.200450429335058,4.963849517020916,0.21406134963883997,0.16996855778968425,0.8283426103973663,0.7366031777678838,0
#8b0000,#000080,1.5992905336412608,2.7262422838278413,0.05488967453113127,0.015585128108223528,0.7410104596735704,0.33611297783868427,0
#ffd700,#2f4f4f,6.365279634183961,9.380733498449908,0.6986087742815887,0.06760815192804356,1.0226275043667796,0.9795632276902815,1
#ff0000,#ffa500,2.024762644185439,1.7126019144752183,0.2126,0.48170267036309633,0.6470588235294118,0.10784313725490197,0
#c0c0c0,#00ced1,1.0737812146859822,3.960784429763283,0.5271151257058131,0.4874606277449036,0.7578780145691787,1.118953896842507,0
#808080,#a52a2a,1.793636548521615,1.0831681873263583,0.21586050011389923,0.09822428787651086,0.4985330267669268,0.7594444813961583,0
#0000ff,#00ffff,6.852700490998363,2.4196502996402858,0.0722,0.7874,1.0,0.16666666666666663,0
#696969,#ffd700,3.9140222351008407,4.601109426725596,0.14126329114027164,0.6986087742815887,0.8376474260115228,1.168660532350414,0
#dc143c,#0000ff,1.7219476229971833,4.417373077549942,0.1604219995302558,0.0722,1.1555326351496134,0.3422036979960647,0
#808080,#bdb76b,1.9087952639919485,1.9846949553830466,0.21586050011389923,0.45747326349994166,0.3324555917594385,0.5189626327623174,0
#ffff00,#0087be,3.7541775558960992,9.561119915636104,0.9278,0.21045651422754966,1.3329007372044972,0.4588872439788233,0
#228b22,#ffa500,2.222761788662306,7.143192052332305,0.18920812076002244,0.48170267036309633,0.8827711427242958,0.5635715519135184,0
#00ced1,#808000,2.147477090685196,1.7274410754627274,0.4874606277449036,0.20027537200567572,1.0086057997859144,0.46218111680842555,0
#000000,#cd5c5c,5.2812269927768,8.536664545401266,0.0,0.21406134963883997,0.9521662305318159,0.9747475771342289,1
#00ced1,#800080,4.821266164064076,1.0076293198148087,0.4874606277449036,0.06147707043243851,1.0027336722070979,0.4587173335190275,0
#ffffff,#c0c0c0,1.8193943517176883,1.8193943517176883,1.0,0.5271151257058131,0.4279184348111344,0.24705882352941178,0
#00ced1,#808000,2.147477090685196,1.7274410754627274,0.4874606277449036,0.20027537200567572,1.0086057997859144,0.46218111680842555,0
#696969,#00ffff,4.378257819404847,1.041734303505192,0.14126329114027164,0.7874,0.9282196375329118,1.2633371526420312,0
#ffd700,#2f4f4f,6.365279634183961,9.380733498449908,0.6986087742815887,0.06760815192804356,1.0226275043667796,0.9795632276902815,1
#8b0000,#bdb76b,4.838162247794215,3.3769379193750093,0.05488967453113127,0.45747326349994166,0.854128090107029,0.618724456578583,1
#0087be,#ffff00,3.7541775558960992,9.561119915636104,0.21045651422754966,0.9278,1.3329007372044972,0.4588872439788233,0
#0000ff,#ffff00,8.00163666121113,11.93868088609315,0.0722,0.9278,1.7320508075688772,0.5,1
#dc143c,#0000ff,1.7219476229971833,4.417373077549942,0.1604219995302558,0.0722,1.1555326351496134,0.3422036979960647,0
#c0c0c0,#a52a2a,3.893526047408784,2.351281007602032,0.5271151257058131,0.09822428787651086,0.8386015711621994,0.7529366188486272,0
#ffff00,#a52a2a,6.596759640462082,4.005294080326805,0.9278,0.09822428787651086,0.9216353751380654,0.4659813732929383,1
#bdb76b,#ffc0cb,1.345313647296691,1.634714108288396,0.45747326349994166,0.6327107070246613,0.45821981398001044,0.36821721102592747,0
#800080,#ff0000,2.3556413797145006,3.027501889653713,0.06147707043243851,0.2126,0.707112218357348,0.5251864793948691,0
#808080,#ffd700,2.8157954038334836,3.3100943219284127,0.21586050011389923,0.6986087742815887,0.7851172354707894,1.1259616951696347,0
#00ffff,#8b4513,5.661080748474312,1.0824087427612306,0.7874,0.09792228502052074,1.2983472177678161,0.6410914236317772,0
#808080,#696969,1.3900236607291168,1.3900236607291168,0.21586050011389923,0.14126329114027164,0.15622419048660466,0.09019607843137256,0
#c0c0c0,#008000,2.823688430149493,8.034615846580868,0.5271151257058131,0.15438342968146074,1.0939981662219729,1.0835599975812709,0
#800080,#00ff00,6.864191865032504,1.109462502568446,0.06147707043243851,0.7152,1.226347935121881,0.7057216592690063,0
#008080,#808000,1.1377779375403658,2.9271493377107594,0.16996855778968425,0.20027537200567572,0.7098797489559064,0.33333333333333337,0
#696969,#ff00ff,1.7504665845912857,2.49310435171273,0.14126329114027164,0.2848,0.9282196375329118,1.172091523313539,0
#0000ff,#ffd700,6.126094715888615,10.687058845613643,0.0722,0.6986087742815887,1.6464751533514297,0.4738562091503269,1
#2f4f4f,#cd5c5c,2.245264000070345,4.54988931359021,0.06760815192804356,0.21406134963883997,0.6237883295206285,0.7179929596369896,0
#daa520,#556b2f,2.6580664005657337,3.9052169086761563,0.4191997780956843,0.1265192088488916,0.5720384508360514,0.5355466408189639,0
#808080,#4169e1,1.2272442126220608,1.6947443921599779,0.21586050011389923,0.16663210743188323,0.4624625258881271,0.889383047594438,0
#ffc0cb,#800000,7.119583673843893,6.183004669817421,0.6327107070246613,0.045891942324214986,1.2036213459734297,0.903222185500469,1
#228b22,#800000,2.49455913564926,1.3090590915626128,0.18920812076002244,0.045891942324214986,0.6714133211002482,0.41569604946991817,0
#0087be,#dc143c,1.2377817662078607,3.537663340658954,0.21045651422754966,0.1604219995302558,1.0989142171923179,0.4440512026163907,0
#00ff00,#800080,6.864191865032504,1.109462502568446,0.7152,0.06147707043243851,1.226347935121881,0.7057216592690063,0
#000080,#696969,2.9162600829972254,3.3371180309098745,0.015585128108223528,0.14126329114027164,0.5892670689807462,1.0579444426223474,0
#000080,#00ffff,12.76813851180083,3.476390327644516,0.015585128108223528,0.7874,1.1171584759385749,0.5251864793948691,1
#bdb76b,#800000,5.29213666132814,3.7823155978578096,0.45747326349994166,0.045891942324214986,0.865050396000225,0.6337170870970168,1
#000080,#ffc0cb,10.409535312610881,15.049751776727504,0.015585128108223528,0.6327107070246613,1.2858559816465964,0.9526390054777669,1
#ffd700,#4169e1,3.4556686132824415,5.6097637896087615,0.6986087742815887,0.16663210743188323,1.2328017184014235,0.5762080391923737,0
#a52a2a,#4169e1,1.4615155892154765,1.56461795313912,0.09822428787651086,0.16663210743188323,0.8543081225880257,0.44403580180184765,0
#808080,#ffffff,3.9494396480491156,3.9494396480491156,0.21586050011389923,1.0,0.862629225730382,0.4980392156862745,0
#ff00ff,#ff4500,1.0971206112564813,1.1814753479369924,0.2848,0.2551624375341642,1.0359623511882972,0.21176470588235285,0
#800080,#008080,1.9732179625495074,1.707428136362791,0.06147707043243851,0.16996855778968425,0.7098797489559064,0.33333333333333337,0
#0000ff,#483d8b,1.0553328981947396,1.4203142946270246,0.0722,0.06579284622798763,0.5864154857063391,0.6325161026734958,0
#8b0000,#ffd700,7.1371064657027,5.63209121991778,0.05488967453113127,0.6986087742815887,0.9580272566733304,0.4761118277813433,1
#556b2f,#808000,1.4178364702502306,1.644345477626411,0.1265192088488916,0.20027537200567572,0.2630375896115138,0.4510645074678369,0
#000000,#a52a2a,2.9644857575302175,4.908942179517602,0.0,0.09822428787651086,0.6877071880317874,0.9871107336292668,0
#4169e1,#ffff00,4.513643021764236,6.26675502568116,0.16663210743188323,0.9278,1.2960472838949602,0.5544069489262632,1
#c0c0c0,#00ffff,1.4510103144079924,2.896502228694891,0.5271151257058131,0.7874,0.8300581544641239,1.1450057040398258,0
#0000ff,#483d8b,1.0553328981947396,1.4203142946270246,0.0722,0.06579284622798763,0.5864154857063391,0.6325161026734958,0
#ff4500,#00ffff,2.7441123054545327,2.827536082350336,0.2551624375341642,0.7874,1.591238989747093,0.4549019607843137,0
#808080,#ff4500,1.1478291713264186,2.119058412169751,0.21586050011389923,0.2551624375341642,0.744003323776232,1.1180683760407943,0
#0000ff,#ffffff,8.592471358428805,12.751266224133104,0.0722,1.0,1.4142135623730951,1.0540925533894598,1
#808080,#696969,1.3900236607291168,1.3900236607291168,0.21586050011389923,0.14126329114027164,0.15622419048660466,0.09019607843137256,0
#0087be,#00ff00,2.9379184554834272,1.28702165311884,0.21045651422754966,0.7152,0.8812629433036954,0.333410104838047,0
#228b22,#ffd700,3.129529097520086,8.25778589464774,0.18920812076002244,0.6986087742815887,0.9261297225420306,0.5513102013625201,0
#ffc0cb,#00ff00,1.1208261304921339,6.518084340071653,0.6327107070246613,0.7152,1.3018367528919725,0.8356307317611298,0
#ffc0cb,#800000,7.119583673843893,6.183004669817421,0.6327107070246613,0.045891942324214986,1.2036213459734297,0.903222185500469,1
#000080,#808000,3.816038471293226,4.391616781623347,0.015585128108223528,0.20027537200567572,0.8694215818384953,0.5,0
#008080,#4169e1,1.0154014582480584,1.8243577197679062,0.16996855778968425,0.16663210743188323,0.46669961986140224,0.49374080561175826,0
#000080,#2f4f4f,1.793213725739403,1.6368064642975497,0.015585128108223528,0.06760815192804356,0.4085024836196398,0.6470330171080054,0
#ff00ff,#00ced1,1.6053184819142883,3.2725842088850756,0.2848,0.4874606277449036,1.2981339933409939,0.3769128126625058,0
#00ffff,#ff4500,2.7441123054545327,2.827536082350336,0.7874,0.2551624375341642,1.591238989747093,0.4549019607843137,0
#2f4f4f,#800080,1.0549985882461885,1.565037176232266,0.06760815192804356,0.06147707043243851,0.4835311610419513,0.7085090391527985,0
#000000,#2f4f4f,2.3521630385608714,1.876235652569136,0.0,0.06760815192804356,0.47531935479493775,0.714181167245296,0
#0000ff,#4169e1,1.7727668365947888,1.9050817906824888,0.0722,0.16663210743188323,0.49836333439760133,0.3146962530510887,0
#808080,#808000,1.0622719206581384,1.056256329336599,0.21586050011389923,0.20027537200567572,0.5019607843137255,1.0137937550497031,0
#8b4513,#800080,1.3269301430931495,1.4689189532270632,0.09792228502052074,0.06147707043243851,0.5077333517490037,0.2762129842343631,0
#808080,#ff0000,1.0124162228252065,1.6719090647011379,0.21586050011389923,0.2126,0.8671633746527239,1.1171584759385749,0
#8b0000,#0087be,2.483147320189712,1.5196407879987464,0.05488967453113127,0.21045651422754966,1.0642273145380374,0.49404658205328666,0
#808000,#808080,1.0622719206581384,1.056256329336599,0.20027537200567572,0.21586050011389923,0.5019607843137255,1.0137937550497031,0
#696969,#2f4f4f,1.6262757981036267,2.038798174188558,0.14126329114027164,0.06760815192804356,0.26930642687669637,0.6515153654108422,0
#000080,#8b4513,2.2554241988584782,3.7628752838930026,0.015585128108223528,0.09792228502052074,0.7436828666001299,0.42752203936304156,0
#556b2f,#ffd700,4.240947935147566,5.749138376839382,0.1265192088488916,0.6986087742815887,0.8110444848948039,0.7330832754466083,0
#8b4513,#8b0000,1.4102654592241812,1.380242433408983,0.09792228502052074,0.05488967453113127,0.28065940917777077,0.15331948334523524,0
#696969,#ffd700,3.9140222351008407,4.601109426725596,0.14126329114027164,0.6986087742815887,0.8376474260115228,1.168660532350414,0
#ffa500,#000080,8.107061550382603,13.281980489082487,0.48170267036309633,0.015585128108223528,1.2925361697438555,0.6653418208425588,1
#ffff00,#8b4513,6.610227795388323,4.558400173494235,0.9278,0.09792228502052074,0.8628609547877303,0.48484253890133533,1
#808000,#000000,5.005507440113514,5.034014807388236,0.20027537200567572,0.0,0.7098797489559064,1.131257002969099,1
#ffa500,#ffffff,1.9747879003183522,1.379324353091998,0.48170267036309633,1.0,1.0604562574894085,1.0057982612099603,0
#8b0000,#556b2f,1.682903580719003,1.0207821841570441,0.05488967453113127,0.1265192088488916,0.5048629339571424,0.5104636328248452,0
#ff0000,#800080,2.3556413797145006,3.027501889653713,0.2126,0.06147707043243851,0.707112218357348,0.5251864793948691,0
#ffa500,#00ced1,1.0108292805410874,5.224462834813764,0.48170267036309633,0.4874606277449036,1.3029231029006585,0.43383223392625025,0
#bdb76b,#cd5c5c,1.9218006126001372,1.2362017755422237,0.45747326349994166,0.21406134963883997,0.36708060937526465,0.2038898950156968,0
#daa520,#ff00ff,1.4014330289596306,1.2536159366125708,0.4191997780956843,0.2848,1.0974998675382353,0.35257093725627464,0
#556b2f,#228b22,1.3551393206435418,1.436351911081935,0.1265192088488916,0.18920812076002244,0.24155080148132535,0.2545144716359966,0
#00ff00,#ffa500,1.4391501917367648,5.7524582674446405,0.7152,0.48170267036309633,1.0604562574894085,0.22549019607843135,0
#ff4500,#cd5c5c,1.1556497683267115,1.3198923917738032,0.2551624375341642,0.21406134963883997,0.4204133737695444,0.4918175582723773,0
#00ffff,#dc143c,3.979621911536837,1.8256245864150884,0.7874,0.1604219995302558,1.4759379816908873,0.49485467432364383,0
#ffff00,#ff00ff,2.9205495818399045,2.0616752079879026,0.9278,0.2848,1.4142135623730951,0.33333333333333326,0
#008080,#8b0000,2.097142152199143,1.8171253759978363,0.16996855778968425,0.05488967453113127,0.8950201843168044,0.5018573729262894,0
#ffd700,#ff00ff,2.23598797575146,1.8455342326785058,0.6986087742815887,0.2848,1.3080062807966994,0.30718954248366015,0
#dc143c,#ff4500,1.450240175530154,1.548804778041834,0.1604219995302558,0.2551624375341642,0.3333564005859358,0.1823591267858698,0
#808000,#a52a2a,1.6884909726413124,1.0254785294462205,0.20027537200567572,0.09822428787651086,0.4023957474458148,0.3370824931552611,0
#ffffff,#ff00ff,3.1362007168458783,2.201999508620053,1.0,0.2848,1.0,1.0137937550497031,0
#696969,#800080,1.7157186710982697,1.3027154914599817,0.14126329114027164,0.06147707043243851,0.43106941220547906,1.0177981677828742,0
#800000,#00ffff,8.73274625274262,1.428232036569047,0.045891942324214986,0.7874,1.5006547334376588,0.7057216592690063,0
#0087be,#dc143c,1.2377817662078607,3.537663340658954,0.21045651422754966,0.1604219995302558,1.0989142171923179,0.4440512026163907,0
#483d8b,#cd5c5c,2.2804634158393733,3.649537044163765,0.06579284622798763,0.21406134963883997,0.5663782426307442,0.40383449792413323,0
#ff4500,#ffd700,2.453148494718584,1.5620590272163069,0.2551624375341642,0.6986087742815887,0.5725490196078431,0.09542483660130721,0
#ffd700,#daa520,1.5955011260233896,1.472168770975721,0.6986087742815887,0.4191997780956843,0.27431365541212016,0.2074997682737564,0
#ff00ff,#8b0000,3.191925244277799,3.0517403146424846,0.2848,0.05488967453113127,1.0986062961431695,0.4844724674356543,0
#808080,#ff4500,1.1478291713264186,2.119058412169751,0.21586050011389923,0.2551624375341642,0.744003323776232,1.1180683760407943,0
#ffd700,#008000,3.6627664749941995,12.251713899912227,0.6986087742815887,0.15438342968146074,1.0565989703208332,0.5340589226752603,0
#008000,#800000,2.1313931570019835,1.942193424789478,0.15438342968146074,0.045891942324214986,0.7098797489559064,0.3333333333333333,0
#000080,#ffd700,11.414306808188163,15.354445230115381,0.015585128108223528,0.6986087742815887,1.4010157242488268,0.6874465559676023,1
#228b22,#2f4f4f,2.0339416684855114,1.1359865244907845,0.18920812076002244,0.06760815192804356,0.29850325072917744,0.4537332748229228,0
#bdb76b,#000000,10.149465269998833,10.553039868233393,0.45747326349994166,0.0,1.1137462025138378,0.87260565560707,1
#483d8b,#ffc0cb,5.8959661953593745,7.375117605526679,0.06579284622798763,0.6327107070246613,0.9175632607959388,0.619998586226518,1
#808080,#ff0000,1.0124162228252065,1.6719090647011379,0.21586050011389923,0.2126,0.8671633746527239,1.1171584759385749,0
#dc143c,#bdb76b,2.411693000887837,1.450599479560994,0.1604219995302558,0.45747326349994166,0.6762744813785178,0.5252539453133257,0
#2f4f4f,#ff4500,2.5947388215136,6.00536428842065,0.06760815192804356,0.2551624375341642,0.87341882181057,1.0184577105395838,0
#ffff00,#ff0000,3.7235338918507237,2.211698177339568,0.9278,0.2126,1.0,0.16666666666666666,0
#bdb76b,#000080,7.737627083117812,9.206350945661764,0.45747326349994166,0.015585128108223528,1.0349598390817447,0.7846588350360539,1
#00ffff,#228b22,3.5007172722204256,1.8696401323316971,0.7874,0.18920812076002244,0.9878383890162916,0.5427198571790974,0
#000000,#ff4500,6.103248750683283,11.267478584600303,0.0,0.2551624375341642,1.0359623511882972,1.4149324482607286,1
#483d8b,#800000,1.207534683534585,1.192804793036726,0.06579284622798763,0.045891942324214986,0.634494776719216,0.5389278656906945,0
#000080,#000000,1.3117025621644707,1.1462782518850445,0.015585128108223528,0.0,0.5019607843137255,1.1675083469080474,0
#ff4500,#0087be,1.1716444813799392,5.4791498851160245,0.2551624375341642,0.21045651422754966,1.2736407293346985,0.5584239805197571,0
#daa520,#dc143c,2.229803818722005,1.6433744096694294,0.4191997780956843,0.1604219995302558,0.5791852846907514,0.16261322539046583,0
#2f4f4f,#00ff00,6.506351706539644,1.410626472376622,0.06760815192804356,0.7152,0.7786659398647284,0.9263358419115042,0
#c0c0c0,#ffc0cb,1.1829714325884364,1.4946067421844804,0.5271151257058131,0.6327107070246613,0.2507965012599135,0.35060371555561815,0
#808080,#ffd700,2.8157954038334836,3.3100943219284127,0.21586050011389923,0.6986087742815887,0.7851172354707894,1.1259616951696347,0
#808000,#800000,2.609972912629962,1.804241523160197,0.20027537200567572,0.045891942324214986,0.5019607843137255,0.16666666666666666,0
#ffa500,#00ffff,1.5749403692634172,3.8206240488771313,0.48170267036309633,0.7874,1.4575896109839843,0.39215686274509803,0
#ffa500,#800080,4.769614668743368,5.1849055322982895,0.48170267036309633,0.06147707043243851,0.9584846427864749,0.5686815390097145,1
#4169e1,#ffc0cb,3.1514751673610046,5.498443694605022,0.16663210743188323,0.6327107070246613,0.8240241277826835,0.5906198439166849,0
#00ffff,#8b4513,5.661080748474312,1.0824087427612306,0.7874,0.09792228502052074,1.2983472177678161,0.6410914236317772,0
#0087be,#008080,1.184062471676414,1.1957598074153135,0.21045651422754966,0.16996855778968425,0.24468199984010194,0.24787771984364332,0
#808000,#ff4500,1.219306698412354,2.238268860088263,0.20027537200567572,0.2551624375341642,0.5491596460058135,0.5126616735642667,0
#483d8b,#8b0000,1.1039489515588143,1.3359926304885545,0.06579284622798763,0.05488967453113127,0.6506850263070509,0.5371986798731457,0
#bdb76b,#800080,4.552265874330628,3.5938962558842547,0.45747326349994166,0.06147707043243851,0.7609359056571469,0.6934447628770837,1
#008000,#00ced1,2.6296683081527514,2.0285415652022896,0.15438342968146074,0.4874606277449036,0.8748262858264682,0.3598341329488921,0
#c0c0c0,#ffa500,1.0854094926995663,1.3190475087597748,0.5271151257058131,0.48170267036309633,0.7994808003779768,1.035696965592116,0
#808080,#dc143c,1.2634634244870016,1.3681894853455276,0.21586050011389923,0.1604219995302558,0.616971307899518,0.9786330840173041,0
#ffd700,#556b2f,4.240947935147566,5.749138376839382,0.6986087742815887,0.1265192088488916,0.8110444848948039,0.7330832754466083,0
#8b0000,#000000,2.097793490622625,3.125032239321269,0.05488967453113127,0.0,0.5450980392156862,1.138916973425537,0
#ffff00,#ffffff,1.0738392309265699,1.0680632429824386,0.9278,1.0,1.0,1.0137937550497031,0
#ff00ff,#8b0000,3.191925244277799,3.0517403146424846,0.2848,0.05488967453113127,1.0986062961431695,0.4844724674356543,0
#0087be,#808000,1.0406797606184082,2.4479408987979943,0.21045651422754966,0.20027537200567572,0.8988266091724262,0.4524579735136219,0
#696969,#00ced1,2.8100563602177715,1.3126543245720357,0.14126329114027164,0.4874606277449036,0.7019717383305687,1.1890960446576668,0
#00ffff,#cd5c5c,3.1712327500610087,2.1422474286334894,0.7874,0.21406134963883997,1.2097451283899459,0.699893332932886,0
#ffd700,#000080,11.414306808188163,15.354445230115381,0.6986087742815887,0.015585128108223528,1.4010157242488268,0.6874465559676023,1
#ffa500,#ff00ff,1.5881202818491529,1.596433430384872,0.48170267036309633,0.2848,1.1910856900774462,0.27450980392156854,0
#008080,#ffffff,4.7734094842951285,12.210956551361056,0.16996855778968425,1.0,1.223145993216999,1.223945693387333,1
#228b22,#ff4500,1.2757193884747255,5.286474935178131,0.18920812076002244,0.2551624375341642,0.9188277974342891,0.5914783600215723,0
#ffa500,#0000ff,4.351085682185731,9.244574124678433,0.48170267036309633,0.0722,1.5552122431061512,0.4411764705882353,0
#008080,#ff0000,1.1938069815008578,5.169241909286268,0.16996855778968425,0.2126,1.226347935121881,0.7057216592690063,0
#808080,#008000,1.3007928310443406,3.7013186659812636,0.21586050011389923,0.15438342968146074,0.7098797489559064,1.0540925533894598,0
#ffa500,#00ff00,1.4391501917367648,5.7524582674446405,0.48170267036309633,0.7152,1.0604562574894085,0.22549019607843135,0
#483d8b,#008000,1.7650782094003004,1.6282575624506892,0.06579284622798763,0.15438342968146074,0.6677499848681587,0.5672585616427119,0
#ffff00,#008080,4.4451807559464545,11.432802908995747,0.9278,0.16996855778968425,1.2247480105516604,0.5992947283870521,0
#8b0000,#ffa500,5.069161218583885,4.871900259148511,0.05488967453113127,0.48170267036309633,0.7909620187042358,0.4675103594343049,1
#008000,#00ced1,2.6296683081527514,2.0285415652022896,0.15438342968146074,0.4874606277449036,0.8748262858264682,0.3598341329488921,0
#808000,#000000,5.005507440113514,5.034014807388236,0.20027537200567572,0.0,0.7098797489559064,1.131257002969099,1
#a52a2a,#bdb76b,3.4236849491409234,2.1497584372180225,0.09822428787651086,0.45747326349994166,0.6160982760373992,0.360290485054902,0
#000000,#0087be,5.2091302845509935,2.0564282454123277,0.0,0.21045651422754966,0.914028393788758,1.3263683927482572,0
#0000ff,#cd5c5c,2.160894841561702,5.183489632596654,0.0722,0.21406134963883997,1.0886008924827257,0.5924202803711355,0
#dc143c,#483d8b,1.8172279755171603,3.110137730966051,0.1604219995302558,0.06579284622798763,0.6772629630411414,0.5462706893273783,0
#ff0000,#bdb76b,1.9324952913173714,1.1870830760390791,0.2126,0.45747326349994166,0.8706765544319682,0.6413757255276394,0
#cd5c5c,#800000,2.7537386691577965,3.0596264078320123,0.21406134963883997,0.045891942324214986,0.5928835950876918,0.5409105670050683,0
#a52a2a,#4169e1,1.4615155892154765,1.56461795313912,0.09822428787651086,0.16663210743188323,0.8543081225880257,0.44403580180184765,0
#ffc0cb,#0000ff,5.586830663049601,10.474984959684976,0.6327107070246613,0.0722,1.2682682765788924,0.812082516987202,1
#daa520,#483d8b,4.052061879296621,5.111120757616953,0.4191997780956843,0.06579284622798763,0.8186691312625157,0.604419137751466,0
#a52a2a,#0087be,1.7571783812147042,2.3871205768880723,0.09822428787651086,0.21045651422754966,0.9426295971790262,0.5277187712036278,0
#008080,#008000,1.0762543623644714,1.1971326429673765,0.16996855778968425,0.15438342968146074,0.5019607843137255,0.16666666666666669,0
#ff00ff,#000080,5.104815827264052,8.319783485040423,0.2848,0.015585128108223528,1.1171584759385749,0.5251864793948692,1
#ffff00,#800080,8.771310514412942,6.695920411239215,0.9278,0.06147707043243851,1.2247480105516604,0.5992947283870521,1
#000080,#808080,4.053670516206001,4.638673021610486,0.015585128108223528,0.21586050011389923,0.7098797489559064,1.0540925533894598,0
#808080,#00ff00,2.87820116065446,2.0090206422957144,0.21586050011389923,0.7152,0.8671633746527239,1.1658276765768218,0
#696969,#808080,1.3900236607291168,1.3900236607291168,0.14126329114027164,0.21586050011389923,0.15622419048660466,0.09019607843137256,0
#ffffff,#ffd700,1.4026017808936917,1.1931501836322989,1.0,0.6986087742815887,1.0122281960110044,1.0098250732814462,0
#ff0000,#800000,2.7384991234418585,3.186226536459605,0.2126,0.045891942324214986,0.4980392156862745,0.4980392156862745,0
#ffffff,#8b0000,10.010518239222488,6.719930673278758,1.0,0.05488967453113127,1.48557591321528,1.0986062961431695,1
#0087be,#008080,1.184062471676414,1.1957598074153135,0.21045651422754966,0.16996855778968425,0.24468199984010194,0.24787771984364332,0
#8b0000,#800000,1.093831994522486,1.120042976258748,0.05488967453113127,0.045891942324214986,0.04313725490196074,0.04313725490196074,0
#daa520,#800080,4.208935310872259,4.071500935402495,0.4191997780956843,0.06147707043243851,0.8276368158570144,0.47730524705053684,0
#808000,#556b2f,1.4178364702502306,1.644345477626411,0.20027537200567572,0.1265192088488916,0.2630375896115138,0.4510645074678369,0
#c0c0c0,#008080,2.623625537689813,6.711550214406627,0.5271151257058131,0.16996855778968425,0.8324077905205709,1.14585826228518,0
#800080,#ff00ff,3.0033082023168878,3.247805660802468,0.06147707043243851,0.2848,0.7043338134171885,0.4980392156862745,0
#228b22,#4169e1,1.1042136070953283,1.4720380758177443,0.18920812076002244,0.16663210743188323,0.7704460278900659,0.4480752578401844,0
#ff0000,#0087be,1.0082297260976842,4.322976802891382,0.2126,0.21045651422754966,1.3547870329509568,0.5187070800078043,0
#4169e1,#ff0000,1.212193349882684,2.8334585116036872,0.16663210743188323,0.2126,1.2260782902638026,0.4877731240784836,0
#008080,#800080,1.9732179625495074,1.707428136362791,0.16996855778968425,0.06147707043243851,0.7098797489559064,0.33333333333333337,0
#cd5c5c,#00ffff,3.1712327500610087,2.1422474286334894,0.21406134963883997,0.7874,1.2097451283899459,0.699893332932886,0
#556b2f,#c0c0c0,3.2694182659738162,3.7702576704040434,0.1265192088488916,0.5271151257058131,0.7813571725797802,0.6909643763167895,0
#8b0000,#000080,1.5992905336412608,2.7262422838278413,0.05488967453113127,0.015585128108223528,0.7410104596735704,0.33611297783868427,0
#ffff00,#8b4513,6.610227795388323,4.558400173494235,0.9278,0.09792228502052074,0.8628609547877303,0.48484253890133533,1
#cd5c5c,#ff00ff,1.2678871802250127,1.1171560998530397,0.21406134963883997,0.2848,0.7597425655176132,0.5173281891233856,0
#800080,#0087be,2.3364133378926675,1.4279022641290064,0.06147707043243851,0.21045651422754966,0.768997509956377,0.37468751302376807,0
#4169e1,#8b0000,2.0653330120457833,1.0039801016845622,0.16663210743188323,0.05488967453113127,1.0160268942061013,0.5812251362596382,0
#daa520,#8b0000,4.473269463300944,3.82571029283888,0.4191997780956843,0.05488967453113127,0.7282934712314603,0.3629439457753853,0
#800080,#daa520,4.208935310872259,4.071500935402495,0.06147707043243851,0.4191997780956843,0.8276368158570144,0.47730524705053684,0
#808000,#dc143c,1.1893973660757347,1.4451588036279974,0.20027537200567572,0.1604219995302558,0.6040743376931673,0.4224094978102295,0
#ffc0cb,#00ffff,1.2265810267565511,4.329131759759758,0.6327107070246613,0.7874,1.0500581262174096,0.8880691003060038,0
#2f4f4f,#696969,1.6262757981036267,2.038798174188558,0.06760815192804356,0.14126329114027164,0.26930642687669637,0.6515153654108422,0
#800000,#ff0000,2.7384991234418585,3.186226536459605,0.045891942324214986,0.2126,0.4980392156862745,0.4980392156862745,0
#ffa500,#800080,4.769614668743368,5.1849055322982895,0.48170267036309633,0.06147707043243851,0.9584846427864749,0.5686815390097145,1
#800000,#ff00ff,3.4914299563150575,3.4180803047809767,0.045891942324214986,0.2848,1.1171584759385749,0.5251864793948691,0
#ff0000,#dc143c,1.2479683711124592,1.2219864884277398,0.2126,0.1604219995302558,0.283467299898058,0.16797167032953192,0
#556b2f,#696969,1.0835267866173228,1.2495113338199364,0.1265192088488916,0.14126329114027164,0.24072171377604398,0.6052951123458193,0
#808080,#0087be,1.02074813103591,2.5856530681973044,0.21586050011389923,0.21045651422754966,0.558420907590862,1.1239207044804345,0
#cd5c5c,#556b2f,1.4959354925779687,2.7884752580867223,0.21406134963883997,0.1265192088488916,0.5060191333554487,0.4468450976768176,0
#ff0000,#8b4513,1.7752565136725034,2.0610407967046815,0.2126,0.09792228502052074,0.5345142635004502,0.4800444332545303,0
#a52a2a,#808080,1.793636548521615,1.0831681873263583,0.09822428787651086,0.21586050011389923,0.4985330267669268,0.7594444813961583,0
#008080,#556b2f,1.2461451602017277,1.7801303786452816,0.16996855778968425,0.1265192088488916,0.4677528963146728,0.5232872636206357,0
#4169e1,#000080,3.303067534981613,2.7370930053342293,0.16663210743188323,0.015585128108223528,0.6158111525660765,0.47946959678092116,0
#ff4500,#daa520,1.537541061367212,1.061059749406998,0.2551624375341642,0.4191997780956843,0.42252968428533916,0.2192896209568113,0
#ff0000,#008080,1.1938069815008578,5.169241909286268,0.2126,0.16996855778968425,1.226347935121881,0.7057216592690063,0
#696969,#0087be,1.3617694889320504,1.8601503997716393,0.14126329114027164,0.21045651422754966,0.5426804903175705,1.1468187024763967,0
#00ffff,#ffd700,1.1186083155432165,4.416778262215173,0.7874,0.6986087742815887,1.422886475021705,0.35947712418300654,0
#2f4f4f,#808080,2.2605618382351693,2.8339777015734193,0.06760815192804356,0.21586050011389923,0.4180289150038734,0.6715657300135196,0
#daa520,#808000,1.8747341152090817,2.374936995790739,0.4191997780956843,0.20027537200567572,0.4017072371074274,0.38518811080026655,0
#8b4513,#c0c0c0,3.901475194395165,2.675978227324641,0.09792228502052074,0.5271151257058131,0.8579815014464464,0.890687565150194,0
#800000,#0000ff,1.2743510772452211,1.6941576982496915,0.045891942324214986,0.0722,1.1189122525867927,0.5992947283870521,0
#00ffff,#00ff00,1.0943544171458444,1.5056331619791978,0.7874,0.7152,1.0,0.16666666666666669,0
#228b22,#daa520,1.9614709425621604,5.609265769966483,0.18920812076002244,0.4191997780956843,0.7287789791571659,0.389114161711338,0
#8b0000,#2f4f4f,1.1212557618637424,1.6655862151655374,0.05488967453113127,0.06760815192804356,0.5675581561998501,0.8119809168628165,0
#0000ff,#0087be,2.131395370110881,1.2486697156228341,0.0722,0.21045651422754966,0.5875813358341841,0.28106681646551407,0
#808080,#000080,4.053670516206001,4.638673021610486,0.21586050011389923,0.015585128108223528,0.7098797489559064,1.0540925533894598,0
#483d8b,#daa520,4.052061879296621,5.111120757616953,0.06579284622798763,0.4191997780956843,0.8186691312625157,0.604419137751466,0
#cd5c5c,#daa520,1.7768589713618246,1.4004846904597148,0.21406134963883997,0.4191997780956843,0.3740526930089544,0.3286345915455054,0
#ffffff,#000000,21.0,21.0,1.0,0.0,1.7320508075688772,1.0,1
#ffa500,#696969,2.7799514856886365,3.9800751325122055,0.48170267036309633,0.14126329114027164,0.7556019163920664,1.165182776863207,0
#800080,#ffffff,9.41897733701533,7.151666469180461,0.06147707043243851,1.0,1.223145993216999,1.1295223938192536,1
#bdb76b,#0087be,1.9483991982499778,5.131732600821887,0.45747326349994166,0.21045651422754966,0.8310950332232566,0.689626812240661,0
#ffff00,#800080,8.771310514412942,6.695920411239215,0.9278,0.06147707043243851,1.2247480105516604,0.5992947283870521,1
#008080,#ff00ff,1.5220357098495323,5.545394766692481,0.16996855778968425,0.2848,1.2247480105516604,0.5992947283870521,0
#ffa500,#2f4f4f,4.52096782107765,8.114569913299169,0.48170267036309633,0.06760815192804356,0.9354482546563233,0.9920218340491277,1
#0000ff,#ff4500,2.4972376230291666,6.84164852890271,0.0722,0.2551624375341642,1.4398673525986985,0.3784313725490196,0
#dc143c,#808000,1.1893973660757347,1.4451588036279974,0.1604219995302558,0.20027537200567572,0.6040743376931673,0.4224094978102295,0
#0000ff,#daa520,3.8396053853983987,7.2593978736082665,0.0722,0.4191997780956843,1.383585877643694,0.4973578271336937,0
#00ffff,#a52a2a,5.6495464542063285,1.2318826288011002,0.7874,0.09822428787651086,1.3468918468306295,0.6628430149576858,0
#2f4f4f,#808080,2.2605618382351693,2.8339777015734193,0.06760815192804356,0.21586050011389923,0.4180289150038734,0.6715657300135196,0
#cd5c5c,#008000,1.2919900113741585,5.942386291603585,0.21406134963883997,0.15438342968146074,0.8924046197675947,0.6353702484448384,0
#8b4513,#0087be,1.7607658926538179,2.0974726991349337,0.09792228502052074,0.21045651422754966,0.9021142239477368,0.5365956514084141,0
#00ced1,#228b22,2.2468326996477392,1.3672586595377585,0.4874606277449036,0.18920812076002244,0.7468503646166532,0.40468241051250187,0
#c0c0c0,#a52a2a,3.893526047408784,2.351281007602032,0.5271151257058131,0.09822428787651086,0.8386015711621994,0.7529366188486272,0
#dc143c,#cd5c5c,1.2549132230865983,1.1734326129120234,0.1604219995302558,0.21406134963883997,0.3145332737807931,0.3642022177852709,0
#483d8b,#ffff00,8.44439040797722,8.40566129007964,0.06579284622798763,0.9278,1.1793820184340666,0.7915632297150966,1
#dc143c,#483d8b,1.8172279755171603,3.110137730966051,0.1604219995302558,0.06579284622798763,0.6772629630411414,0.5462706893273783,0
#ff4500,#8b0000,2.9093658541536604,3.6055559500555763,0.2551624375341642,0.05488967453113127,0.5292955573259596,0.45713195804550016,0
#008080,#ff0000,1.1938069815008578,5.169241909286268,0.16996855778968425,0.2126,1.226347935121881,0.7057216592690063,0
#ffffff,#556b2f,5.9483611265154,6.859585510053406,1.0,0.1265192088488916,1.2027649806241936,0.8385557309896153,1
#000000,#00ced1,10.749212554898072,2.9141455988823126,0.0,0.4874606277449036,1.1508116922163876,1.3854134384170995,0
#800000,#ffd700,7.806795400498914,6.308184212517473,0.045891942324214986,0.6986087742815887,0.9792463893040471,0.5174840470867461,1
#000080,#0000ff,1.863227282233176,1.436732542781628,0.015585128108223528,0.0722,0.4980392156862745,0.4980392156862745,0
#800000,#000000,1.9178388464843,2.7901002957580587,0.045891942324214986,0.0,0.5019607843137255,1.1189122525867927,0
#008080,#ff0000,1.1938069815008578,5.169241909286268,0.16996855778968425,0.2126,1.226347935121881,0.7057216592690063,0
#4169e1,#ffc0cb,3.1514751673610046,5.498443694605022,0.16663210743188323,0.6327107070246613,0.8240241277826835,0.5906198439166849,0
#ffc0cb,#8b0000,6.508845699793192,5.52032805961639,0.6327107070246613,0.05488967453113127,1.186421964583809,0.880172170625871,1
#800080,#ffffff,9.41897733701533,7.151666469180461,0.06147707043243851,1.0,1.223145993216999,1.1295223938192536,1
#8b4513,#800080,1.3269301430931495,1.4689189532270632,0.09792228502052074,0.06147707043243851,0.5077333517490037,0.2762129842343631,0
#0087be,#556b2f,1.4755137184560587,1.488702302591279,0.21045651422754966,0.1265192088488916,0.6615489844475082,0.6337082269421553,0
#000000,#ff0000,5.252,8.88989160172812,0.0,0.2126,1.0,1.4142135623730951,1
#00ffff,#228b22,3.5007172722204256,1.8696401323316971,0.7874,0.18920812076002244,0.9878383890162916,0.5427198571790974,0
#ffd700,#a52a2a,5.050513549474917,3.5853888665624702,0.6986087742815887,0.09822428787651086,0.7822816813583522,0.4572827802422404,1
#daa520,#696969,2.453161687736385,3.1253953469452296,0.4191997780956843,0.14126329114027164,0.5776565099129662,0.9687840228793902,0
#bdb76b,#dc143c,2.411693000887837,1.450599479560994,0.45747326349994166,0.1604219995302558,0.6762744813785178,0.5252539453133257,0
#228b22,#696969,1.2506744986657596,1.794737992250803,0.18920812076002244,0.14126329114027164,0.4157232687940857,0.8363680574177093,0
#000080,#556b2f,2.691451765674883,2.6707385043942122,0.015585128108223528,0.1265192088488916,0.6229618825519334,0.6263769462441056,0
#a52a2a,#0000ff,1.2129647125737386,2.980725171900245,0.09822428787651086,0.0722,1.0693593464148083,0.5481532391487859,0
#cd5c5c,#daa520,1.7768589713618246,1.4004846904597148,0.21406134963883997,0.4191997780956843,0.3740526930089544,0.3286345915455054,0
#0087be,#c0c0c0,2.2157830354805887,5.61279127529293,0.21045651422754966,0.5271151257058131,0.7854599467514484,1.0973347438409733,0
#800080,#2f4f4f,1.0549985882461885,1.565037176232266,0.06147707043243851,0.06760815192804356,0.4835311610419513,0.7085090391527985,0
#daa520,#808080,1.764834482349469,2.248447587795627,0.4191997780956843,0.21586050011389923,0.5360513210868043,0.9309883620930889,0
#8b0000,#ffffff,10.010518239222488,6.719930673278758,0.05488967453113127,1.0,1.48557591321528,1.0986062961431695,1
#8b4513,#bdb76b,3.4306748535526053,2.4466266487942274,0.09792228502052074,0.45747326349994166,0.597830243142259,0.47968845615958133,0
#2f4f4f,#008080,1.8703512824882078,1.0909824777922037,0.06760815192804356,0.16996855778968425,0.32835966439889086,0.6251991262390812,0
#bdb76b,#ffd700,1.4751688968175065,1.6678101150761295,0.45747326349994166,0.6986087742815887,0.5087319045541225,0.6226523335966615,0
#008000,#ff00ff,1.638097572400064,6.638573093348028,0.15438342968146074,0.2848,1.5006547334376588,0.7057216592690063,0
#cd5c5c,#800000,2.7537386691577965,3.0596264078320123,0.21406134963883997,0.045891942324214986,0.5928835950876918,0.5409105670050683,0
#ff4500,#dc143c,1.450240175530154,1.548804778041834,0.2551624375341642,0.1604219995302558,0.3333564005859358,0.1823591267858698,0
#8b4513,#ffc0cb,4.615333699921896,3.9995351004982824,0.09792228502052074,0.6327107070246613,0.9799293025052862,0.7722769064364736,1
#8b0000,#2f4f4f,1.1212557618637424,1.6655862151655374,0.05488967453113127,0.06760815192804356,0.5675581561998501,0.8119809168628165,0
#000000,#00ffff,16.748,3.984910627642433,0.0,0.7874,1.4142135623730951,1.5,1
#ffd700,#a52a2a,5.050513549474917,3.5853888665624702,0.6986087742815887,0.09822428787651086,0.7822816813583522,0.4572827802422404,1
#228b22,#696969,1.2506744986657596,1.794737992250803,0.18920812076002244,0.14126329114027164,0.4157232687940857,0.8363680574177093,0
#0000ff,#808080,2.1756178405392737,3.2286266813652365,0.0722,0.21586050011389923,0.8671633746527239,1.1658276765768218,0
#696969,#008000,1.0685972643415764,2.6627738581369114,0.14126329114027164,0.15438342968146074,0.5892670689807462,1.0579444426223474,0
#556b2f,#ff00ff,1.896677433483196,3.1151621438608603,0.1265192088488916,0.2848,1.1339573558518092,0.8278792729477096,0
#ffff00,#696969,5.112324451652805,5.139971432852887,0.9278,0.14126329114027164,0.9282196375329118,1.172091523313539,1
#ff00ff,#ffd700,2.23598797575146,1.8455342326785058,0.2848,0.6986087742815887,1.3080062807966994,0.30718954248366015,0
#0000ff,#ff0000,2.148936170212766,5.397970215110491,0.0722,0.2126,1.4142135623730951,0.33333333333333337,0
#00ff00,#bdb76b,1.5078626895978096,3.987293134024713,0.7152,0.45747326349994166,0.897293979678308,0.647682717537622,0
#c0c0c0,#ff0000,2.19769659446235,1.2983625707958617,0.5271151257058131,0.2126,1.0931051608759168,1.030067018345766,0
#2f4f4f,#8b0000,1.1212557618637424,1.6655862151655374,0.06760815192804356,0.05488967453113127,0.5675581561998501,0.8119809168628165,0
#696969,#8b4513,1.2929984898065787,1.127582317748301,0.14126329114027164,0.09792228502052074,0.38916505819781255,0.8763009453304264,0
#a52a2a,#008000,1.3788794846613623,3.417122760148103,0.09822428787651086,0.15438342968146074,0.7480334335345618,0.44379943727442916,0
#800000,#ff00ff,3.4914299563150575,3.4180803047809767,0.045891942324214986,0.2848,1.1171584759385749,0.5251864793948691,0
#800080,#000000,2.22954140864877,2.936378547643103,0.06147707043243851,0.0,0.7098797489559064,1.131257002969099,0
#ffff00,#ff4500,3.204195142433057,1.745000614348706,0.9278,0.2551624375341642,0.7294117647058824,0.1215686274509804,0
#ffa500,#696969,2.7799514856886365,3.9800751325122055,0.48170267036309633,0.14126329114027164,0.7556019163920664,1.165182776863207,0
#0000ff,#ffffff,8.592471358428805,12.751266224133104,0.0722,1.0,1.4142135623730951,1.0540925533894598,1
#ffd700,#800080,6.715361027856294,5.99393652809799,0.6986087742815887,0.06147707043243851,1.1004036168396867,0.585156795545194,1
#2f4f4f,#cd5c5c,2.245264000070345,4.54988931359021,0.06760815192804356,0.21406134963883997,0.6237883295206285,0.7179929596369896,0
#ffa500,#00ff00,1.4391501917367648,5.7524582674446405,0.48170267036309633,0.7152,1.0604562574894085,0.22549019607843135,0
#cd5c5c,#daa520,1.7768589713618246,1.4004846904597148,0.21406134963883997,0.4191997780956843,0.3740526930089544,0.3286345915455054,0
#c0c0c0,#000000,11.542302514116262,11.542302514116262,0.5271151257058131,0.0,1.3041323727577427,0.7529411764705882,1
#228b22,#0000ff,1.9575132631753065,1.2941796968289565,0.18920812076002244,0.0722,1.032482814019524,0.6147179651757652,0
#ffc0cb,#a52a2a,4.6059300861235615,3.5142404467323156,0.6327107070246613,0.09822428787651086,0.9323194361106255,0.611402167542485,1
#000080,#ffd700,11.414306808188163,15.354445230115381,0.015585128108223528,0.6986087742815887,1.4010157242488268,0.6874465559676023,1
#800080,#000000,2.22954140864877,2.936378547643103,0.06147707043243851,0.0,0.7098797489559064,1.131257002969099,0
#ffffff,#ffa500,1.9747879003183522,1.379324353091998,1.0,0.48170267036309633,1.0604562574894085,1.0057982612099603,0
#ff4500,#800080,2.737445793564427,3.837202323128329,0.2551624375341642,0.06147707043243851,0.7571166901012252,0.5411906789837007,0
#8b4513,#ff4500,2.062991641129868,2.6122627900595816,0.09792228502052074,0.2551624375341642,0.4609636697244631,0.4756184126818774,0
#808080,#00ced1,2.0215888690296087,1.8246205695135271,0.21586050011389923,0.4874606277449036,0.6681528992744996,1.1612549387597138,0
#800080,#808080,2.3848895479813126,1.8108053563277344,0.06147707043243851,0.21586050011389923,0.5019607843137255,1.0137937550497031,0
#8b0000,#228b22,2.2805688150841337,1.4662024410123617,0.05488967453113127,0.18920812076002244,0.6960314814323733,0.41345179015747396,0
#ff4500,#8b0000,2.9093658541536604,3.6055559500555763,0.2551624375341642,0.05488967453113127,0.5292955573259596,0.45713195804550016,0
#808080,#556b2f,1.5061278704318677,1.7368503183589095,0.21586050011389923,0.1265192088488916,0.3689402094158328,0.6108213037772618,0
#0000ff,#00ff00,6.261865793780687,1.6070649616003319,0.0722,0.7152,1.4142135623730951,0.3333333333333333,0
#800000,#00ffff,8.73274625274262,1.428232036569047,0.045891942324214986,0.7874,1.5006547334376588,0.7057216592690063,0
#4169e1,#800000,2.259127327919172,1.1245008611953375,0.16663210743188323,0.045891942324214986,1.004557090511478,0.6072725772881137,0
#008000,#ffa500,2.601495978376403,10.598040016274304,0.15438342968146074,0.48170267036309633,1.0104718902494205,0.5467073155618908,0
#c0c0c0,#a52a2a,3.893526047408784,2.351281007602032,0.5271151257058131,0.09822428787651086,0.8386015711621994,0.7529366188486272,0
#ffa500,#8b0000,5.069161218583885,4.871900259148511,0.48170267036309633,0.05488967453113127,0.7909620187042358,0.4675103594343049,1
#008000,#00ced1,2.6296683081527514,2.0285415652022896,0.15438342968146074,0.4874606277449036,0.8748262858264682,0.3598341329488921,0
#00ff00,#0087be,2.9379184554834272,1.28702165311884,0.7152,0.21045651422754966,0.8812629433036954,0.333410104838047,0
#696969,#556b2f,1.0835267866173228,1.2495113338199364,0.14126329114027164,0.1265192088488916,0.24072171377604398,0.6052951123458193,0
#483d8b,#ffd700,6.465069291134212,7.524432364049447,0.06579284622798763,0.6986087742815887,1.0848365934316049,0.7761063298340323,1
#ffffff,#8b4513,7.098321932049233,4.868659672113964,1.0,0.09792228502052074,1.2631347590237776,0.9782951307936856,1
#008080,#8b4513,1.4870548934473855,2.5080735507764667,0.16996855778968425,0.09792228502052074,0.7303283298865193,0.453787662116636,0
#c0c0c0,#000080,8.79948156468494,10.069372331835702,0.5271151257058131,0.015585128108223528,1.0939981662219729,1.0835599975812709,1
#008000,#00ff00,3.7439434360828225,1.8423497439786156,0.15438342968146074,0.7152,0.4980392156862745,0.4980392156862745,0
#008000,#800000,2.1313931570019835,1.942193424789478,0.15438342968146074,0.045891942324214986,0.7098797489559064,0.3333333333333333,0
#daa520,#00ff00,1.6308618113710023,4.517177617001421,0.4191997780956843,0.7152,0.9333662871097875,0.2974289358669696,0
#4169e1,#000080,3.303067534981613,2.7370930053342293,0.16663210743188323,0.015585128108223528,0.6158111525660765,0.47946959678092116,0
#228b22,#0087be,1.0888280606863008,1.0364467726226723,0.18920812076002244,0.21045651422754966,0.6263225146432919,0.38212374968030777,0
#00ff00,#556b2f,4.334938984771032,1.1567033848915487,0.7152,0.1265192088488916,0.6942173407967966,0.7354859931582544,0
#ffc0cb,#ff00ff,2.0391598178753325,1.808911470327089,0.6327107070246613,0.2848,0.7800669339078498,0.7654050283541249,0
#808000,#0087be,1.0406797606184082,2.4479408987979943,0.20027537200567572,0.21045651422754966,0.8988266091724262,0.4524579735136219,0
#00ffff,#c0c0c0,1.4510103144079924,2.896502228694891,0.7874,0.5271151257058131,0.8300581544641239,1.1450057040398258,0
#ffffff,#00ffff,1.2538810604251254,5.26987979462518,1.0,0.7874,1.0,1.118033988749895,0
#800080,#ff0000,2.3556413797145006,3.027501889653713,0.06147707043243851,0.2126,0.707112218357348,0.5251864793948691,0
#800080,#a52a2a,1.329639246003897,1.671767484971509,0.06147707043243851,0.09822428787651086,0.4023957474458148,0.3370824931552611,0
#8b0000,#ffffff,10.010518239222488,6.719930673278758,0.05488967453113127,1.0,1.48557591321528,1.0986062961431695,1
#bdb76b,#483d8b,4.38259598957231,4.511564173902365,0.45747326349994166,0.06579284622798763,0.6746579864589246,0.5198309358297847,0
#8b4513,#ff0000,1.7752565136725034,2.0610407967046815,0.09792228502052074,0.2126,0.5345142635004502,0.4800444332545303,0
#483d8b,#008080,1.8996731227815429,1.3601312870515896,0.06579284622798763,0.16996855778968425,0.3880966280388394,0.48022305711915514,0
#8b0000,#800080,1.0628030922085863,1.0642470610029453,0.05488967453113127,0.06147707043243851,0.5038109285727406,0.17215864932745756,0
#a52a2a,#008080,1.4840250605416652,2.8544228412968136,0.09822428787651086,0.16996855778968425,0.8038450465732951,0.5795229326040419,0
#696969,#dc143c,1.1001692916385784,1.9018157569910765,0.14126329114027164,0.1604219995302558,0.5879084059045079,1.0153525034256843,0
#bdb76b,#ffa500,1.047745188970251,1.442697608148563,0.45747326349994166,0.48170267036309633,0.4980392156862745,0.624239995155418,0
#a52a2a,#808000,1.6884909726413124,1.0254785294462205,0.09822428787651086,0.20027537200567572,0.4023957474458148,0.3370824931552611,0
#483d8b,#800080,1.0387144708665872,1.2553406811661914,0.06579284622798763,0.06147707043243851,0.3275859766346212,0.4636212558968276,0
#dc143c,#daa520,2.229803818722005,1.6433744096694294,0.1604219995302558,0.4191997780956843,0.5791852846907514,0.16261322539046583,0
#a52a2a,#daa520,3.165471629633233,2.435446897970912,0.09822428787651086,0.4191997780956843,0.5266887122537681,0.2627033599051046,0
#800000,#bdb76b,5.29213666132814,3.7823155978578096,0.045891942324214986,0.45747326349994166,0.865050396000225,0.6337170870970168,1
#0087be,#0000ff,2.131395370110881,1.2486697156228341,0.21045651422754966,0.0722,0.5875813358341841,0.28106681646551407,0
#808000,#a52a2a,1.6884909726413124,1.0254785294462205,0.20027537200567572,0.09822428787651086,0.4023957474458148,0.3370824931552611,0
#800000,#daa520,4.893005259079002,4.284959942694986,0.045891942324214986,0.4191997780956843,0.7476632828135352,0.40039644354582926,1
#0087be,#696969,1.3617694889320504,1.8601503997716393,0.21045651422754966,0.14126329114027164,0.5426804903175705,1.1468187024763967,0
#a52a2a,#483d8b,1.2800815655283928,2.0986377333356243,0.09822428787651086,0.06579284622798763,0.5322220255738758,0.3746435846897768,0
#ffff00,#a52a2a,6.596759640462082,4.005294080326805,0.9278,0.09822428787651086,0.9216353751380654,0.4659813732929383,1
#556b2f,#00ff00,4.334938984771032,1.1567033848915487,0.1265192088488916,0.7152,0.6942173407967966,0.7354859931582544,0
#00ff00,#00ced1,1.4237321963669287,1.101062147310633,0.7152,0.4874606277449036,0.8418320951544562,0.24722920441047305,0
#00ff00,#8b0000,7.2952843396695695,1.1807422076514411,0.7152,0.05488967453113127,1.138916973425537,0.5639564744167093,0
#ff00ff,#ffd700,2.23598797575146,1.8455342326785058,0.2848,0.6986087742815887,1.3080062807966994,0.30718954248366015,0
#8b4513,#ffd700,5.060824839054757,4.080508672673826,0.09792228502052074,0.6986087742815887,0.7350509401801661,0.48028353130296675,1
#00ced1,#008080,2.443352055154987,1.6945002520139032,0.4874606277449036,0.16996855778968425,0.4409803485645014,0.31765606761312454,0
#008000,#00ff00,3.7439434360828225,1.8423497439786156,0.15438342968146074,0.7152,0.4980392156862745,0.4980392156862745,0
#800000,#ffc0cb,7.119583673843893,6.183004669817421,0.045891942324214986,0.6327107070246613,1.2036213459734297,0.903222185500469,1
#483d8b,#00ced1,4.641570228670975,1.245835801400568,0.06579284622798763,0.4874606277449036,0.6916762203867644,0.5506403624735461,0
#008080,#ff4500,1.387300260548761,6.551747211425974,0.16996855778968425,0.2551624375341642,1.1425838636304475,0.6745212037340359,0
#00ced1,#0000ff,4.398204809696429,1.7694783974873416,0.4874606277449036,0.0722,0.827739007578739,0.24398234194649626,0
#ffa500,#808080,1.9999310545767641,2.8633146650356402,0.48170267036309633,0.21586050011389923,0.7218456416260244,1.1223516394670519,0
#2f4f4f,#ff4500,2.5947388215136,6.00536428842065,0.06760815192804356,0.2551624375341642,0.87341882181057,1.0184577105395838,0
#808080,#daa520,1.764834482349469,2.248447587795627,0.21586050011389923,0.4191997780956843,0.5360513210868043,0.9309883620930889,0
#8b0000,#0000ff,1.1650336465076077,1.8975294305992543,0.05488967453113127,0.0722,1.138916973425537,0.5639564744167093,0
#2f4f4f,#808080,2.2605618382351693,2.8339777015734193,0.06760815192804356,0.21586050011389923,0.4180289150038734,0.6715657300135196,0
#0000ff,#a52a2a,1.2129647125737386,2.980725171900245,0.0722,0.09822428787651086,1.0693593464148083,0.5481532391487859,0
#800080,#8b0000,1.0628030922085863,1.0642470610029453,0.06147707043243851,0.05488967453113127,0.5038109285727406,0.17215864932745756,0
#ffc0cb,#556b2f,3.867628409829847,5.6350525339586355,0.6327107070246613,0.1265192088488916,0.964267395963836,0.7079846104590103,0
#4169e1,#0087be,1.2022987603970312,1.5256891128589898,0.16663210743188323,0.21045651422754966,0.31249759706880836,0.32891782256450014,0
#228b22,#808080,1.1114192079649958,2.4947282740380863,0.18920812076002244,0.21586050011389923,0.5230996253038991,0.8267977820793737,0
#4169e1,#000080,3.303067534981613,2.7370930053342293,0.16663210743188323,0.015585128108223528,0.6158111525660765,0.47946959678092116,0
#00ff00,#00ffff,1.0943544171458444,1.5056331619791978,0.7152,0.7874,1.0,0.16666666666666669,0
#008080,#2f4f4f,1.8703512824882078,1.0909824777922037,0.16996855778968425,0.06760815192804356,0.32835966439889086,0.6251991262390812,0
#000000,#00ff00,15.303999999999998,2.6466676799308497,0.0,0.7152,1.0,1.4529663145135578,0
#8b0000,#daa520,4.473269463300944,3.82571029283888,0.05488967453113127,0.4191997780956843,0.7282934712314603,0.3629439457753853,0
#bdb76b,#008080,2.307026370492212,6.136319586465665,0.45747326349994166,0.16996855778968425,0.7763022198125978,0.7050714869878663,0
#228b22,#00ced1,2.2468326996477392,1.3672586595377585,0.18920812076002244,0.4874606277449036,0.7468503646166532,0.40468241051250187,0
#dc143c,#800080,1.8875809950332665,2.4775248485349675,0.1604219995302558,0.06147707043243851,0.4554425455986817,0.39523102309670494,0
#800080,#c0c0c0,5.176985037973149,3.930795136540124,0.06147707043243851,0.5271151257058131,0.8324077905205709,1.044398839057661,1
#800080,#008080,1.9732179625495074,1.707428136362791,0.06147707043243851,0.16996855778968425,0.7098797489559064,0.33333333333333337,0
#000000,#cd5c5c,5.2812269927768,8.536664545401266,0.0,0.21406134963883997,0.9521662305318159,0.9747475771342289,1
#2f4f4f,#228b22,2.0339416684855114,1.1359865244907845,0.06760815192804356,0.18920812076002244,0.29850325072917744,0.4537332748229228,0
#000080,#800000,1.4620988795810765,2.4340514976793495,0.015585128108223528,0.045891942324214986,0.7098797489559064,0.33333333333333337,0
#008000,#000000,4.087668593629214,1.4365717956544357,0.15438342968146074,0.0,0.5019607843137255,1.1675083469080474,0
#dc143c,#00ff00,3.6365018948029464,2.7487209186311152,0.1604219995302558,0.7152,1.2841266141202308,0.4019301125402603,0
#4169e1,#228b22,1.1042136070953283,1.4720380758177443,0.16663210743188323,0.18920812076002244,0.7704460278900659,0.4480752578401844,0
#800080,#dc143c,1.8875809950332665,2.4775248485349675,0.06147707043243851,0.1604219995302558,0.4554425455986817,0.39523102309670494,0
#ff00ff,#cd5c5c,1.2678871802250127,1.1171560998530397,0.2848,0.21406134963883997,0.7597425655176132,0.5173281891233856,0
#ff0000,#8b4513,1.7752565136725034,2.0610407967046815,0.2126,0.09792228502052074,0.5345142635004502,0.4800444332545303,0
#8b0000,#cd5c5c,2.5175151969841085,2.7317044726730106,0.05488967453113127,0.21406134963883997,0.5721190972497846,0.5180671246195293,0
#bdb76b,#00ff00,1.5078626895978096,3.987293134024713,0.45747326349994166,0.7152,0.897293979678308,0.647682717537622,0
#800000,#228b22,2.49455913564926,1.3090590915626128,0.045891942324214986,0.18920812076002244,0.6714133211002482,0.41569604946991817,0
#ffd700,#00ff00,1.0221627454665265,6.650047820700017,0.6986087742815887,0.7152,1.0122281960110044,0.19281045751633985,0
#556b2f,#808080,1.5061278704318677,1.7368503183589095,0.1265192088488916,0.21586050011389923,0.3689402094158328,0.6108213037772618,0
#ffffff,#00ced1,1.9536314769802343,7.206228819882682,1.0,0.4874606277449036,1.0341496942694668,1.1314392202288999,0
#483d8b,#800080,1.0387144708665872,1.2553406811661914,0.06579284622798763,0.06147707043243851,0.3275859766346212,0.4636212558968276,0
#008080,#ffa500,2.417175780510715,8.852853590229195,0.16996855778968425,0.48170267036309633,1.1282810243787171,0.6339006746797775,0
#daa520,#0087be,1.8014514994459483,5.81370540406459,0.4191997780956843,0.21045651422754966,1.062361554405981,0.46658864386918697,0
#ff00ff,#8b4513,2.2633506503334124,2.211017601527555,0.2848,0.09792228502052074,1.0661547214369458,0.5304418760096049,0
#483d8b,#800000,1.207534683534585,1.192804793036726,0.06579284622798763,0.045891942324214986,0.634494776719216,0.5389278656906945,0
#0087be,#dc143c,1.2377817662078607,3.537663340658954,0.21045651422754966,0.1604219995302558,1.0989142171923179,0.4440512026163907,0
#800080,#dc143c,1.8875809950332665,2.4775248485349675,0.06147707043243851,0.1604219995302558,0.4554425455986817,0.39523102309670494,0
#00ffff,#00ff00,1.0943544171458444,1.5056331619791978,0.7874,0.7152,1.0,0.16666666666666669,0
#800000,#000080,1.4620988795810765,2.4340514976793495,0.045891942324214986,0.015585128108223528,0.7098797489559064,0.33333333333333337,0
#000000,#ffc0cb,13.654214140493226,17.251203157931045,0.0,0.6327107070246613,1.4834625995020876,1.0304779973767844,1
#00ced1,#0000ff,4.398204809696429,1.7694783974873416,0.4874606277449036,0.0722,0.827739007578739,0.24398234194649626,0
#ffff00,#4169e1,4.513643021764236,6.26675502568116,0.9278,0.16663210743188323,1.2960472838949602,0.5544069489262632,1
#dc143c,#800080,1.8875809950332665,2.4775248485349675,0.1604219995302558,0.06147707043243851,0.4554425455986817,0.39523102309670494,0
#dc143c,#483d8b,1.8172279755171603,3.110137730966051,0.1604219995302558,0.06579284622798763,0.6772629630411414,0.5462706893273783,0
#c0c0c0,#ff0000,2.19769659446235,1.2983625707958617,0.5271151257058131,0.2126,1.0931051608759168,1.030067018345766,0
#ffff00,#808000,3.906896600188953,3.9057805359315965,0.9278,0.20027537200567572,0.7043338134171885,0.4980392156862745,0
#0000ff,#a52a2a,1.2129647125737386,2.980725171900245,0.0722,0.09822428787651086,1.0693593464148083,0.5481532391487859,0
#ff4500,#808080,1.1478291713264186,2.119058412169751,0.2551624375341642,0.21586050011389923,0.744003323776232,1.1180683760407943,0
#008080,#cd5c5c,1.200450429335058,4.963849517020916,0.16996855778968425,0.21406134963883997,0.8283426103973663,0.7366031777678838,0
#008000,#bdb76b,2.482947195332116,7.345988484638122,0.15438342968146074,0.45747326349994166,0.8785976733339617,0.6400995452111656,0
#800000,#bdb76b,5.29213666132814,3.7823155978578096,0.045891942324214986,0.45747326349994166,0.865050396000225,0.6337170870970168,1
#ff4500,#000000,6.103248750683283,11.267478584600303,0.2551624375341642,0.0,1.0359623511882972,1.4149324482607286,1
#0000ff,#000000,2.444,1.6468952675660793,0.0722,0.0,1.0,1.4529663145135578,0
#ffc0cb,#800000,7.119583673843893,6.183004669817421,0.6327107070246613,0.045891942324214986,1.2036213459734297,0.903222185500469,1
#000000,#0087be,5.2091302845509935,2.0564282454123277,0.0,0.21045651422754966,0.914028393788758,1.3263683927482572,0
#808080,#bdb76b,1.9087952639919485,1.9846949553830466,0.21586050011389923,0.45747326349994166,0.3324555917594385,0.5189626327623174,0
#8b4513,#556b2f,1.193323972952444,1.408926885841455,0.09792228502052074,0.1265192088488916,0.2812615070908409,0.36381425121421423,0
#0087be,#800080,2.3364133378926675,1.4279022641290064,0.21045651422754966,0.06147707043243851,0.768997509956377,0.37468751302376807,0
#800000,#0000ff,1.2743510772452211,1.6941576982496915,0.045891942324214986,0.0722,1.1189122525867927,0.5992947283870521,0
#0087be,#808000,1.0406797606184082,2.4479408987979943,0.21045651422754966,0.20027537200567572,0.8988266091724262,0.4524579735136219,0
#00ff00,#808000,3.0574322749688965,1.90201997990158,0.7152,0.20027537200567572,0.707112218357348,0.5251864793948691,0
#0000ff,#bdb76b,4.152809030277755,6.407839087320692,0.0722,0.45747326349994166,1.1837292415664509,0.7908571060675342,0
#00ffff,#008000,4.097201036821427,2.7739028704980884,0.7874,0.15438342968146074,1.1171584759385749,0.5251864793948691,0
#ffa500,#dc143c,2.5268397389534587,2.092776399544196,0.48170267036309633,0.1604219995302558,0.6305072623848441,0.216873619349917,0
#00ffff,#8b4513,5.661080748474312,1.0824087427612306,0.7874,0.09792228502052074,1.2983472177678161,0.6410914236317772,0
#4169e1,#8b4513,1.4644994660664592,1.3747707062053283,0.16663210743188323,0.09792228502052074,0.8699167168152021,0.5783044507709191,0
#ff4500,#2f4f4f,2.5947388215136,6.00536428842065,0.2551624375341642,0.06760815192804356,0.87341882181057,1.0184577105395838,0
#ff4500,#808000,1.219306698412354,2.238268860088263,0.2551624375341642,0.20027537200567572,0.5491596460058135,0.5126616735642667,0
#800000,#00ffff,8.73274625274262,1.428232036569047,0.045891942324214986,0.7874,1.5006547334376588,0.7057216592690063,0
#008080,#a52a2a,1.4840250605416652,2.8544228412968136,0.16996855778968425,0.09822428787651086,0.8038450465732951,0.5795229326040419,0
#0000ff,#800080,1.0961895529364507,1.7829783140871676,0.0722,0.06147707043243851,0.707112218357348,0.5251864793948692,0
#696969,#ff0000,1.3729764788341448,2.3239931585220694,0.14126329114027164,0.2126,0.8277204282041347,1.160181348430354,0
#ff0000,#483d8b,2.267843036546142,3.800546284389824,0.2126,0.06579284622798763,0.9324019079531277,0.7039305474142061,0
#808000,#008080,1.1377779375403658,2.9271493377107594,0.20027537200567572,0.16996855778968425,0.7098797489559064,0.33333333333333337,0
#00ffff,#ffd700,1.1186083155432165,4.416778262215173,0.7874,0.6986087742815887,1.422886475021705,0.35947712418300654,0
#4169e1,#00ff00,3.5322557171752846,1.1854416817011484,0.16663210743188323,0.7152,1.0906614890332063,0.42704457029416526,0
#8b0000,#808000,2.386082072658105,1.6108681197098889,0.05488967453113127,0.20027537200567572,0.5038109285727406,0.17215864932745759,0
#ffc0cb,#00ffff,1.2265810267565511,4.329131759759758,0.6327107070246613,0.7874,1.0500581262174096,0.8880691003060038,0
#c0c0c0,#ffff00,1.694289330580529,1.7034518917037604,0.5271151257058131,0.9278,0.830058154464124,1.0434633870249184,0
#00ffff,#008080,3.8069077163321343,2.3171224064380316,0.7874,0.16996855778968425,0.7043338134171885,0.4980392156862745,0
#00ff00,#800080,6.864191865032504,1.109462502568446,0.7152,0.06147707043243851,1.226347935121881,0.7057216592690063,0
#808000,#696969,1.3085384577123318,1.315990846277008,0.20027537200567572,0.14126329114027164,0.43106941220547906,1.0177981677828742,0
#696969,#808000,1.3085384577123318,1.315990846277008,0.14126329114027164,0.20027537200567572,0.43106941220547906,1.0177981677828742,0
#ffc0cb,#800000,7.119583673843893,6.183004669817421,0.6327107070246613,0.045891942324214986,1.2036213459734297,0.903222185500469,1
#ffd700,#bdb76b,1.4751688968175065,1.6678101150761295,0.6986087742815887,0.45747326349994166,0.5087319045541225,0.6226523335966615,0
#808000,#808080,1.0622719206581384,1.056256329336599,0.20027537200567572,0.21586050011389923,0.5019607843137255,1.0137937550497031,0
#4169e1,#00ffff,3.865539646579435,1.2701031060579582,0.16663210743188323,0.7874,0.6517949073958691,0.33603961161339857,0
#0087be,#ffffff,4.031383139385257,10.211880743638277,0.21045651422754966,1.0,1.1342082246258487,1.1265243161380152,0
#c0c0c0,#ff0000,2.19769659446235,1.2983625707958617,0.5271151257058131,0.2126,1.0931051608759168,1.030067018345766,0
#a52a2a,#ffd700,5.050513549474917,3.5853888665624702,0.09822428787651086,0.6986087742815887,0.7822816813583522,0.4572827802422404,1
#daa520,#4169e1,2.1658829046992367,3.810543940482268,0.4191997780956843,0.16663210743188323,0.9940847734054915,0.5149325081136865,0
#bdb76b,#00ff00,1.5078626895978096,3.987293134024713,0.45747326349994166,0.7152,0.897293979678308,0.647682717537622,0
#800080,#800000,1.1625280261351834,1.0524275962794023,0.06147707043243851,0.045891942324214986,0.5019607843137255,0.16666666666666663,0
#dc143c,#00ffff,3.979621911536837,1.8256245864150884,0.1604219995302558,0.7874,1.4759379816908873,0.49485467432364383,0
#008000,#696969,1.0685972643415764,2.6627738581369114,0.15438342968146074,0.14126329114027164,0.5892670689807462,1.0579444426223474,0
#800000,#228b22,2.49455913564926,1.3090590915626128,0.045891942324214986,0.18920812076002244,0.6714133211002482,0.41569604946991817,0
#cd5c5c,#808080,1.0068133805932598,1.605478162747759,0.21406134963883997,0.21586050011389923,0.36199710904765803,0.6285087635729422,0
#696969,#808000,1.3085384577123318,1.315990846277008,0.14126329114027164,0.20027537200567572,0.43106941220547906,1.0177981677828742,0
#800000,#008000,2.1313931570019835,1.942193424789478,0.045891942324214986,0.15438342968146074,0.7098797489559064,0.3333333333333333,0
#8b4513,#000080,2.2554241988584782,3.7628752838930026,0.09792228502052074,0.015585128108223528,0.7436828666001299,0.42752203936304156,0
#0087be,#008080,1.184062471676414,1.1957598074153135,0.21045651422754966,0.16996855778968425,0.24468199984010194,0.24787771984364332,0
#bdb76b,#483d8b,4.38259598957231,4.511564173902365,0.45747326349994166,0.06579284622798763,0.6746579864589246,0.5198309358297847,0
#556b2f,#483d8b,1.5244396748080464,1.3087930522531694,0.1265192088488916,0.06579284622798763,0.40657797735789086,0.4791193887580495,0
#ffffff,#800080,9.41897733701533,7.151666469180461,1.0,0.06147707043243851,1.223145993216999,1.1295223938192536,1
#ffd700,#800080,6.715361027856294,5.99393652809799,0.6986087742815887,0.06147707043243851,1.1004036168396867,0.585156795545194,1
#800080,#ffa500,4.769614668743368,5.1849055322982895,0.06147707043243851,0.48170267036309633,0.9584846427864749,0.5686815390097145,1
#228b22,#ff00ff,1.3996180352751355,4.4744690986646445,0.18920812076002244,0.2848,1.3414000501636372,0.7188651233706655,0
#c0c0c0,#4169e1,2.6640331968670825,3.678856477369179,0.5271151257058131,0.16663210743188323,0.6174073608961389,0.8142796922372372,0
#800000,#808000,2.609972912629962,1.804241523160197,0.045891942324214986,0.20027537200567572,0.5019607843137255,0.16666666666666666,0
#cd5c5c,#00ff00,2.897811440585961,3.2254387697152467,0.21406134963883997,0.7152,1.0886008924827255,0.5924202803711355,0
#ff00ff,#00ced1,1.6053184819142883,3.2725842088850756,0.2848,0.4874606277449036,1.2981339933409939,0.3769128126625058,0
#00ced1,#00ffff,1.558067617926903,1.3674370385511279,0.4874606277449036,0.7874,0.26356325646347534,0.1804080196936613,0
#ffffff,#ffd700,1.4026017808936917,1.1931501836322989,1.0,0.6986087742815887,1.0122281960110044,1.0098250732814462,0
#0000ff,#8b4513,1.2104933307734922,2.619050638755476,0.0722,0.09792228502052074,1.107647041468384,0.6227760956443902,0
#ffa500,#bdb76b,1.047745188970251,1.442697608148563,0.48170267036309633,0.45747326349994166,0.4980392156862745,0.624239995155418,0
#800000,#c0c0c0,6.018390197526303,4.136877277015687,0.045891942324214986,0.5271151257058131,1.0939981662219729,1.0310146251373995,1
#ffa500,#808080,1.9999310545767641,2.8633146650356402,0.48170267036309633,0.21586050011389923,0.7218456416260244,1.1223516394670519,0
#0087be,#ff0000,1.0082297260976842,4.322976802891382,0.21045651422754966,0.2126,1.3547870329509568,0.5187070800078043,0
#00ffff,#008080,3.8069077163321343,2.3171224064380316,0.7874,0.16996855778968425,0.7043338134171885,0.4980392156862745,0
#000000,#bdb76b,10.149465269998833,10.553039868233393,0.0,0.45747326349994166,1.1137462025138378,0.87260565560707,1
#0000ff,#556b2f,1.4445107107110606,1.8588974808237106,0.0722,0.1265192088488916,0.9759743600920535,0.8499536032122371,0
#ffd700,#0087be,2.8742178958425337,8.558755539516676,0.6986087742815887,0.21045651422754966,1.2859217593780075,0.48084596376776256,0
#dc143c,#ffffff,4.989972542528873,2.8866174534674998,0.1604219995302558,1.0,1.205364148180681,0.9199979892451458,0
#228b22,#808000,1.046266202044019,2.3618587692676325,0.18920812076002244,0.20027537200567572,0.39436632482319783,0.2991151487497136,0
#cd5c5c,#ff0000,1.0055649262712871,1.0413776428074757,0.21406134963883997,0.2126,0.5466053359694408,0.48974552318924125,0
#a52a2a,#808080,1.793636548521615,1.0831681873263583,0.09822428787651086,0.21586050011389923,0.4985330267669268,0.7594444813961583,0
#483d8b,#2f4f4f,1.0156771835151346,1.2467031457774247,0.06579284622798763,0.06760815192804356,0.26449519574772146,0.3404287089050277,0
#808000,#228b22,1.046266202044019,2.3618587692676325,0.20027537200567572,0.18920812076002244,0.39436632482319783,0.2991151487497136,0
#228b22,#800000,2.49455913564926,1.3090590915626128,0.18920812076002244,0.045891942324214986,0.6714133211002482,0.41569604946991817,0
#cd5c5c,#4169e1,1.2189391165013257,2.7208751130520685,0.21406134963883997,0.16663210743188323,0.7589831113547911,0.4151407033811966,0
#0000ff,#800080,1.0961895529364507,1.7829783140871676,0.0722,0.06147707043243851,0.707112218357348,0.5251864793948692,0
#008000,#dc143c,1.029545300508003,5.0641052807086995,0.15438342968146074,0.1604219995302558,0.9894794533590688,0.522373648153058,0
#ffff00,#00ff00,1.277835859905907,7.4288726164525976,0.9278,0.7152,1.0,0.16666666666666666,0
#c0c0c0,#800000,6.018390197526303,4.136877277015687,0.5271151257058131,0.045891942324214986,1.0939981662219729,1.0310146251373995,1
#ff0000,#ffa500,2.024762644185439,1.7126019144752183,0.2126,0.48170267036309633,0.6470588235294118,0.10784313725490197,0
#ffff00,#800000,10.196894298939258,7.0469714232786735,0.9278,0.045891942324214986,1.1171584759385749,0.5251864793948691,1
#ffff00,#ffd700,1.3061562108170015,1.1171156684510273,0.9278,0.6986087742815887,0.1568627450980392,0.026143790849673193,0
#0000ff,#2f4f4f,1.0390436206732157,1.139256205005674,0.0722,0.06760815192804356,0.7786659398647284,0.9263358419115042,0
#c0c0c0,#800080,5.176985037973149,3.930795136540124,0.5271151257058131,0.06147707043243851,0.8324077905205709,1.044398839057661,1
#008080,#00ffff,3.8069077163321343,2.3171224064380316,0.16996855778968425,0.7874,0.7043338134171885,0.4980392156862745,0
#800080,#ff0000,2.3556413797145006,3.027501889653713,0.06147707043243851,0.2126,0.707112218357348,0.5251864793948691,0
#556b2f,#ffff00,5.539340485244531,6.42245256086038,0.1265192088488916,0.9278,0.9029236122708881,0.7304329118574657,1
#c0c0c0,#808000,2.305920558946269,2.292862249267931,0.5271151257058131,0.20027537200567572,0.8324077905205709,1.044398839057661,0
#483d8b,#ff0000,2.267843036546142,3.800546284389824,0.06579284622798763,0.2126,0.9324019079531277,0.7039305474142061,0
#00ffff,#8b4513,5.661080748474312,1.0824087427612306,0.7874,0.09792228502052074,1.2983472177678161,0.6410914236317772,0
#808000,#ff00ff,1.3377265102712839,1.8944693717025647,0.20027537200567572,0.2848,1.2247480105516604,0.5992947283870521,0
#008000,#00ff00,3.7439434360828225,1.8423497439786156,0.15438342968146074,0.7152,0.4980392156862745,0.4980392156862745,0
#ffffff,#c0c0c0,1.8193943517176883,1.8193943517176883,1.0,0.5271151257058131,0.4279184348111344,0.24705882352941178,0
#ffd700,#808000,2.991140391810553,3.4963080782380236,0.6986087742815887,0.20027537200567572,0.6036923425424945,0.49872493236391435,0
#00ff00,#800080,6.864191865032504,1.109462502568446,0.7152,0.06147707043243851,1.226347935121881,0.7057216592690063,0
#228b22,#0000ff,1.9575132631753065,1.2941796968289565,0.18920812076002244,0.0722,1.032482814019524,0.6147179651757652,0
#00ff00,#800000,7.979815419869421,1.0541936628141229,0.7152,0.045891942324214986,1.1189122525867927,0.5992947283870521,0
#a52a2a,#696969,1.2903640414155173,1.2832943923142592,0.09822428787651086,0.14126329114027164,0.42123561858748604,0.7817069790772954,0
#556b2f,#ffd700,4.240947935147566,5.749138376839382,0.1265192088488916,0.6986087742815887,0.8110444848948039,0.7330832754466083,0
#000000,#696969,3.8252658228054326,3.8252658228054326,0.0,0.14126329114027164,0.7131973913518906,0.4117647058823529,0
#008000,#ffd700,3.6627664749941995,12.251713899912227,0.15438342968146074,0.6986087742815887,1.0565989703208332,0.5340589226752603,0
#ffc0cb,#dc143c,3.244483507184318,2.371315434714162,0.6327107070246613,0.1604219995302558,0.8878521443456374,0.6761237364986112,0
#ffd700,#ff0000,2.8507569469976723,1.9798291616536623,0.6986087742815887,0.2126,0.8431372549019608,0.14052287581699346,0
#008080,#ffffff,4.7734094842951285,12.210956551361056,0.16996855778968425,1.0,1.223145993216999,1.223945693387333,1
#ffff00,#bdb76b,1.9268010165822507,1.8631368115526552,0.9278,0.45747326349994166,0.568140426998876,0.6226155187342625,0
#dc143c,#8b0000,2.0061269183155157,2.3279602446824246,0.1604219995302558,0.05488967453113127,0.4030067691472066,0.3320771414901472,0
#ffc0cb,#808080,2.5679283185436583,3.244408844213475,0.6327107070246613,0.21586050011389923,0.6305072623848441,0.556711741783005,0
#a52a2a,#c0c0c0,3.893526047408784,2.351281007602032,0.09822428787651086,0.5271151257058131,0.8386015711621994,0.7529366188486272,0
#0000ff,#008000,1.6725321577860943,1.1464065162269388,0.0722,0.15438342968146074,1.1189122525867927,0.5992947283870521,0
#228b22,#4169e1,1.1042136070953283,1.4720380758177443,0.18920812076002244,0.16663210743188323,0.7704460278900659,0.4480752578401844,0
#c0c0c0,#a52a2a,3.893526047408784,2.351281007602032,0.5271151257058131,0.09822428787651086,0.8386015711621994,0.7529366188486272,0
#ff0000,#ffffff,3.9984767707539985,2.3622335277876476,0.2126,1.0,1.4142135623730951,1.0,0
#ff00ff,#cd5c5c,1.2678871802250127,1.1171560998530397,0.2848,0.21406134963883997,0.7597425655176132,0.5173281891233856,0
#4169e1,#ffff00,4.513643021764236,6.26675502568116,0.16663210743188323,0.9278,1.2960472838949602,0.5544069489262632,1
#ffff00,#008000,4.78414518008597,13.686581562971192,0.9278,0.15438342968146074,1.1171584759385749,0.5251864793948691,1
#a52a2a,#00ced1,3.6259956815759824,1.6845219337703548,0.09822428787651086,0.4874606277449036,1.1230348293749552,0.5849614785709975,0
#008000,#cd5c5c,1.2919900113741585,5.942386291603585,0.15438342968146074,0.21406134963883997,0.8924046197675947,0.6353702484448384,0
#ff00ff,#0087be,1.2854353095868418,4.6375490565108475,0.2848,0.21045651422754966,1.159849915385902,0.38242648614650515,0
#0087be,#800000,2.7161459859362784,1.3567700706224373,0.21045651422754966,0.045891942324214986,1.0427907429781431,0.5130280206380505,0
#ffd700,#ff0000,2.8507569469976723,1.9798291616536623,0.6986087742815887,0.2126,0.8431372549019608,0.14052287581699346,0
#ffc0cb,#483d8b,5.8959661953593745,7.375117605526679,0.6327107070246613,0.06579284622798763,0.9175632607959388,0.619998586226518,1
#800000,#ffc0cb,7.119583673843893,6.183004669817421,0.045891942324214986,0.6327107070246613,1.2036213459734297,0.903222185500469,1
#ffa500,#ff0000,2.024762644185439,1.7126019144752183,0.48170267036309633,0.2126,0.6470588235294118,0.10784313725490197,0
#cd5c5c,#4169e1,1.2189391165013257,2.7208751130520685,0.21406134963883997,0.16663210743188323,0.7589831113547911,0.4151407033811966,0
#ffa500,#800000,5.544810726279645,5.456737666292463,0.48170267036309633,0.045891942324214986,0.816534250027925,0.5095813993999183,1
#bdb76b,#a52a2a,3.4236849491409234,2.1497584372180225,0.45747326349994166,0.09822428787651086,0.6160982760373992,0.360290485054902,0
#2f4f4f,#4169e1,1.8419820725048521,1.6722154176663013,0.06760815192804356,0.16663210743188323,0.5858251277930216,0.6611373896274789,0
#00ced1,#0087be,2.063533059784972,1.4170908250183107,0.4874606277449036,0.21045651422754966,0.2882286247060856,0.08748847471357242,0
#008080,#cd5c5c,1.200450429335058,4.963849517020916,0.16996855778968425,0.21406134963883997,0.8283426103973663,0.7366031777678838,0
#daa520,#00ced1,1.1454835505810892,4.102563718164974,0.4191997780956843,0.4874606277449036,1.1128828626821057,0.4118831569191628,0
#0087be,#000080,3.9712740028160707,1.794004415621207,0.21045651422754966,0.015585128108223528,0.5825740651026766,0.27044273040263483,0
#a52a2a,#ffc0cb,4.6059300861235615,3.5142404467323156,0.09822428787651086,0.6327107070246613,0.9323194361106255,0.611402167542485,1
#4169e1,#00ffff,3.865539646579435,1.2701031060579582,0.16663210743188323,0.7874,0.6517949073958691,0.33603961161339857,0
#00ff00,#c0c0c0,1.3259052932708333,4.361069809269682,0.7152,0.5271151257058131,1.0931051608759168,1.0826583825911331,0
#00ffff,#daa520,1.784740827028329,3.0001847269778925,0.7874,0.4191997780956843,1.27286772044712,0.433160076299512,0
#ffffff,#dc143c,4.989972542528873,2.8866174534674998,1.0,0.1604219995302558,1.205364148180681,0.9199979892451458,0
#808080,#228b22,1.1114192079649958,2.4947282740380863,0.21586050011389923,0.18920812076002244,0.5230996253038991,0.8267977820793737,0
#00ff00,#228b22,3.1988880543385116,1.2417633853614127,0.7152,0.18920812076002244,0.4924341067401494,0.5164949811941275,0
#800080,#a52a2a,1.329639246003897,1.671767484971509,0.06147707043243851,0.09822428787651086,0.4023957474458148,0.3370824931552611,0
#c0c0c0,#8b4513,3.901475194395165,2.675978227324641,0.5271151257058131,0.09792228502052074,0.8579815014464464,0.890687565150194,0
#ffd700,#ff00ff,2.23598797575146,1.8455342326785058,0.6986087742815887,0.2848,1.3080062807966994,0.30718954248366015,0
#ffc0cb,#008080,3.103674060896525,10.03112820096184,0.6327107070246613,0.16996855778968425,1.0721456745977345,1.0181894653156232,0
#800080,#cd5c5c,2.3687503503142047,2.907208456570852,0.06147707043243851,0.21406134963883997,0.4911989740843155,0.5660053173562262,0
#ffff00,#dc143c,4.6468525257949835,2.7026652891892113,0.9278,0.1604219995302558,0.9609843729288507,0.2590431835084294,0
#bdb76b,#008080,2.307026370492212,6.136319586465665,0.45747326349994166,0.16996855778968425,0.7763022198125978,0.7050714869878663,0
#00ff00,#556b2f,4.334938984771032,1.1567033848915487,0.7152,0.1265192088488916,0.6942173407967966,0.7354859931582544,0
#000000,#696969,3.8252658228054326,3.8252658228054326,0.0,0.14126329114027164,0.7131973913518906,0.4117647058823529,0
#808000,#ffffff,4.195378840456536,4.171620625584788,0.20027537200567572,1.0,1.223145993216999,1.1295223938192536,0
#c0c0c0,#008000,2.823688430149493,8.034615846580868,0.5271151257058131,0.15438342968146074,1.0939981662219729,1.0835599975812709,0
#ff4500,#2f4f4f,2.5947388215136,6.00536428842065,0.2551624375341642,0.06760815192804356,0.87341882181057,1.0184577105395838,0
#800000,#ffc0cb,7.119583673843893,6.183004669817421,0.045891942324214986,0.6327107070246613,1.2036213459734297,0.903222185500469,1
#800080,#228b22,2.145805588827312,1.3776899131209386,0.06147707043243851,0.18920812076002244,0.7542574279311995,0.5582939140218041,0
#8b4513,#ffffff,7.098321932049233,4.868659672113964,0.09792228502052074,1.0,1.2631347590237776,0.9782951307936856,1
#556b2f,#000080,2.691451765674883,2.6707385043942122,0.1265192088488916,0.015585128108223528,0.6229618825519334,0.6263769462441056,0
#00ced1,#bdb76b,1.0590915155571845,3.621315239801639,0.4874606277449036,0.45747326349994166,0.8470406679245287,0.6691129253819181,0
#008080,#a52a2a,1.4840250605416652,2.8544228412968136,0.16996855778968425,0.09822428787651086,0.8038450465732951,0.5795229326040419,0
#8b4513,#800000,1.5425934800693555,1.545930843074014,0.09792228502052074,0.045891942324214986,0.28395514913537334,0.1592723665100968,0
#000080,#228b22,3.6472921172815216,1.859390086641423,0.015585128108223528,0.18920812076002244,0.6714133211002482,0.41569604946991817,0
#000080,#000000,1.3117025621644707,1.1462782518850445,0.015585128108223528,0.0,0.5019607843137255,1.1675083469080474,0
#0087be,#00ffff,3.215124038972585,1.9377824811210134,0.21045651422754966,0.7874,0.5351899632923992,0.25942754072247315,0
#ffff00,#ffa500,1.8389977227916998,1.2914257298476073,0.9278,0.48170267036309633,0.3529411764705882,0.05882352941176469,0
#bdb76b,#000080,7.737627083117812,9.206350945661764,0.45747326349994166,0.015585128108223528,1.0349598390817447,0.7846588350360539,1
#bdb76b,#cd5c5c,1.9218006126001372,1.2362017755422237,0.45747326349994166,0.21406134963883997,0.36708060937526465,0.2038898950156968,0
#00ffff,#696969,4.378257819404847,1.041734303505192,0.7874,0.14126329114027164,0.9282196375329118,1.2633371526420312,0
#ff0000,#ffff00,3.7235338918507237,2.211698177339568,0.2126,0.9278,1.0,0.16666666666666666,0
#00ced1,#483d8b,4.641570228670975,1.245835801400568,0.4874606277449036,0.06579284622798763,0.6916762203867644,0.5506403624735461,0
#00ff00,#bdb76b,1.5078626895978096,3.987293134024713,0.7152,0.45747326349994166,0.897293979678308,0.647682717537622,0
#cd5c5c,#556b2f,1.4959354925779687,2.7884752580867223,0.21406134963883997,0.1265192088488916,0.5060191333554487,0.4468450976768176,0
#ff00ff,#ffd700,2.23598797575146,1.8455342326785058,0.2848,0.6986087742815887,1.3080062807966994,0.30718954248366015,0
#00ffff,#4169e1,3.865539646579435,1.2701031060579582,0.7874,0.16663210743188323,0.6517949073958691,0.33603961161339857,0
#8b4513,#ff00ff,2.2633506503334124,2.211017601527555,0.09792228502052074,0.2848,1.0661547214369458,0.5304418760096049,0
#dc143c,#daa520,2.229803818722005,1.6433744096694294,0.1604219995302558,0.4191997780956843,0.5791852846907514,0.16261322539046583,0
#808080,#ffffff,3.9494396480491156,3.9494396480491156,0.21586050011389923,1.0,0.862629225730382,0.4980392156862745,0
#696969,#0000ff,1.5651660486110608,2.322713470698554,0.14126329114027164,0.0722,0.8277204282041347,1.2071171742448146,0
#ff4500,#a52a2a,2.058788353150343,2.29529665914858,0.2551624375341642,0.09822428787651086,0.40361686584490447,0.4374867947941909,0
#808000,#ffa500,2.124470602529115,3.0243942378261988,0.20027537200567572,0.48170267036309633,0.5187451217559895,0.501501014928042,0
#ffd700,#ffffff,1.4026017808936917,1.1931501836322989,0.6986087742815887,1.0,1.0122281960110044,1.0098250732814462,0
#ff0000,#000080,4.003956500118101,7.755439473015188,0.2126,0.015585128108223528,1.1189122525867927,0.5992947283870521,0
#00ced1,#0087be,2.063533059784972,1.4170908250183107,0.4874606277449036,0.21045651422754966,0.2882286247060856,0.08748847471357242,0
#ffff00,#ff00ff,2.9205495818399045,2.0616752079879026,0.9278,0.2848,1.4142135623730951,0.33333333333333326,0
#ffffff,#ffff00,1.0738392309265699,1.0680632429824386,1.0,0.9278,1.0,1.0137937550497031,0
#00ced1,#800080,4.821266164064076,1.0076293198148087,0.4874606277449036,0.06147707043243851,1.0027336722070979,0.4587173335190275,0
#8b0000,#cd5c5c,2.5175151969841085,2.7317044726730106,0.05488967453113127,0.21406134963883997,0.5721190972497846,0.5180671246195293,0
#000080,#000000,1.3117025621644707,1.1462782518850445,0.015585128108223528,0.0,0.5019607843137255,1.1675083469080474,0
#008080,#00ff00,3.4786789879834594,1.5389687640727225,0.16996855778968425,0.7152,0.707112218357348,0.5251864793948691,0
#dc143c,#ff00ff,1.5910883878463493,1.3109074012811575,0.1604219995302558,0.2848,0.7808748137937206,0.21185171394152,0
#8b0000,#c0c0c0,5.502115706675449,3.6934987002320185,0.05488967453113127,0.5271151257058131,1.0849145589187135,1.021371024507725,1
#ff0000,#c0c0c0,2.19769659446235,1.2983625707958617,0.2126,0.5271151257058131,1.0931051608759168,1.030067018345766,0
#ffd700,#dc143c,3.5576545035822127,2.419324484935995,0.6986087742815887,0.1604219995302558,0.8117741782150765,0.23943548689011,0
#ffa500,#483d8b,4.591843863274703,6.508822842697689,0.48170267036309633,0.06579284622798763,0.9891841072322022,0.7576108720743443,1
#cd5c5c,#0000ff,2.160894841561702,5.183489632596654,0.21406134963883997,0.0722,1.0886008924827257,0.5924202803711355,0
#8b0000,#000000,2.097793490622625,3.125032239321269,0.05488967453113127,0.0,0.5450980392156862,1.138916973425537,0
#ffc0cb,#696969,3.5694811218320215,4.509805058535537,0.6327107070246613,0.14126329114027164,0.7811012641961819,0.6386749285225956,0
#00ced1,#00ffff,1.558067617926903,1.3674370385511279,0.4874606277449036,0.7874,0.26356325646347534,0.1804080196936613,0
#ffff00,#ff0000,3.7235338918507237,2.211698177339568,0.9278,0.2126,1.0,0.16666666666666666,0
#000080,#0087be,3.9712740028160707,1.794004415621207,0.015585128108223528,0.21045651422754966,0.5825740651026766,0.27044273040263483,0
#ffff00,#2f4f4f,8.314049527776351,10.479364372681815,0.9278,0.06760815192804356,1.1125166043367751,0.9702738919208476,1
#ffa500,#8b0000,5.069161218583885,4.871900259148511,0.48170267036309633,0.05488967453113127,0.7909620187042358,0.4675103594343049,1
#c0c0c0,#008000,2.823688430149493,8.034615846580868,0.5271151257058131,0.15438342968146074,1.0939981662219729,1.0835599975812709,0
#00ced1,#dc143c,2.5542035953689535,2.4964266779535764,0.4874606277449036,0.1604219995302558,1.2719249806801807,0.4750536093915436,0
#800080,#483d8b,1.0387144708665872,1.2553406811661914,0.06147707043243851,0.06579284622798763,0.3275859766346212,0.4636212558968276,0
#000080,#800080,1.699730924493852,2.5616629669229565,0.015585128108223528,0.06147707043243851,0.5019607843137255,0.16666666666666674,0
#dc143c,#800000,2.1943658083263085,2.607415521066146,0.1604219995302558,0.045891942324214986,0.43781288586518796,0.37355172995369923,0
#00ced1,#556b2f,3.0447713382003325,1.0505341480649575,0.4874606277449036,0.1265192088488916,0.8157428336348913,0.6544889420993087,0
#ff00ff,#808000,1.3377265102712839,1.8944693717025647,0.2848,0.20027537200567572,1.2247480105516604,0.5992947283870521,0
#daa520,#008080,2.1330311150391514,6.951795254333643,0.4191997780956843,0.16996855778968425,0.9453258207323704,0.5395754671628474,0
#ff4500,#0087be,1.1716444813799392,5.4791498851160245,0.2551624375341642,0.21045651422754966,1.2736407293346985,0.5584239805197571,0
#808000,#00ff00,3.0574322749688965,1.90201997990158,0.20027537200567572,0.7152,0.707112218357348,0.5251864793948691,0
#808080,#c0c0c0,2.170744151382274,2.170744151382274,0.21586050011389923,0.5271151257058131,0.43471079091924764,0.25098039215686274,0
#2f4f4f,#ffffff,8.927952550792769,11.192623896281168,0.06760815192804356,1.0,1.2720398389153438,0.9436349381570176,1
#8b4513,#000080,2.2554241988584782,3.7628752838930026,0.09792228502052074,0.015585128108223528,0.7436828666001299,0.42752203936304156,0
#000000,#228b22,4.7841624152004485,2.131378418087712,0.0,0.18920812076002244,0.5767906274484194,0.989376380376892,0
#000000,#228b22,4.7841624152004485,2.131378418087712,0.0,0.18920812076002244,0.5767906274484194,0.989376380376892,0
#808080,#ffffff,3.9494396480491156,3.9494396480491156,0.21586050011389923,1.0,0.862629225730382,0.4980392156862745,0
#ff00ff,#008000,1.638097572400064,6.638573093348028,0.2848,0.15438342968146074,1.5006547334376588,0.7057216592690063,0
#483d8b,#ff4500,2.635417018192313,4.8169961780884085,0.06579284622798763,0.2551624375341642,0.9017391031927338,0.7249120049389606,0
#ffff00,#0087be,3.7541775558960992,9.561119915636104,0.9278,0.21045651422754966,1.3329007372044972,0.4588872439788233,0
#808080,#ffa500,1.9999310545767641,2.8633146650356402,0.21586050011389923,0.48170267036309633,0.7218456416260244,1.1223516394670519,0
#808000,#ff4500,1.219306698412354,2.238268860088263,0.20027537200567572,0.2551624375341642,0.5491596460058135,0.5126616735642667,0
#ff00ff,#ffc0cb,2.0391598178753325,1.808911470327089,0.2848,0.6327107070246613,0.7800669339078498,0.7654050283541249,0
#4169e1,#0000ff,1.7727668365947888,1.9050817906824888,0.16663210743188323,0.0722,0.49836333439760133,0.3146962530510887,0
#000080,#ffff00,14.908867729685754,17.152691346935033,0.015585128108223528,0.9278,1.5006547334376588,0.7057216592690063,1
#00ff00,#228b22,3.1988880543385116,1.2417633853614127,0.7152,0.18920812076002244,0.4924341067401494,0.5164949811941275,0
#8b4513,#ff4500,2.062991641129868,2.6122627900595816,0.09792228502052074,0.2551624375341642,0.4609636697244631,0.4756184126818774,0
#000000,#556b2f,3.530384176977832,3.061409464059076,0.0,0.1265192088488916,0.5667039814025358,0.7364722671289381,0
#ffa500,#c0c0c0,1.0854094926995663,1.3190475087597748,0.48170267036309633,0.5271151257058131,0.7994808003779768,1.035696965592116,0
#808000,#ff4500,1.219306698412354,2.238268860088263,0.20027537200567572,0.2551624375341642,0.5491596460058135,0.5126616735642667,0
#ffffff,#ffc0cb,1.5379867185268434,1.2173063993131104,1.0,0.6327107070246613,0.32034679401426397,0.24876676441532092,0
#696969,#ffffff,5.489814557409947,5.489814557409947,0.14126329114027164,1.0,1.0188534162169867,0.5882352941176471,1
#dc143c,#556b2f,1.1920628973042051,2.376340343197692,0.1604219995302558,0.1265192088488916,0.6318838509382156,0.6212025883242293,0
#bdb76b,#ffd700,1.4751688968175065,1.6678101150761295,0.45747326349994166,0.6986087742815887,0.5087319045541225,0.6226523335966615,0
#ffc0cb,#228b22,2.854044857906676,8.093918476198587,0.6327107070246613,0.18920812076002244,1.1106488850172591,0.7724638902378262,0
#cd5c5c,#00ffff,3.1712327500610087,2.1422474286334894,0.21406134963883997,0.7874,1.2097451283899459,0.699893332932886,0
#800000,#8b0000,1.093831994522486,1.120042976258748,0.045891942324214986,0.05488967453113127,0.04313725490196074,0.04313725490196074,0
#556b2f,#c0c0c0,3.2694182659738162,3.7702576704040434,0.1265192088488916,0.5271151257058131,0.7813571725797802,0.6909643763167895,0
#800000,#8b0000,1.093831994522486,1.120042976258748,0.045891942324214986,0.05488967453113127,0.04313725490196074,0.04313725490196074,0
#8b0000,#696969,1.8234711090032476,1.2240724350531014,0.05488967453113127,0.14126329114027164,0.5973927717997088,1.0088497300281036,0
#c0c0c0,#ff4500,1.8911735348856713,1.0243908987669674,0.5271151257058131,0.2551624375341642,0.9276976001748858,1.0310537791137941,0
#ffd700,#8b0000,7.1371064657027,5.63209121991778,0.6986087742815887,0.05488967453113127,0.9580272566733304,0.4761118277813433,1
#bdb76b,#ffff00,1.9268010165822507,1.8631368115526552,0.45747326349994166,0.9278,0.568140426998876,0.6226155187342625,0
#0087be,#dc143c,1.2377817662078607,3.537663340658954,0.21045651422754966,0.1604219995302558,1.0989142171923179,0.4440512026163907,0
#008080,#ff0000,1.1938069815008578,5.169241909286268,0.16996855778968425,0.2126,1.226347935121881,0.7057216592690063,0
#ffffff,#ffff00,1.0738392309265699,1.0680632429824386,1.0,0.9278,1.0,1.0137937550497031,0
#ffffff,#2f4f4f,8.927952550792769,11.192623896281168,1.0,0.06760815192804356,1.2720398389153438,0.9436349381570176,1
#8b4513,#808080,1.7972984941181602,1.2327469479167532,0.09792228502052074,0.21586050011389923,0.4879635435547656,0.8671714892509427,0
#008080,#ffa500,2.417175780510715,8.852853590229195,0.16996855778968425,0.48170267036309633,1.1282810243787171,0.6339006746797775,0
#808000,#ffff00,3.906896600188953,3.9057805359315965,0.20027537200567572,0.9278,0.7043338134171885,0.4980392156862745,0
#008080,#800000,2.2939211831371673,1.622371118354347,0.16996855778968425,0.045891942324214986,0.8694215818384953,0.5,0
#008000,#dc143c,1.029545300508003,5.0641052807086995,0.15438342968146074,0.1604219995302558,0.9894794533590688,0.522373648153058,0
#cd5c5c,#00ced1,2.0353627233974048,2.9293884796543472,0.21406134963883997,0.4874606277449036,1.0279447997542435,0.6702711125037157,0
#696969,#ff4500,1.595509706618817,2.9455413313830268,0.14126329114027164,0.2551624375341642,0.7317798371804229,1.1610575327634607,0
#ff4500,#008080,1.387300260548761,6.551747211425974,0.2551624375341642,0.16996855778968425,1.1425838636304475,0.6745212037340359,0
#ffd700,#808080,2.8157954038334836,3.3100943219284127,0.6986087742815887,0.21586050011389923,0.7851172354707894,1.1259616951696347,0
#008000,#c0c0c0,2.823688430149493,8.034615846580868,0.15438342968146074,0.5271151257058131,1.0939981662219729,1.0835599975812709,0
#008080,#ffd700,3.4032535458878925,10.234215875647209,0.16996855778968425,0.6986087742815887,1.1697717781994466,0.6142205330109733,0
#2f4f4f,#556b2f,1.5009096389584602,1.6316764154156636,0.06760815192804356,0.1265192088488916,0.2236325871275804,0.33226414684227185,0
#ff0000,#00ff00,2.9139375476009137,3.3588998230259075,0.2126,0.7152,1.4142135623730951,0.3333333333333333,0
#800000,#696969,1.9945710401151515,1.3710137333131687,0.045891942324214986,0.14126329114027164,0.5892670689807462,1.0040594268091896,0
#800080,#ff4500,2.737445793564427,3.837202323128329,0.06147707043243851,0.2551624375341642,0.7571166901012252,0.5411906789837007,0
#800000,#ff00ff,3.4914299563150575,3.4180803047809767,0.045891942324214986,0.2848,1.1171584759385749,0.5251864793948691,0
#00ffff,#556b2f,4.743959626041901,1.301658819058755,0.7874,0.1265192088488916,1.055135188154856,0.7771117095340583,0
#ffc0cb,#ffffff,1.5379867185268434,1.2173063993131104,0.6327107070246613,1.0,0.32034679401426397,0.24876676441532092,0
#800000,#c0c0c0,6.018390197526303,4.136877277015687,0.045891942324214986,0.5271151257058131,1.0939981662219729,1.0310146251373995,1
#8b0000,#008000,1.948556238686771,2.175340103971378,0.05488967453113127,0.15438342968146074,0.7410104596735704,0.3361129778386842,0
#ffc0cb,#c0c0c0,1.1829714325884364,1.4946067421844804,0.6327107070246613,0.5271151257058131,0.2507965012599135,0.35060371555561815,0
#ff0000,#daa520,1.786747060531928,1.344838445622967,0.2126,0.4191997780956843,0.6748972895213807,0.2383343847201708,0
#000080,#0087be,3.9712740028160707,1.794004415621207,0.015585128108223528,0.21045651422754966,0.5825740651026766,0.27044273040263483,0
#8b4513,#ff00ff,2.2633506503334124,2.211017601527555,0.09792228502052074,0.2848,1.0661547214369458,0.5304418760096049,0
#008080,#00ffff,3.8069077163321343,2.3171224064380316,0.16996855778968425,0.7874,0.7043338134171885,0.4980392156862745,0
#0000ff,#dc143c,1.7219476229971833,4.417373077549942,0.0722,0.1604219995302558,1.1555326351496134,0.3422036979960647,0
#dc143c,#000080,3.208379789744919,6.3465836541234335,0.1604219995302558,0.015585128108223528,0.9064169545533282,0.4779432851712537,0
#000080,#8b0000,1.5992905336412608,2.7262422838278413,0.015585128108223528,0.05488967453113127,0.7410104596735704,0.33611297783868427,0
#00ff00,#000080,11.667279184654879,2.3089225286953043,0.7152,0.015585128108223528,1.1189122525867927,0.5992947283870521,0
#00ffff,#daa520,1.784740827028329,3.0001847269778925,0.7874,0.4191997780956843,1.27286772044712,0.433160076299512,0
#ffd700,#0000ff,6.126094715888615,10.687058845613643,0.6986087742815887,0.0722,1.6464751533514297,0.4738562091503269,1
#808000,#dc143c,1.1893973660757347,1.4451588036279974,0.20027537200567572,0.1604219995302558,0.6040743376931673,0.4224094978102295,0
#008080,#dc143c,1.045368631990667,4.230195634926566,0.16996855778968425,0.1604219995302558,0.9974053227908727,0.5968312672925808,0
#cd5c5c,#808000,1.0550832370068421,1.6957964710140148,0.21406134963883997,0.20027537200567572,0.4911989740843155,0.5660053173562262,0
#483d8b,#daa520,4.052061879296621,5.111120757616953,0.06579284622798763,0.4191997780956843,0.8186691312625157,0.604419137751466,0
#ff00ff,#ffa500,1.5881202818491529,1.596433430384872,0.2848,0.48170267036309633,1.1910856900774462,0.27450980392156854,0
#ffff00,#808000,3.906896600188953,3.9057805359315965,0.9278,0.20027537200567572,0.7043338134171885,0.4980392156862745,0
#808000,#8b0000,2.386082072658105,1.6108681197098889,0.20027537200567572,0.05488967453113127,0.5038109285727406,0.17215864932745759,0
#ffc0cb,#228b22,2.854044857906676,8.093918476198587,0.6327107070246613,0.18920812076002244,1.1106488850172591,0.7724638902378262,0
#0000ff,#800000,1.2743510772452211,1.6941576982496915,0.0722,0.045891942324214986,1.1189122525867927,0.5992947283870521,0
#ffff00,#483d8b,8.44439040797722,8.40566129007964,0.9278,0.06579284622798763,1.1793820184340666,0.7915632297150966,1
#000080,#c0c0c0,8.79948156468494,10.069372331835702,0.015585128108223528,0.5271151257058131,1.0939981662219729,1.0835599975812709,1
#800000,#ffffff,10.949825131812458,7.526611151551592,0.045891942324214986,1.0,1.4993475448879088,1.1171584759385749,1
#cd5c5c,#ffff00,3.7029273740263364,2.3032130345194695,0.21406134963883997,0.9278,0.7597425655176132,0.5173281891233856,0
#228b22,#000000,4.7841624152004485,2.131378418087712,0.18920812076002244,0.0,0.5767906274484194,0.989376380376892,0
#8b4513,#ff0000,1.7752565136725034,2.0610407967046815,0.09792228502052074,0.2126,0.5345142635004502,0.4800444332545303,0
#0000ff,#ff4500,2.4972376230291666,6.84164852890271,0.0722,0.2551624375341642,1.4398673525986985,0.3784313725490196,0
#ffd700,#556b2f,4.240947935147566,5.749138376839382,0.6986087742815887,0.1265192088488916,0.8110444848948039,0.7330832754466083,0
#a52a2a,#ffff00,6.596759640462082,4.005294080326805,0.09822428787651086,0.9278,0.9216353751380654,0.4659813732929383,1
#008080,#228b22,1.0874650593869577,1.23934139322751,0.16996855778968425,0.18920812076002244,0.3943663248231978,0.2991151487497136,0
#a52a2a,#483d8b,1.2800815655283928,2.0986377333356243,0.09822428787651086,0.06579284622798763,0.5322220255738758,0.3746435846897768,0
#000000,#800080,2.22954140864877,2.936378547643103,0.0,0.06147707043243851,0.7098797489559064,1.131257002969099,0
#c0c0c0,#000080,8.79948156468494,10.069372331835702,0.5271151257058131,0.015585128108223528,1.0939981662219729,1.0835599975812709,1
#800000,#0000ff,1.2743510772452211,1.6941576982496915,0.045891942324214986,0.0722,1.1189122525867927,0.5992947283870521,0
#483d8b,#daa520,4.052061879296621,5.111120757616953,0.06579284622798763,0.4191997780956843,0.8186691312625157,0.604419137751466,0
#cd5c5c,#ff0000,1.0055649262712871,1.0413776428074757,0.21406134963883997,0.2126,0.5466053359694408,0.48974552318924125,0
#2f4f4f,#800080,1.0549985882461885,1.565037176232266,0.06760815192804356,0.06147707043243851,0.4835311610419513,0.7085090391527985,0
#bdb76b,#ff4500,1.6629611022920474,1.06769980264336,0.45747326349994166,0.2551624375341642,0.665523818578241,0.6320315869279286,0
#808000,#2f4f4f,2.1280444246654113,2.6830397346384194,0.20027537200567572,0.06760815192804356,0.4835311610419513,0.7085090391527985,0
#000080,#228b22,3.6472921172815216,1.859390086641423,0.015585128108223528,0.18920812076002244,0.6714133211002482,0.41569604946991817,0
#8b4513,#800080,1.3269301430931495,1.4689189532270632,0.09792228502052074,0.06147707043243851,0.5077333517490037,0.2762129842343631,0
#228b22,#ffffff,4.3894830855402995,9.852778756595159,0.18920812076002244,1.0,1.3073477028501774,0.942692709007717,0
#0000ff,#ffc0cb,5.586830663049601,10.474984959684976,0.0722,0.6327107070246613,1.2682682765788924,0.812082516987202,1
#ffffff,#8b0000,10.010518239222488,6.719930673278758,1.0,0.05488967453113127,1.48557591321528,1.0986062961431695,1
#4169e1,#2f4f4f,1.8419820725048521,1.6722154176663013,0.16663210743188323,0.06760815192804356,0.5858251277930216,0.6611373896274789,0
#00ced1,#a52a2a,3.6259956815759824,1.6845219337703548,0.4874606277449036,0.09822428787651086,1.1230348293749552,0.5849614785709975,0
#0087be,#8b4513,1.7607658926538179,2.0974726991349337,0.21045651422754966,0.09792228502052074,0.9021142239477368,0.5365956514084141,0
#0000ff,#008000,1.6725321577860943,1.1464065162269388,0.0722,0.15438342968146074,1.1189122525867927,0.5992947283870521,0
#00ced1,#8b4513,3.6333986300329504,1.4801258057032665,0.4874606277449036,0.09792228502052074,1.068150640163052,0.530550515708499,0
#0000ff,#0087be,2.131395370110881,1.2486697156228341,0.0722,0.21045651422754966,0.5875813358341841,0.28106681646551407,0
#4169e1,#00ced1,2.4809832398177645,1.0766346700743588,0.16663210743188323,0.4874606277449036,0.4751737374247209,0.32004120772050726,0
#228b22,#8b4513,1.6171202380144274,2.023714825053093,0.18920812076002244,0.09792228502052074,0.4983633343976013,0.28510122000796195,0
#228b22,#00ffff,3.5007172722204256,1.8696401323316971,0.18920812076002244,0.7874,0.9878383890162916,0.5427198571790974,0
#483d8b,#dc143c,1.8172279755171603,3.110137730966051,0.06579284622798763,0.1604219995302558,0.6772629630411414,0.5462706893273783,0
#8b0000,#c0c0c0,5.502115706675449,3.6934987002320185,0.05488967453113127,0.5271151257058131,1.0849145589187135,1.021371024507725,1
#0087be,#800080,2.3364133378926675,1.4279022641290064,0.21045651422754966,0.06147707043243851,0.768997509956377,0.37468751302376807,0
#cd5c5c,#ff0000,1.0055649262712871,1.0413776428074757,0.21406134963883997,0.2126,0.5466053359694408,0.48974552318924125,0
#ff00ff,#228b22,1.3996180352751355,4.4744690986646445,0.2848,0.18920812076002244,1.3414000501636372,0.7188651233706655,0
#ffd700,#0087be,2.8742178958425337,8.558755539516676,0.6986087742815887,0.21045651422754966,1.2859217593780075,0.48084596376776256,0
#0000ff,#0087be,2.131395370110881,1.2486697156228341,0.0722,0.21045651422754966,0.5875813358341841,0.28106681646551407,0
#8b0000,#4169e1,2.0653330120457833,1.0039801016845622,0.05488967453113127,0.16663210743188323,1.0160268942061013,0.5812251362596382,0
#696969,#00ced1,2.8100563602177715,1.3126543245720357,0.14126329114027164,0.4874606277449036,0.7019717383305687,1.1890960446576668,0
#00ff00,#228b22,3.1988880543385116,1.2417633853614127,0.7152,0.18920812076002244,0.4924341067401494,0.5164949811941275,0
#ffff00,#000080,14.908867729685754,17.152691346935033,0.9278,0.015585128108223528,1.5006547334376588,0.7057216592690063,1
#ff4500,#c0c0c0,1.8911735348856713,1.0243908987669674,0.2551624375341642,0.5271151257058131,0.9276976001748858,1.0310537791137941,0
#ff0000,#808000,1.0492442700037012,1.7659645316658101,0.2126,0.20027537200567572,0.707112218357348,0.5251864793948691,0
#c0c0c0,#8b4513,3.901475194395165,2.675978227324641,0.5271151257058131,0.09792228502052074,0.8579815014464464,0.890687565150194,0
#800080,#8b4513,1.3269301430931495,1.4689189532270632,0.06147707043243851,0.09792228502052074,0.5077333517490037,0.2762129842343631,0
#800000,#bdb76b,5.29213666132814,3.7823155978578096,0.045891942324214986,0.45747326349994166,0.865050396000225,0.6337170870970168,1
#ffa500,#ffc0cb,1.284008422523894,1.1330954588510416,0.48170267036309633,0.6327107070246613,0.8030889997758268,0.7652933966654756,0
#000000,#800000,1.9178388464843,2.7901002957580587,0.0,0.045891942324214986,0.5019607843137255,1.1189122525867927,0
#808000,#ff4500,1.219306698412354,2.238268860088263,0.20027537200567572,0.2551624375341642,0.5491596460058135,0.5126616735642667,0
#000080,#ff4500,4.65292126944707,9.829619087748576,0.015585128108223528,0.2551624375341642,1.1511657665464323,0.6255024892762093,1
#8b4513,#696969,1.2929984898065787,1.127582317748301,0.09792228502052074,0.14126329114027164,0.38916505819781255,0.8763009453304264,0
#556b2f,#808080,1.5061278704318677,1.7368503183589095,0.1265192088488916,0.21586050011389923,0.3689402094158328,0.6108213037772618,0
#696969,#000000,3.8252658228054326,3.8252658228054326,0.14126329114027164,0.0,0.7131973913518906,0.4117647058823529,0
#bdb76b,#00ced1,1.0590915155571845,3.621315239801639,0.45747326349994166,0.4874606277449036,0.8470406679245287,0.6691129253819181,0
#bdb76b,#00ced1,1.0590915155571845,3.621315239801639,0.45747326349994166,0.4874606277449036,0.8470406679245287,0.6691129253819181,0
#daa520,#808080,1.764834482349469,2.248447587795627,0.4191997780956843,0.21586050011389923,0.5360513210868043,0.9309883620930889,0
#a52a2a,#ffd700,5.050513549474917,3.5853888665624702,0.09822428787651086,0.6986087742815887,0.7822816813583522,0.4572827802422404,1
#696969,#ffff00,5.112324451652805,5.139971432852887,0.14126329114027164,0.9278,0.9282196375329118,1.172091523313539,1
#228b22,#2f4f4f,2.0339416684855114,1.1359865244907845,0.18920812076002244,0.06760815192804356,0.29850325072917744,0.4537332748229228,0
#ff4500,#c0c0c0,1.8911735348856713,1.0243908987669674,0.2551624375341642,0.5271151257058131,0.9276976001748858,1.0310537791137941,0
#ffa500,#dc143c,2.5268397389534587,2.092776399544196,0.48170267036309633,0.1604219995302558,0.6305072623848441,0.216873619349917,0
#bdb76b,#800080,4.552265874330628,3.5938962558842547,0.45747326349994166,0.06147707043243851,0.7609359056571469,0.6934447628770837,1
#483d8b,#ffffff,9.067917701345962,8.977777856894411,0.06579284622798763,1.0,1.1405024625024887,0.786015504844685,1
#cd5c5c,#696969,1.380616991711068,2.231652633003297,0.21406134963883997,0.14126329114027164,0.3987292386658053,0.676483522062959,0
#556b2f,#ff0000,1.4876567922123276,2.9038557912933176,0.1265192088488916,0.2126,0.8090035450298219,0.7626797406990201,0
#008000,#800000,2.1313931570019835,1.942193424789478,0.15438342968146074,0.045891942324214986,0.7098797489559064,0.3333333333333333,0
#ff4500,#00ff00,2.5075170003986247,4.25723209227941,0.2551624375341642,0.7152,1.2377566491404317,0.28823529411764703,0
#008000,#556b2f,1.1578537600200902,2.131052185014143,0.15438342968146074,0.1265192088488916,0.38969817479121155,0.45920213120651965,0
#696969,#008080,1.1500824673583616,2.224293083794454,0.14126329114027164,0.16996855778968425,0.43106941220547906,1.1216663196175582,0
#ffc0cb,#8b0000,6.508845699793192,5.52032805961639,0.6327107070246613,0.05488967453113127,1.186421964583809,0.880172170625871,1
#000080,#daa520,7.154057507083723,10.429813166012748,0.015585128108223528,0.4191997780956843,1.136341756456375,0.5923502690767981,1
#ffc0cb,#00ffff,1.2265810267565511,4.329131759759758,0.6327107070246613,0.7874,1.0500581262174096,0.8880691003060038,0
#808080,#ffff00,3.677868655107072,3.697758231077009,0.21586050011389923,0.9278,0.8648992714250887,1.1295223938192536,0
#0087be,#808080,1.02074813103591,2.5856530681973044,0.21045651422754966,0.21586050011389923,0.558420907590862,1.1239207044804345,0
#ff00ff,#ffd700,2.23598797575146,1.8455342326785058,0.2848,0.6986087742815887,1.3080062807966994,0.30718954248366015,0
#4169e1,#696969,1.1326381876018552,1.2192198162087573,0.16663210743188323,0.14126329114027164,0.49604355453621635,0.9315349159011223,0
#00ced1,#008000,2.6296683081527514,2.0285415652022896,0.4874606277449036,0.15438342968146074,0.8748262858264682,0.3598341329488921,0
#228b22,#000000,4.7841624152004485,2.131378418087712,0.18920812076002244,0.0,0.5767906274484194,0.989376380376892,0
#696969,#0087be,1.3617694889320504,1.8601503997716393,0.14126329114027164,0.21045651422754966,0.5426804903175705,1.1468187024763967,0
#808000,#a52a2a,1.6884909726413124,1.0254785294462205,0.20027537200567572,0.09822428787651086,0.4023957474458148,0.3370824931552611,0
#008000,#a52a2a,1.3788794846613623,3.417122760148103,0.15438342968146074,0.09822428787651086,0.7480334335345618,0.44379943727442916,0
#ffd700,#4169e1,3.4556686132824415,5.6097637896087615,0.6986087742815887,0.16663210743188323,1.2328017184014235,0.5762080391923737,0
#808000,#008000,1.2245384686798697,3.5041860230138875,0.20027537200567572,0.15438342968146074,0.5019607843137255,0.16666666666666666,0
#8b0000,#ffc0cb,6.508845699793192,5.52032805961639,0.05488967453113127,0.6327107070246613,1.186421964583809,0.880172170625871,1
#cd5c5c,#ffffff,3.976348683501384,2.459977182928288,0.21406134963883997,1.0,0.9250081828872133,0.585055298133559,0
#008080,#ffc0cb,3.103674060896525,10.03112820096184,0.16996855778968425,0.6327107070246613,1.0721456745977345,1.0181894653156232,0
#2f4f4f,#ffa500,4.52096782107765,8.114569913299169,0.06760815192804356,0.48170267036309633,0.9354482546563233,0.9920218340491277,1
#483d8b,#8b4513,1.277473435010593,1.8439937193219904,0.06579284622798763,0.09792228502052074,0.5398819413287098,0.4849206256869978,0
#ffa500,#800000,5.544810726279645,5.456737666292463,0.48170267036309633,0.045891942324214986,0.816534250027925,0.5095813993999183,1
#bdb76b,#000080,7.737627083117812,9.206350945661764,0.45747326349994166,0.015585128108223528,1.0349598390817447,0.7846588350360539,1
#ff4500,#00ffff,2.7441123054545327,2.827536082350336,0.2551624375341642,0.7874,1.591238989747093,0.4549019607843137,0
#bdb76b,#000000,10.149465269998833,10.553039868233393,0.45747326349994166,0.0,1.1137462025138378,0.87260565560707,1
#cd5c5c,#0000ff,2.160894841561702,5.183489632596654,0.21406134963883997,0.0722,1.0886008924827257,0.5924202803711355,0
#8b0000,#a52a2a,1.4131447021748351,1.5708452916901054,0.05488967453113127,0.09822428787651086,0.25426768748936984,0.2742068379300963,0
#ffffff,#ff4500,3.440790447488965,1.8637710151676268,1.0,0.2551624375341642,1.2377566491404317,1.001016400036033,0
#00ff00,#00ffff,1.0943544171458444,1.5056331619791978,0.7152,0.7874,1.0,0.16666666666666669,0
#800000,#8b0000,1.093831994522486,1.120042976258748,0.045891942324214986,0.05488967453113127,0.04313725490196074,0.04313725490196074,0
#800000,#2f4f4f,1.2264654263692467,1.4870734877772762,0.045891942324214986,0.06760815192804356,0.5411622618197238,0.8005460308127889,0
#ff0000,#ffffff,3.9984767707539985,2.3622335277876476,0.2126,1.0,1.4142135623730951,1.0,0
#228b22,#00ced1,2.2468326996477392,1.3672586595377585,0.18920812076002244,0.4874606277449036,0.7468503646166532,0.40468241051250187,0
#a52a2a,#8b4513,1.0020416319011585,1.1380937534360274,0.09822428787651086,0.09792228502052074,0.17245987001800805,0.17061151177464048,0
#800080,#008000,1.833412278315376,2.0440179575608504,0.06147707043243851,0.15438342968146074,0.8694215818384953,0.5,0
#4169e1,#ff0000,1.212193349882684,2.8334585116036872,0.16663210743188323,0.2126,1.2260782902638026,0.4877731240784836,0
#ffff00,#ffffff,1.0738392309265699,1.0680632429824386,0.9278,1.0,1.0,1.0137937550497031,0
#000080,#ff00ff,5.104815827264052,8.319783485040423,0.015585128108223528,0.2848,1.1171584759385749,0.5251864793948692,1
#a52a2a,#808000,1.6884909726413124,1.0254785294462205,0.09822428787651086,0.20027537200567572,0.4023957474458148,0.3370824931552611,0
#800000,#0000ff,1.2743510772452211,1.6941576982496915,0.045891942324214986,0.0722,1.1189122525867927,0.5992947283870521,0
#dc143c,#ffffff,4.989972542528873,2.8866174534674998,0.1604219995302558,1.0,1.205364148180681,0.9199979892451458,0
#ff4500,#8b4513,2.062991641129868,2.6122627900595816,0.2551624375341642,0.09792228502052074,0.4609636697244631,0.4756184126818774,0
#008000,#008080,1.0762543623644714,1.1971326429673765,0.15438342968146074,0.16996855778968425,0.5019607843137255,0.16666666666666669,0
#ffa500,#800000,5.544810726279645,5.456737666292463,0.48170267036309633,0.045891942324214986,0.816534250027925,0.5095813993999183,1
#4169e1,#daa520,2.1658829046992367,3.810543940482268,0.16663210743188323,0.4191997780956843,0.9940847734054915,0.5149325081136865,0
#ff00ff,#008080,1.5220357098495323,5.545394766692481,0.2848,0.16996855778968425,1.2247480105516604,0.5992947283870521,0
#0000ff,#c0c0c0,4.72270970299356,7.0085224855703485,0.0722,0.5271151257058131,1.0931051608759168,1.0826583825911331,1
#ff00ff,#0000ff,2.7397708674304417,5.790767061580343,0.2848,0.0722,1.0,0.16666666666666674,0
#00ff00,#ffa500,1.4391501917367648,5.7524582674446405,0.7152,0.48170267036309633,1.0604562574894085,0.22549019607843135,0
#228b22,#483d8b,2.065828145281438,1.0974629706424288,0.18920812076002244,0.06579284622798763,0.5341545004705412,0.40628074524850705,0
#808000,#0087be,1.0406797606184082,2.4479408987979943,0.20027537200567572,0.21045651422754966,0.8988266091724262,0.4524579735136219,0
#556b2f,#bdb76b,2.874889746046628,3.447118065102366,0.1265192088488916,0.45747326349994166,0.557249244496678,0.35338371139558533,0
#daa520,#800000,4.893005259079002,4.284959942694986,0.4191997780956843,0.045891942324214986,0.7476632828135352,0.40039644354582926,1
#c0c0c0,#bdb76b,1.1372325740386113,1.0937419604431453,0.5271151257058131,0.45747326349994166,0.3354030324193474,0.4606913043984111,0
#008000,#000080,3.1163075467993737,1.2532487581370457,0.15438342968146074,0.015585128108223528,0.7098797489559064,0.3333333333333333,0
#dc143c,#cd5c5c,1.2549132230865983,1.1734326129120234,0.1604219995302558,0.21406134963883997,0.3145332737807931,0.3642022177852709,0
#ff00ff,#0000ff,2.7397708674304417,5.790767061580343,0.2848,0.0722,1.0,0.16666666666666674,0
#008000,#696969,1.0685972643415764,2.6627738581369114,0.15438342968146074,0.14126329114027164,0.5892670689807462,1.0579444426223474,0
#dc143c,#c0c0c0,2.742655839190578,1.5865815185928478,0.1604219995302558,0.5271151257058131,0.8573090774550406,0.9163046945720054,0
#4169e1,#dc143c,1.0295126361097737,2.318731457701579,0.16663210743188323,0.1604219995302558,0.9482982187720586,0.39536891510553523,0
#228b22,#ff0000,1.0977888173932215,4.1709588153305015,0.18920812076002244,0.2126,1.032482814019524,0.6147179651757652,0
#ffd700,#bdb76b,1.4751688968175065,1.6678101150761295,0.6986087742815887,0.45747326349994166,0.5087319045541225,0.6226523335966615,0
#ff00ff,#bdb76b,1.5157504883510804,1.1065613621094172,0.2848,0.45747326349994166,0.9585728851595032,0.7004506506378824,0
#ffd700,#daa520,1.5955011260233896,1.472168770975721,0.6986087742815887,0.4191997780956843,0.27431365541212016,0.2074997682737564,0
#ffc0cb,#000000,13.654214140493226,17.251203157931045,0.6327107070246613,0.0,1.4834625995020876,1.0304779973767844,1
#dc143c,#4169e1,1.0295126361097737,2.318731457701579,0.1604219995302558,0.16663210743188323,0.9482982187720586,0.39536891510553523,0
#000000,#ffff00,19.555999999999997,19.661757052288415,0.0,0.9278,1.4142135623730951,1.4240006242195884,1
#00ced1,#483d8b,4.641570228670975,1.245835801400568,0.4874606277449036,0.06579284622798763,0.6916762203867644,0.5506403624735461,0
#ffff00,#808000,3.906896600188953,3.9057805359315965,0.9278,0.20027537200567572,0.7043338134171885,0.4980392156862745,0
#ff00ff,#000080,5.104815827264052,8.319783485040423,0.2848,0.015585128108223528,1.1171584759385749,0.5251864793948692,1
#bdb76b,#8b4513,3.4306748535526053,2.4466266487942274,0.45747326349994166,0.09792228502052074,0.597830243142259,0.47968845615958133,0
#00ff00,#cd5c5c,2.897811440585961,3.2254387697152467,0.7152,0.21406134963883997,1.0886008924827255,0.5924202803711355,0
#ff0000,#ffffff,3.9984767707539985,2.3622335277876476,0.2126,1.0,1.4142135623730951,1.0,0
#00ced1,#ff00ff,1.6053184819142883,3.2725842088850756,0.4874606277449036,0.2848,1.2981339933409939,0.3769128126625058,0
#000000,#ffa500,10.634053407261927,15.224845376596742,0.0,0.48170267036309633,1.1910856900774462,1.4183194782040396,1
#ffff00,#008000,4.78414518008597,13.686581562971192,0.9278,0.15438342968146074,1.1171584759385749,0.5251864793948691,1
#bdb76b,#000080,7.737627083117812,9.206350945661764,0.45747326349994166,0.015585128108223528,1.0349598390817447,0.7846588350360539,1
#cd5c5c,#00ffff,3.1712327500610087,2.1422474286334894,0.21406134963883997,0.7874,1.2097451283899459,0.699893332932886,0
#808000,#483d8b,2.16140616763925,2.152107936621366,0.20027537200567572,0.06579284622798763,0.6437347774260918,0.6492282922609414,0
#4169e1,#008080,1.0154014582480584,1.8243577197679062,0.16663210743188323,0.16996855778968425,0.46669961986140224,0.49374080561175826,0
#8b0000,#ff00ff,3.191925244277799,3.0517403146424846,0.05488967453113127,0.2848,1.0986062961431695,0.4844724674356543,0
#ffffff,#ff00ff,3.1362007168458783,2.201999508620053,1.0,0.2848,1.0,1.0137937550497031,0
#696969,#800000,1.9945710401151515,1.3710137333131687,0.14126329114027164,0.045891942324214986,0.5892670689807462,1.0040594268091896,0
#0087be,#228b22,1.0888280606863008,1.0364467726226723,0.21045651422754966,0.18920812076002244,0.6263225146432919,0.38212374968030777,0
#bdb76b,#2f4f4f,4.314949730784224,5.624581247980807,0.45747326349994166,0.06760815192804356,0.6989199114890732,0.5534451915778057,0
#ffd700,#8b0000,7.1371064657027,5.63209121991778,0.6986087742815887,0.05488967453113127,0.9580272566733304,0.4761118277813433,1
#daa520,#483d8b,4.052061879296621,5.111120757616953,0.4191997780956843,0.06579284622798763,0.8186691312625157,0.604419137751466,0
#0087be,#808080,1.02074813103591,2.5856530681973044,0.21045651422754966,0.21586050011389923,0.558420907590862,1.1239207044804345,0
#696969,#800080,1.7157186710982697,1.3027154914599817,0.14126329114027164,0.06147707043243851,0.43106941220547906,1.0177981677828742,0
#a52a2a,#bdb76b,3.4236849491409234,2.1497584372180225,0.09822428787651086,0.45747326349994166,0.6160982760373992,0.360290485054902,0
#008080,#cd5c5c,1.200450429335058,4.963849517020916,0.16996855778968425,0.21406134963883997,0.8283426103973663,0.7366031777678838,0
#0087be,#ffa500,2.0414258861599084,7.40353834886374,0.21045651422754966,0.48170267036309633,1.2526020591125049,0.5088510107740869,0
#c0c0c0,#800080,5.176985037973149,3.930795136540124,0.5271151257058131,0.06147707043243851,0.8324077905205709,1.044398839057661,1
#a52a2a,#008000,1.3788794846613623,3.417122760148103,0.09822428787651086,0.15438342968146074,0.7480334335345618,0.44379943727442916,0
#dc143c,#8b4513,1.4225172326202553,1.6866314122314925,0.1604219995302558,0.09792228502052074,0.404568300067435,0.3369849796451125,0
#8b4513,#008000,1.3816946490050999,3.0024967185976044,0.09792228502052074,0.15438342968146074,0.5968390400074775,0.30030401520549377,0
#556b2f,#a52a2a,1.1908926086118483,1.6034908878242347,0.1265192088488916,0.09822428787651086,0.40470132236373124,0.3711243683094899,0
#696969,#bdb76b,2.653270580436489,2.7587729473121536,0.14126329114027164,0.45747326349994166,0.4495971967989495,0.5662244964415217,0
#cd5c5c,#ffa500,2.0135573460118747,1.7834653447637727,0.21406134963883997,0.48170267036309633,0.5005648481898903,0.5014786333802103,0
#8b4513,#000000,2.9584457004104148,4.313302102482311,0.09792228502052074,0.0,0.6131081277530099,1.023355970015325,0
#800000,#00ced1,5.604857037181758,1.044459083894886,0.045891942324214986,0.4874606277449036,1.255520680805695,0.5903499240228852,0
#8b0000,#ffc0cb,6.508845699793192,5.52032805961639,0.05488967453113127,0.6327107070246613,1.186421964583809,0.880172170625871,1
#dc143c,#8b4513,1.4225172326202553,1.6866314122314925,0.1604219995302558,0.09792228502052074,0.404568300067435,0.3369849796451125,0
#00ff00,#483d8b,6.608352976257076,1.1314854519733946,0.7152,0.06579284622798763,0.9775724156084572,0.7258493279750936,0
#ffffff,#0087be,4.031383139385257,10.211880743638277,1.0,0.21045651422754966,1.1342082246258487,1.1265243161380152,0
#800000,#dc143c,2.1943658083263085,2.607415521066146,0.045891942324214986,0.1604219995302558,0.43781288586518796,0.37355172995369923,0
#0087be,#008000,1.274352400453799,1.4314830986052556,0.21045651422754966,0.15438342968146074,0.7456035436929944,0.3245042574723647,0
#ffd700,#0087be,2.8742178958425337,8.558755539516676,0.6986087742815887,0.21045651422754966,1.2859217593780075,0.48084596376776256,0
#4169e1,#dc143c,1.0295126361097737,2.318731457701579,0.16663210743188323,0.1604219995302558,0.9482982187720586,0.39536891510553523,0
#a52a2a,#ff0000,1.7716394779968734,1.8109587109868388,0.09822428787651086,0.2126,0.4228753118967395,0.4351561357469235,0
#008000,#0087be,1.274352400453799,1.4314830986052556,0.15438342968146074,0.21045651422754966,0.7456035436929944,0.3245042574723647,0
#556b2f,#0000ff,1.4445107107110606,1.8588974808237106,0.1265192088488916,0.0722,0.9759743600920535,0.8499536032122371,0
#00ff00,#808000,3.0574322749688965,1.90201997990158,0.7152,0.20027537200567572,0.707112218357348,0.5251864793948691,0
#bdb76b,#4169e1,2.3425579408145176,3.3635506457836155,0.45747326349994166,0.16663210743188323,0.7376719721429018,0.5640874507701439,0
#000000,#008080,4.399371155793685,1.7197669905441848,0.0,0.16996855778968425,0.7098797489559064,1.2255466653656442,0
#483d8b,#556b2f,1.5244396748080464,1.3087930522531694,0.06579284622798763,0.1265192088488916,0.40657797735789086,0.4791193887580495,0
#808080,#ffffff,3.9494396480491156,3.9494396480491156,0.21586050011389923,1.0,0.862629225730382,0.4980392156862745,0
#bdb76b,#800000,5.29213666132814,3.7823155978578096,0.45747326349994166,0.045891942324214986,0.865050396000225,0.6337170870970168,1
#0087be,#ff00ff,1.2854353095868418,4.6375490565108475,0.21045651422754966,0.2848,1.159849915385902,0.38242648614650515,0
#daa520,#ffffff,2.2378527207782963,1.7565184394274174,0.4191997780956843,1.0,0.9541427105981685,0.8736276651346192,0
#696969,#800080,1.7157186710982697,1.3027154914599817,0.14126329114027164,0.06147707043243851,0.43106941220547906,1.0177981677828742,0
#000080,#ffd700,11.414306808188163,15.354445230115381,0.015585128108223528,0.6986087742815887,1.4010157242488268,0.6874465559676023,1
#483d8b,#4169e1,1.8708591634870988,1.3413100170077248,0.06579284622798763,0.16663210743188323,0.37982573555342014,0.374801456145933,0
#ff4500,#ff0000,1.1620808740828796,1.2674483660081974,0.2551624375341642,0.2126,0.27058823529411763,0.04509803921568626,0
#808080,#696969,1.3900236607291168,1.3900236607291168,0.21586050011389923,0.14126329114027164,0.15622419048660466,0.09019607843137256,0
#ffa500,#2f4f4f,4.52096782107765,8.114569913299169,0.48170267036309633,0.06760815192804356,0.9354482546563233,0.9920218340491277,1
#800000,#808000,2.609972912629962,1.804241523160197,0.045891942324214986,0.20027537200567572,0.5019607843137255,0.16666666666666666,0
#0087be,#483d8b,2.2493316531379657,1.137461953995236,0.21045651422754966,0.06579284622798763,0.4515937857499268,0.5027237547019828,0
#228b22,#dc143c,1.1368018614689934,3.4132609933331057,0.18920812076002244,0.1604219995302558,0.8719032640190065,0.5088873360651629,0
#daa520,#ffff00,2.0839737051209695,1.64458280066127,0.4191997780956843,0.9278,0.4017072371074274,0.21179199143894079,0
#000000,#800000,1.9178388464843,2.7901002957580587,0.0,0.045891942324214986,0.5019607843137255,1.1189122525867927,0
#556b2f,#dc143c,1.1920628973042051,2.376340343197692,0.1265192088488916,0.1604219995302558,0.6318838509382156,0.6212025883242293,0
#2f4f4f,#0087be,2.214612762446138,1.0960394247899796,0.06760815192804356,0.21045651422754966,0.52122943415506,0.7387545571310044,0
#8b4513,#ffc0cb,4.615333699921896,3.9995351004982824,0.09792228502052074,0.6327107070246613,0.9799293025052862,0.7722769064364736,1
#000000,#008000,4.087668593629214,1.4365717956544357,0.0,0.15438342968146074,0.5019607843137255,1.1675083469080474,0
#cd5c5c,#daa520,1.7768589713618246,1.4004846904597148,0.21406134963883997,0.4191997780956843,0.3740526930089544,0.3286345915455054,0
#556b2f,#8b4513,1.193323972952444,1.408926885841455,0.1265192088488916,0.09792228502052074,0.2812615070908409,0.36381425121421423,0
#556b2f,#ffc0cb,3.867628409829847,5.6350525339586355,0.1265192088488916,0.6327107070246613,0.964267395963836,0.7079846104590103,0
#008080,#4169e1,1.0154014582480584,1.8243577197679062,0.16996855778968425,0.16663210743188323,0.46669961986140224,0.49374080561175826,0
#ffff00,#696969,5.112324451652805,5.139971432852887,0.9278,0.14126329114027164,0.9282196375329118,1.172091523313539,1
#800000,#0087be,2.7161459859362784,1.3567700706224373,0.045891942324214986,0.21045651422754966,1.0427907429781431,0.5130280206380505,0
#0000ff,#daa520,3.8396053853983987,7.2593978736082665,0.0722,0.4191997780956843,1.383585877643694,0.4973578271336937,0
#cd5c5c,#0000ff,2.160894841561702,5.183489632596654,0.21406134963883997,0.0722,1.0886008924827257,0.5924202803711355,0
#daa520,#bdb76b,1.0815718318529388,1.1328932850346647,0.4191997780956843,0.45747326349994166,0.3231429658737673,0.4359271917727358,0
#8b4513,#00ff00,5.1729866118134025,1.6297104979175197,0.09792228502052074,0.7152,0.9136329162899978,0.5433759957096725,0
#ff00ff,#ff0000,1.2749428789032748,1.0727675090481787,0.2848,0.2126,1.0,0.16666666666666663,0
#ffa500,#8b0000,5.069161218583885,4.871900259148511,0.48170267036309633,0.05488967453113127,0.7909620187042358,0.4675103594343049,1
#483d8b,#8b4513,1.277473435010593,1.8439937193219904,0.06579284622798763,0.09792228502052074,0.5398819413287098,0.4849206256869978,0
#a52a2a,#00ff00,5.162446795747172,1.854763337589047,0.09822428787651086,0.7152,1.0693593464148083,0.5481532391487859,0
#00ff00,#daa520,1.6308618113710023,4.517177617001421,0.7152,0.4191997780956843,0.9333662871097875,0.2974289358669696,0
#800080,#483d8b,1.0387144708665872,1.2553406811661914,0.06147707043243851,0.06579284622798763,0.3275859766346212,0.4636212558968276,0
#00ff00,#ffa500,1.4391501917367648,5.7524582674446405,0.7152,0.48170267036309633,1.0604562574894085,0.22549019607843135,0
#008000,#ff0000,1.28483997166146,6.188268229001598,0.15438342968146074,0.2126,1.1189122525867927,0.5992947283870521,0
#008000,#ffffff,5.137402780824574,14.618134689490663,0.15438342968146074,1.0,1.4993475448879088,1.1658276765768218,1
#ffff00,#00ff00,1.277835859905907,7.4288726164525976,0.9278,0.7152,1.0,0.16666666666666666,0
#ffa500,#808000,2.124470602529115,3.0243942378261988,0.48170267036309633,0.20027537200567572,0.5187451217559895,0.501501014928042,0
#c0c0c0,#008080,2.623625537689813,6.711550214406627,0.5271151257058131,0.16996855778968425,0.8324077905205709,1.14585826228518,0
#000000,#a52a2a,2.9644857575302175,4.908942179517602,0.0,0.09822428787651086,0.6877071880317874,0.9871107336292668,0
#00ced1,#daa520,1.1454835505810892,4.102563718164974,0.4874606277449036,0.4191997780956843,1.1128828626821057,0.4118831569191628,0
#000000,#696969,3.8252658228054326,3.8252658228054326,0.0,0.14126329114027164,0.7131973913518906,0.4117647058823529,0
#808000,#8b4513,1.6919382496758748,1.1670907086455071,0.20027537200567572,0.09792228502052074,0.24687201153783753,0.17319733359193562,0
#0087be,#8b0000,2.483147320189712,1.5196407879987464,0.21045651422754966,0.05488967453113127,1.0642273145380374,0.49404658205328666,0
#483d8b,#00ffff,7.231880269625817,1.7036020187881638,0.06579284622798763,0.7874,0.9302965921291886,0.6600675387820581,0
#daa520,#00ffff,1.784740827028329,3.0001847269778925,0.4191997780956843,0.7874,1.27286772044712,0.433160076299512,0
#800000,#cd5c5c,2.7537386691577965,3.0596264078320123,0.045891942324214986,0.21406134963883997,0.5928835950876918,0.5409105670050683,0
#008000,#800080,1.833412278315376,2.0440179575608504,0.15438342968146074,0.06147707043243851,0.8694215818384953,0.5,0
#ffffff,#ffff00,1.0738392309265699,1.0680632429824386,1.0,0.9278,1.0,1.0137937550497031,0
#ff00ff,#228b22,1.3996180352751355,4.4744690986646445,0.2848,0.18920812076002244,1.3414000501636372,0.7188651233706655,0
#00ffff,#808000,3.3459145152364793,1.2632691866332968,0.7874,0.20027537200567572,1.2247480105516604,0.5992947283870521,0
#ff00ff,#8b4513,2.2633506503334124,2.211017601527555,0.2848,0.09792228502052074,1.0661547214369458,0.5304418760096049,0
#808000,#bdb76b,2.027659611223885,2.096346608425762,0.20027537200567572,0.45747326349994166,0.5289758553979589,0.6147231973428015,0
#808000,#556b2f,1.4178364702502306,1.644345477626411,0.20027537200567572,0.1265192088488916,0.2630375896115138,0.4510645074678369,0
#228b22,#ffa500,2.222761788662306,7.143192052332305,0.18920812076002244,0.48170267036309633,0.8827711427242958,0.5635715519135184,0
#008000,#808000,1.2245384686798697,3.5041860230138875,0.15438342968146074,0.20027537200567572,0.5019607843137255,0.16666666666666666,0
#a52a2a,#000080,2.2600289448535125,4.282504855557445,0.09822428787651086,0.015585128108223528,0.7480334335345618,0.4437994372744292,0
#008000,#ffffff,5.137402780824574,14.618134689490663,0.15438342968146074,1.0,1.4993475448879088,1.1658276765768218,1
#00ffff,#808000,3.3459145152364793,1.2632691866332968,0.7874,0.20027537200567572,1.2247480105516604,0.5992947283870521,0
#00ffff,#2f4f4f,7.120254729556062,2.123885995975975,0.7874,0.06760815192804356,0.9933341848381974,0.9112191362302031,0
#556b2f,#000080,2.691451765674883,2.6707385043942122,0.1265192088488916,0.015585128108223528,0.6229618825519334,0.6263769462441056,0
#0087be,#bdb76b,1.9483991982499778,5.131732600821887,0.21045651422754966,0.45747326349994166,0.8310950332232566,0.689626812240661,0
#cd5c5c,#ffd700,2.8349804895925526,2.0617498255243913,0.21406134963883997,0.6986087742815887,0.6334638364906745,0.5095069735654084,0
#483d8b,#ff0000,2.267843036546142,3.800546284389824,0.06579284622798763,0.2126,0.9324019079531277,0.7039305474142061,0
#008000,#ffffff,5.137402780824574,14.618134689490663,0.15438342968146074,1.0,1.4993475448879088,1.1658276765768218,1
#808080,#ff4500,1.1478291713264186,2.119058412169751,0.21586050011389923,0.2551624375341642,0.744003323776232,1.1180683760407943,0
#ff4500,#8b4513,2.062991641129868,2.6122627900595816,0.2551624375341642,0.09792228502052074,0.4609636697244631,0.4756184126818774,0
#ff4500,#ffa500,1.742359494371158,1.3512202630147552,0.2551624375341642,0.48170267036309633,0.37647058823529417,0.06274509803921571,0
#ff0000,#ffc0cb,2.5998122887458543,1.9405414521114697,0.2126,0.6327107070246613,1.0957469069641455,0.7535033218366354,0
#c0c0c0,#ff00ff,1.7237608294677813,1.210292593544191,0.5271151257058131,0.2848,0.8300581544641239,1.0434633870249184,0
#ffc0cb,#556b2f,3.867628409829847,5.6350525339586355,0.6327107070246613,0.1265192088488916,0.964267395963836,0.7079846104590103,0
#8b0000,#ffffff,10.010518239222488,6.719930673278758,0.05488967453113127,1.0,1.48557591321528,1.0986062961431695,1
#00ced1,#00ffff,1.558067617926903,1.3674370385511279,0.4874606277449036,0.7874,0.26356325646347534,0.1804080196936613,0
#c0c0c0,#556b2f,3.2694182659738162,3.7702576704040434,0.5271151257058131,0.1265192088488916,0.7813571725797802,0.6909643763167895,0
#696969,#808080,1.3900236607291168,1.3900236607291168,0.14126329114027164,0.21586050011389923,0.15622419048660466,0.09019607843137256,0
#556b2f,#696969,1.0835267866173228,1.2495113338199364,0.1265192088488916,0.14126329114027164,0.24072171377604398,0.6052951123458193,0
#00ced1,#228b22,2.2468326996477392,1.3672586595377585,0.4874606277449036,0.18920812076002244,0.7468503646166532,0.40468241051250187,0
#4169e1,#8b4513,1.4644994660664592,1.3747707062053283,0.16663210743188323,0.09792228502052074,0.8699167168152021,0.5783044507709191,0
#000080,#ffffff,16.009727056831707,18.320159145884244,0.015585128108223528,1.0,1.4993475448879088,1.1658276765768218,1
#ffa500,#696969,2.7799514856886365,3.9800751325122055,0.48170267036309633,0.14126329114027164,0.7556019163920664,1.165182776863207,0
#c0c0c0,#808080,2.170744151382274,2.170744151382274,0.5271151257058131,0.21586050011389923,0.43471079091924764,0.25098039215686274,0
#4169e1,#8b0000,2.0653330120457833,1.0039801016845622,0.16663210743188323,0.05488967453113127,1.0160268942061013,0.5812251362596382,0
#ff4500,#bdb76b,1.6629611022920474,1.06769980264336,0.2551624375341642,0.45747326349994166,0.665523818578241,0.6320315869279286,0
#000080,#ffa500,8.107061550382603,13.281980489082487,0.015585128108223528,0.48170267036309633,1.2925361697438555,0.6653418208425588,1
#008080,#4169e1,1.0154014582480584,1.8243577197679062,0.16996855778968425,0.16663210743188323,0.46669961986140224,0.49374080561175826,0
#a52a2a,#ffff00,6.596759640462082,4.005294080326805,0.09822428787651086,0.9278,0.9216353751380654,0.4659813732929383,1
#800000,#483d8b,1.207534683534585,1.192804793036726,0.045891942324214986,0.06579284622798763,0.634494776719216,0.5389278656906945,0
#000080,#ff00ff,5.104815827264052,8.319783485040423,0.015585128108223528,0.2848,1.1171584759385749,0.5251864793948692,1
#808080,#2f4f4f,2.2605618382351693,2.8339777015734193,0.21586050011389923,0.06760815192804356,0.4180289150038734,0.6715657300135196,0
#00ced1,#556b2f,3.0447713382003325,1.0505341480649575,0.4874606277449036,0.1265192088488916,0.8157428336348913,0.6544889420993087,0
#ffa500,#008000,2.601495978376403,10.598040016274304,0.48170267036309633,0.15438342968146074,1.0104718902494205,0.5467073155618908,0
#00ced1,#ff00ff,1.6053184819142883,3.2725842088850756,0.4874606277449036,0.2848,1.2981339933409939,0.3769128126625058,0
#008080,#ffffff,4.7734094842951285,12.210956551361056,0.16996855778968425,1.0,1.223145993216999,1.223945693387333,1
#ffd700,#ff00ff,2.23598797575146,1.8455342326785058,0.6986087742815887,0.2848,1.3080062807966994,0.30718954248366015,0
#800000,#808080,2.772500938765145,1.9057415284898638,0.045891942324214986,0.21586050011389923,0.7098797489559064,1.0,0
#ffc0cb,#483d8b,5.8959661953593745,7.375117605526679,0.6327107070246613,0.06579284622798763,0.9175632607959388,0.619998586226518,1
#4169e1,#ff00ff,1.5454772792868339,3.039642229484447,0.16663210743188323,0.2848,0.8593963529729853,0.37510051766301467,0
#0087be,#228b22,1.0888280606863008,1.0364467726226723,0.21045651422754966,0.18920812076002244,0.6263225146432919,0.38212374968030777,0
#228b22,#8b4513,1.6171202380144274,2.023714825053093,0.18920812076002244,0.09792228502052074,0.4983633343976013,0.28510122000796195,0
#808000,#0000ff,2.048079967313222,3.0566696659635966,0.20027537200567572,0.0722,1.226347935121881,0.7057216592690063,0
#ffff00,#228b22,4.087653867658386,9.224902009624874,0.9278,0.18920812076002244,0.9878383890162916,0.5427198571790974,0
#228b22,#808080,1.1114192079649958,2.4947282740380863,0.18920812076002244,0.21586050011389923,0.5230996253038991,0.8267977820793737,0
#a52a2a,#228b22,1.6138254005936756,2.303177201128808,0.09822428787651086,0.18920812076002244,0.6399971164871605,0.3487204308234466,0
#ffc0cb,#008000,3.340342747397339,12.008591015162033,0.6327107070246613,0.15438342968146074,1.3025866674213238,0.9727907175878278,0
#8b4513,#0000ff,1.2104933307734922,2.619050638755476,0.09792228502052074,0.0722,1.107647041468384,0.6227760956443902,0
#ffa500,#ffffff,1.9747879003183522,1.379324353091998,0.48170267036309633,1.0,1.0604562574894085,1.0057982612099603,0
#ffa500,#ff0000,2.024762644185439,1.7126019144752183,0.48170267036309633,0.2126,0.6470588235294118,0.10784313725490197,0
#0000ff,#ff0000,2.148936170212766,5.397970215110491,0.0722,0.2126,1.4142135623730951,0.33333333333333337,0
#808000,#4169e1,1.1553013769409557,1.6044821177302606,0.20027537200567572,0.16663210743188323,0.9207171702813538,0.6619852170332753,0
#0000ff,#ffc0cb,5.586830663049601,10.474984959684976,0.0722,0.6327107070246613,1.2682682765788924,0.812082516987202,1
#ffc0cb,#800080,6.124225406859997,5.8749929132188345,0.6327107070246613,0.06147707043243851,0.9494570374154544,0.9131746370717807,1
#ffff00,#4169e1,4.513643021764236,6.26675502568116,0.9278,0.16663210743188323,1.2960472838949602,0.5544069489262632,1
#a52a2a,#808000,1.6884909726413124,1.0254785294462205,0.09822428787651086,0.20027537200567572,0.4023957474458148,0.3370824931552611,0
#2f4f4f,#ff4500,2.5947388215136,6.00536428842065,0.06760815192804356,0.2551624375341642,0.87341882181057,1.0184577105395838,0
#483d8b,#bdb76b,4.38259598957231,4.511564173902365,0.06579284622798763,0.45747326349994166,0.6746579864589246,0.5198309358297847,0
#483d8b,#2f4f4f,1.0156771835151346,1.2467031457774247,0.06579284622798763,0.06760815192804356,0.26449519574772146,0.3404287089050277,0
#000080,#a52a2a,2.2600289448535125,4.282504855557445,0.015585128108223528,0.09822428787651086,0.7480334335345618,0.4437994372744292,0
#ffd700,#ff0000,2.8507569469976723,1.9798291616536623,0.6986087742815887,0.2126,0.8431372549019608,0.14052287581699346,0
#bdb76b,#000000,10.149465269998833,10.553039868233393,0.45747326349994166,0.0,1.1137462025138378,0.87260565560707,1
#ffc0cb,#bdb76b,1.345313647296691,1.634714108288396,0.6327107070246613,0.45747326349994166,0.45821981398001044,0.36821721102592747,0
#808080,#228b22,1.1114192079649958,2.4947282740380863,0.21586050011389923,0.18920812076002244,0.5230996253038991,0.8267977820793737,0
#cd5c5c,#c0c0c0,2.185534257456234,1.3520857534848485,0.21406134963883997,0.5271151257058131,0.5569317825197471,0.5535719926162231,0
#ff0000,#4169e1,1.212193349882684,2.8334585116036872,0.2126,0.16663210743188323,1.2260782902638026,0.4877731240784836,0
#008080,#daa520,2.1330311150391514,6.951795254333643,0.16996855778968425,0.4191997780956843,0.9453258207323704,0.5395754671628474,0
#000000,#c0c0c0,11.542302514116262,11.542302514116262,0.0,0.5271151257058131,1.3041323727577427,0.7529411764705882,1
#ffa500,#ffffff,1.9747879003183522,1.379324353091998,0.48170267036309633,1.0,1.0604562574894085,1.0057982612099603,0
#00ff00,#808080,2.87820116065446,2.0090206422957144,0.7152,0.21586050011389923,0.8671633746527239,1.1658276765768218,0
#0087be,#c0c0c0,2.2157830354805887,5.61279127529293,0.21045651422754966,0.5271151257058131,0.7854599467514484,1.0973347438409733,0
#daa520,#0087be,1.8014514994459483,5.81370540406459,0.4191997780956843,0.21045651422754966,1.062361554405981,0.46658864386918697,0
#ffff00,#00ced1,1.81929605542026,6.747005729511065,0.9278,0.4874606277449036,1.3071653592534271,0.3811207958280918,0
#cd5c5c,#daa520,1.7768589713618246,1.4004846904597148,0.21406134963883997,0.4191997780956843,0.3740526930089544,0.3286345915455054,0
#000000,#a52a2a,2.9644857575302175,4.908942179517602,0.0,0.09822428787651086,0.6877071880317874,0.9871107336292668,0
#00ced1,#c0c0c0,1.0737812146859822,3.960784429763283,0.4874606277449036,0.5271151257058131,0.7578780145691787,1.118953896842507,0
#8b0000,#483d8b,1.1039489515588143,1.3359926304885545,0.05488967453113127,0.06579284622798763,0.6506850263070509,0.5371986798731457,0
#ffff00,#bdb76b,1.9268010165822507,1.8631368115526552,0.9278,0.45747326349994166,0.568140426998876,0.6226155187342625,0
#696969,#ffc0cb,3.5694811218320215,4.509805058535537,0.14126329114027164,0.6327107070246613,0.7811012641961819,0.6386749285225956,0
#ffc0cb,#696969,3.5694811218320215,4.509805058535537,0.6327107070246613,0.14126329114027164,0.7811012641961819,0.6386749285225956,0
#556b2f,#00ffff,4.743959626041901,1.301658819058755,0.1265192088488916,0.7874,1.055135188154856,0.7771117095340583,0
#483d8b,#800080,1.0387144708665872,1.2553406811661914,0.06579284622798763,0.06147707043243851,0.3275859766346212,0.4636212558968276,0
#ffff00,#c0c0c0,1.694289330580529,1.7034518917037604,0.9278,0.5271151257058131,0.830058154464124,1.0434633870249184,0
#ffc0cb,#4169e1,3.1514751673610046,5.498443694605022,0.6327107070246613,0.16663210743188323,0.8240241277826835,0.5906198439166849,0
#008000,#a52a2a,1.3788794846613623,3.417122760148103,0.15438342968146074,0.09822428787651086,0.7480334335345618,0.44379943727442916,0
#0087be,#bdb76b,1.9483991982499778,5.131732600821887,0.21045651422754966,0.45747326349994166,0.8310950332232566,0.689626812240661,0
#ffff00,#8b0000,9.322175937439761,6.291697347915613,0.9278,0.05488967453113127,1.0986062961431695,0.4844724674356543,1
#ffffff,#ff00ff,3.1362007168458783,2.201999508620053,1.0,0.2848,1.0,1.0137937550497031,0
#556b2f,#008080,1.2461451602017277,1.7801303786452816,0.1265192088488916,0.16996855778968425,0.4677528963146728,0.5232872636206357,0
#ffd700,#0087be,2.8742178958425337,8.558755539516676,0.6986087742815887,0.21045651422754966,1.2859217593780075,0.48084596376776256,0
#ffc0cb,#696969,3.5694811218320215,4.509805058535537,0.6327107070246613,0.14126329114027164,0.7811012641961819,0.6386749285225956,0
#8b4513,#483d8b,1.277473435010593,1.8439937193219904,0.09792228502052074,0.06579284622798763,0.5398819413287098,0.4849206256869978,0
#800000,#4169e1,2.259127327919172,1.1245008611953375,0.045891942324214986,0.16663210743188323,1.004557090511478,0.6072725772881137,0
#0000ff,#808080,2.1756178405392737,3.2286266813652365,0.0722,0.21586050011389923,0.8671633746527239,1.1658276765768218,0
#2f4f4f,#008080,1.8703512824882078,1.0909824777922037,0.06760815192804356,0.16996855778968425,0.32835966439889086,0.6251991262390812,0
#000080,#808000,3.816038471293226,4.391616781623347,0.015585128108223528,0.20027537200567572,0.8694215818384953,0.5,0
#ff4500,#008000,1.4930879573249716,7.843310455268517,0.2551624375341642,0.15438342968146074,1.026417681277866,0.5754325721893799,0
#808080,#556b2f,1.5061278704318677,1.7368503183589095,0.21586050011389923,0.1265192088488916,0.3689402094158328,0.6108213037772618,0
#808080,#483d8b,2.296001081020492,2.2731776294718458,0.21586050011389923,0.06579284622798763,0.34514259961863725,0.6424526462637602,0
#00ffff,#8b4513,5.661080748474312,1.0824087427612306,0.7874,0.09792228502052074,1.2983472177678161,0.6410914236317772,0
#00ffff,#dc143c,3.979621911536837,1.8256245864150884,0.7874,0.1604219995302558,1.4759379816908873,0.49485467432364383,0
#008000,#ffd700,3.6627664749941995,12.251713899912227,0.15438342968146074,0.6986087742815887,1.0565989703208332,0.5340589226752603,0
#696969,#00ffff,4.378257819404847,1.041734303505192,0.14126329114027164,0.7874,0.9282196375329118,1.2633371526420312,0
#bdb76b,#8b4513,3.4306748535526053,2.4466266487942274,0.45747326349994166,0.09792228502052074,0.597830243142259,0.47968845615958133,0
#ffd700,#008080,3.4032535458878925,10.234215875647209,0.6986087742815887,0.16996855778968425,1.1697717781994466,0.6142205330109733,0
#cd5c5c,#dc143c,1.2549132230865983,1.1734326129120234,0.21406134963883997,0.1604219995302558,0.3145332737807931,0.3642022177852709,0
#ff0000,#228b22,1.0977888173932215,4.1709588153305015,0.2126,0.18920812076002244,1.032482814019524,0.6147179651757652,0
#00ff00,#bdb76b,1.5078626895978096,3.987293134024713,0.7152,0.45747326349994166,0.897293979678308,0.647682717537622,0
#000080,#ff4500,4.65292126944707,9.829619087748576,0.015585128108223528,0.2551624375341642,1.1511657665464323,0.6255024892762093,1
#483d8b,#daa520,4.052061879296621,5.111120757616953,0.06579284622798763,0.4191997780956843,0.8186691312625157,0.604419137751466,0
#00ffff,#808080,3.1497721535965044,1.334336074037317,0.7874,0.21586050011389923,0.8648992714250887,1.223945693387333,0
#808000,#0087be,1.0406797606184082,2.4479408987979943,0.20027537200567572,0.21045651422754966,0.8988266091724262,0.4524579735136219,0
#dc143c,#8b0000,2.0061269183155157,2.3279602446824246,0.1604219995302558,0.05488967453113127,0.4030067691472066,0.3320771414901472,0
#ffc0cb,#daa520,1.4550533459234405,1.4429550690102082,0.6327107070246613,0.4191997780956843,0.6942284169950662,0.6406713132999556,0
#0000ff,#dc143c,1.7219476229971833,4.417373077549942,0.0722,0.1604219995302558,1.1555326351496134,0.3422036979960647,0
#2f4f4f,#ffc0cb,5.804960760223199,9.194582319288578,0.06760815192804356,0.6327107070246613,1.0479397043679435,0.8503424899180991,1
#bdb76b,#556b2f,2.874889746046628,3.447118065102366,0.45747326349994166,0.1265192088488916,0.557249244496678,0.35338371139558533,0
#696969,#dc143c,1.1001692916385784,1.9018157569910765,0.14126329114027164,0.1604219995302558,0.5879084059045079,1.0153525034256843,0
#ff0000,#808080,1.0124162228252065,1.6719090647011379,0.2126,0.21586050011389923,0.8671633746527239,1.1171584759385749,0
#808080,#800000,2.772500938765145,1.9057415284898638,0.21586050011389923,0.045891942324214986,0.7098797489559064,1.0,0
#8b4513,#00ced1,3.6333986300329504,1.4801258057032665,0.09792228502052074,0.4874606277449036,1.068150640163052,0.530550515708499,0
#cd5c5c,#8b4513,1.7851356852837128,1.9791483050742964,0.21406134963883997,0.09792228502052074,0.39633072919600437,0.41135412806256205,0
#daa520,#a52a2a,3.165471629633233,2.435446897970912,0.4191997780956843,0.09822428787651086,0.5266887122537681,0.2627033599051046,0
#483d8b,#ffff00,8.44439040797722,8.40566129007964,0.06579284622798763,0.9278,1.1793820184340666,0.7915632297150966,1
#bdb76b,#8b0000,4.838162247794215,3.3769379193750093,0.45747326349994166,0.05488967453113127,0.854128090107029,0.618724456578583,1
#ff00ff,#228b22,1.3996180352751355,4.4744690986646445,0.2848,0.18920812076002244,1.3414000501636372,0.7188651233706655,0
#0087be,#483d8b,2.2493316531379657,1.137461953995236,0.21045651422754966,0.06579284622798763,0.4515937857499268,0.5027237547019828,0
#808000,#ffff00,3.906896600188953,3.9057805359315965,0.20027537200567572,0.9278,0.7043338134171885,0.4980392156862745,0
#dc143c,#c0c0c0,2.742655839190578,1.5865815185928478,0.1604219995302558,0.5271151257058131,0.8573090774550406,0.9163046945720054,0
#8b0000,#808000,2.386082072658105,1.6108681197098889,0.05488967453113127,0.20027537200567572,0.5038109285727406,0.17215864932745759,0
#228b22,#800080,2.145805588827312,1.3776899131209386,0.18920812076002244,0.06147707043243851,0.7542574279311995,0.5582939140218041,0
#696969,#808000,1.3085384577123318,1.315990846277008,0.14126329114027164,0.20027537200567572,0.43106941220547906,1.0177981677828742,0
#ffa500,#4169e1,2.4544038123724685,4.852586471558577,0.48170267036309633,0.16663210743188323,1.178592857031272,0.5748348595618048,0
#8b0000,#ffc0cb,6.508845699793192,5.52032805961639,0.05488967453113127,0.6327107070246613,1.186421964583809,0.880172170625871,1
#ffd700,#483d8b,6.465069291134212,7.524432364049447,0.6986087742815887,0.06579284622798763,1.0848365934316049,0.7761063298340323,1
#ff00ff,#dc143c,1.5910883878463493,1.3109074012811575,0.2848,0.1604219995302558,0.7808748137937206,0.21185171394152,0
#ffc0cb,#dc143c,3.244483507184318,2.371315434714162,0.6327107070246613,0.1604219995302558,0.8878521443456374,0.6761237364986112,0
#00ced1,#ff0000,2.0466893668884376,3.050599669809819,0.4874606277449036,0.2126,1.5245876658762345,0.5292964283576651,0
#800080,#bdb76b,4.552265874330628,3.5938962558842547,0.06147707043243851,0.45747326349994166,0.7609359056571469,0.6934447628770837,1
#008000,#ffffff,5.137402780824574,14.618134689490663,0.15438342968146074,1.0,1.4993475448879088,1.1658276765768218,1
#800080,#2f4f4f,1.0549985882461885,1.565037176232266,0.06147707043243851,0.06760815192804356,0.4835311610419513,0.7085090391527985,0
#ff4500,#4169e1,1.4086667075891233,3.5912623606841123,0.2551624375341642,0.16663210743188323,1.1634640504517444,0.5232398906105573,0
#556b2f,#ffc0cb,3.867628409829847,5.6350525339586355,0.1265192088488916,0.6327107070246613,0.964267395963836,0.7079846104590103,0
#00ff00,#483d8b,6.608352976257076,1.1314854519733946,0.7152,0.06579284622798763,0.9775724156084572,0.7258493279750936,0
#ff4500,#800000,3.182357455044514,4.038377617367685,0.2551624375341642,0.045891942324214986,0.5667989532814826,0.5000768875907975,0
#00ced1,#556b2f,3.0447713382003325,1.0505341480649575,0.4874606277449036,0.1265192088488916,0.8157428336348913,0.6544889420993087,0
#556b2f,#008000,1.1578537600200902,2.131052185014143,0.1265192088488916,0.15438342968146074,0.38969817479121155,0.45920213120651965,0
#c0c0c0,#800000,6.018390197526303,4.136877277015687,0.5271151257058131,0.045891942324214986,1.0939981662219729,1.0310146251373995,1
#ff4500,#4169e1,1.4086667075891233,3.5912623606841123,0.2551624375341642,0.16663210743188323,1.1634640504517444,0.5232398906105573,0
#008000,#556b2f,1.1578537600200902,2.131052185014143,0.15438342968146074,0.1265192088488916,0.38969817479121155,0.45920213120651965,0
#ff00ff,#2f4f4f,2.8467414419099226,5.082936600333462,0.2848,0.06760815192804356,1.1125166043367751,0.9702738919208476,0
#696969,#ffff00,5.112324451652805,5.139971432852887,0.14126329114027164,0.9278,0.9282196375329118,1.172091523313539,1
#00ff00,#ff00ff,2.2855436081242533,3.603318596289871,0.7152,0.2848,1.7320508075688772,0.5,0
#ffd700,#cd5c5c,2.8349804895925526,2.0617498255243913,0.6986087742815887,0.21406134963883997,0.6334638364906745,0.5095069735654084,0
#483d8b,#556b2f,1.5244396748080464,1.3087930522531694,0.06579284622798763,0.1265192088488916,0.40657797735789086,0.4791193887580495,0
#a52a2a,#000080,2.2600289448535125,4.282504855557445,0.09822428787651086,0.015585128108223528,0.7480334335345618,0.4437994372744292,0
#000000,#ff0000,5.252,8.88989160172812,0.0,0.2126,1.0,1.4142135623730951,1
#800000,#c0c0c0,6.018390197526303,4.136877277015687,0.045891942324214986,0.5271151257058131,1.0939981662219729,1.0310146251373995,1
#00ff00,#228b22,3.1988880543385116,1.2417633853614127,0.7152,0.18920812076002244,0.4924341067401494,0.5164949811941275,0
#ffa500,#800080,4.769614668743368,5.1849055322982895,0.48170267036309633,0.06147707043243851,0.9584846427864749,0.5686815390097145,1
#808080,#ff00ff,1.2593070420636607,1.79356972269451,0.21586050011389923,0.2848,0.8648992714250887,1.1295223938192536,0
#8b0000,#ffd700,7.1371064657027,5.63209121991778,0.05488967453113127,0.6986087742815887,0.9580272566733304,0.4761118277813433,1
#00ced1,#c0c0c0,1.0737812146859822,3.960784429763283,0.4874606277449036,0.5271151257058131,0.7578780145691787,1.118953896842507,0
#696969,#ff0000,1.3729764788341448,2.3239931585220694,0.14126329114027164,0.2126,0.8277204282041347,1.160181348430354,0
#00ced1,#ffd700,1.392862538457241,6.039666186820513,0.4874606277449036,0.6986087742815887,1.2934460527105827,0.4043400086817816,0
#a52a2a,#0000ff,1.2129647125737386,2.980725171900245,0.09822428787651086,0.0722,1.0693593464148083,0.5481532391487859,0
#808080,#cd5c5c,1.0068133805932598,1.605478162747759,0.21586050011389923,0.21406134963883997,0.36199710904765803,0.6285087635729422,0
#8b4513,#808000,1.6919382496758748,1.1670907086455071,0.09792228502052074,0.20027537200567572,0.24687201153783753,0.17319733359193562,0
#000080,#00ffff,12.76813851180083,3.476390327644516,0.015585128108223528,0.7874,1.1171584759385749,0.5251864793948691,1
#a52a2a,#0087be,1.7571783812147042,2.3871205768880723,0.09822428787651086,0.21045651422754966,0.9426295971790262,0.5277187712036278,0
#800000,#4169e1,2.259127327919172,1.1245008611953375,0.045891942324214986,0.16663210743188323,1.004557090511478,0.6072725772881137,0
#00ffff,#ffff00,1.1676618103654168,4.934052200794469,0.7874,0.9278,1.4142135623730951,0.33333333333333337,0
#8b4513,#daa520,3.1719343574945036,2.771766901405845,0.09792228502052074,0.4191997780956843,0.49021176445491005,0.3139325355866228,0
#00ff00,#228b22,3.1988880543385116,1.2417633853614127,0.7152,0.18920812076002244,0.4924341067401494,0.5164949811941275,0
#ffff00,#000000,19.555999999999997,19.661757052288415,0.9278,0.0,1.4142135623730951,1.4240006242195884,1
#228b22,#a52a2a,1.6138254005936756,2.303177201128808,0.18920812076002244,0.09822428787651086,0.6399971164871605,0.3487204308234466,0
#ffff00,#ffffff,1.0738392309265699,1.0680632429824386,0.9278,1.0,1.0,1.0137937550497031,0
#ffd700,#000000,14.972175485631775,17.60046663704132,0.6986087742815887,0.0,1.3080062807966994,1.4211779194132865,1
#696969,#0000ff,1.5651660486110608,2.322713470698554,0.14126329114027164,0.0722,0.8277204282041347,1.2071171742448146,0
#228b22,#800080,2.145805588827312,1.3776899131209386,0.18920812076002244,0.06147707043243851,0.7542574279311995,0.5582939140218041,0
#800000,#c0c0c0,6.018390197526303,4.136877277015687,0.045891942324214986,0.5271151257058131,1.0939981662219729,1.0310146251373995,1
#800080,#ffa500,4.769614668743368,5.1849055322982895,0.06147707043243851,0.48170267036309633,0.9584846427864749,0.5686815390097145,1
#ffa500,#ffc0cb,1.284008422523894,1.1330954588510416,0.48170267036309633,0.6327107070246613,0.8030889997758268,0.7652933966654756,0
#800080,#daa520,4.208935310872259,4.071500935402495,0.06147707043243851,0.4191997780956843,0.8276368158570144,0.47730524705053684,0
#ffffff,#008000,5.137402780824574,14.618134689490663,1.0,0.15438342968146074,1.4993475448879088,1.1658276765768218,1
#00ced1,#000080,8.19485519427556,2.5422671974191484,0.4874606277449036,0.015585128108223528,0.8680496462697748,0.35761111126941025,0
#000000,#0000ff,2.444,1.6468952675660793,0.0,0.0722,1.0,1.4529663145135578,0
#ffa500,#4169e1,2.4544038123724685,4.852586471558577,0.48170267036309633,0.16663210743188323,1.178592857031272,0.5748348595618048,0
#ffc0cb,#008080,3.103674060896525,10.03112820096184,0.6327107070246613,0.16996855778968425,1.0721456745977345,1.0181894653156232,0
#dc143c,#8b4513,1.4225172326202553,1.6866314122314925,0.1604219995302558,0.09792228502052074,0.404568300067435,0.3369849796451125,0
#00ff00,#ffd700,1.0221627454665265,6.650047820700017,0.7152,0.6986087742815887,1.0122281960110044,0.19281045751633985,0
#8b4513,#daa520,3.1719343574945036,2.771766901405845,0.09792228502052074,0.4191997780956843,0.49021176445491005,0.3139325355866228,0
#00ffff,#ffff00,1.1676618103654168,4.934052200794469,0.7874,0.9278,1.4142135623730951,0.33333333333333337,0
#0087be,#dc143c,1.2377817662078607,3.537663340658954,0.21045651422754966,0.1604219995302558,1.0989142171923179,0.4440512026163907,0
#bdb76b,#696969,2.653270580436489,2.7587729473121536,0.45747326349994166,0.14126329114027164,0.4495971967989495,0.5662244964415217,0
#ff0000,#000080,4.003956500118101,7.755439473015188,0.2126,0.015585128108223528,1.1189122525867927,0.5992947283870521,0
#8b4513,#bdb76b,3.4306748535526053,2.4466266487942274,0.09792228502052074,0.45747326349994166,0.597830243142259,0.47968845615958133,0
#808000,#00ced1,2.147477090685196,1.7274410754627274,0.20027537200567572,0.4874606277449036,1.0086057997859144,0.46218111680842555,0
#0000ff,#808080,2.1756178405392737,3.2286266813652365,0.0722,0.21586050011389923,0.8671633746527239,1.1658276765768218,0
#000080,#00ff00,11.667279184654879,2.3089225286953043,0.015585128108223528,0.7152,1.1189122525867927,0.5992947283870521,0
#000080,#ffc0cb,10.409535312610881,15.049751776727504,0.015585128108223528,0.6327107070246613,1.2858559816465964,0.9526390054777669,1
#556b2f,#00ced1,3.0447713382003325,1.0505341480649575,0.1265192088488916,0.4874606277449036,0.8157428336348913,0.6544889420993087,0
#ffffff,#00ced1,1.9536314769802343,7.206228819882682,1.0,0.4874606277449036,1.0341496942694668,1.1314392202288999,0
#2f4f4f,#008000,1.7378338689184492,1.306050737070478,0.06760815192804356,0.15438342968146074,0.4085024836196398,0.6470330171080054,0
#ff0000,#008080,1.1938069815008578,5.169241909286268,0.2126,0.16996855778968425,1.226347935121881,0.7057216592690063,0
#ffa500,#008080,2.417175780510715,8.852853590229195,0.48170267036309633,0.16996855778968425,1.1282810243787171,0.6339006746797775,0
#483d8b,#00ced1,4.641570228670975,1.245835801400568,0.06579284622798763,0.4874606277449036,0.6916762203867644,0.5506403624735461,0
#8b4513,#696969,1.2929984898065787,1.127582317748301,0.09792228502052074,0.14126329114027164,0.38916505819781255,0.8763009453304264,0
#ffd700,#000000,14.972175485631775,17.60046663704132,0.6986087742815887,0.0,1.3080062807966994,1.4211779194132865,1
#ff4500,#00ced1,1.7612279941391304,3.8664775668456017,0.2551624375341642,0.4874606277449036,1.4001427949366432,0.49158866128183665,0
#ffa500,#a52a2a,3.5871494340122605,3.1014513554716334,0.48170267036309633,0.09822428787651086,0.6199676294708423,0.44832020334931877,0
#483d8b,#daa520,4.052061879296621,5.111120757616953,0.06579284622798763,0.4191997780956843,0.8186691312625157,0.604419137751466,0
#ffa500,#00ffff,1.5749403692634172,3.8206240488771313,0.48170267036309633,0.7874,1.4575896109839843,0.39215686274509803,0
#ffc0cb,#800000,7.119583673843893,6.183004669817421,0.6327107070246613,0.045891942324214986,1.2036213459734297,0.903222185500469,1
#bdb76b,#8b0000,4.838162247794215,3.3769379193750093,0.45747326349994166,0.05488967453113127,0.854128090107029,0.618724456578583,1
#ffc0cb,#00ff00,1.1208261304921339,6.518084340071653,0.6327107070246613,0.7152,1.3018367528919725,0.8356307317611298,0
#a52a2a,#00ffff,5.6495464542063285,1.2318826288011002,0.09822428787651086,0.7874,1.3468918468306295,0.6628430149576858,0
#ff00ff,#4169e1,1.5454772792868339,3.039642229484447,0.2848,0.16663210743188323,0.8593963529729853,0.37510051766301467,0
#000000,#ff4500,6.103248750683283,11.267478584600303,0.0,0.2551624375341642,1.0359623511882972,1.4149324482607286,1
#808000,#ff00ff,1.3377265102712839,1.8944693717025647,0.20027537200567572,0.2848,1.2247480105516604,0.5992947283870521,0
#000080,#8b0000,1.5992905336412608,2.7262422838278413,0.015585128108223528,0.05488967453113127,0.7410104596735704,0.33611297783868427,0
#808000,#8b4513,1.6919382496758748,1.1670907086455071,0.20027537200567572,0.09792228502052074,0.24687201153783753,0.17319733359193562,0
#008080,#000000,4.399371155793685,1.7197669905441848,0.16996855778968425,0.0,0.7098797489559064,1.2255466653656442,0
#ff4500,#800080,2.737445793564427,3.837202323128329,0.2551624375341642,0.06147707043243851,0.7571166901012252,0.5411906789837007,0
#00ced1,#2f4f4f,4.569926649929329,1.553187412728227,0.4874606277449036,0.06760815192804356,0.7361485232018238,0.7834892783625176,0
#8b4513,#483d8b,1.277473435010593,1.8439937193219904,0.09792228502052074,0.06579284622798763,0.5398819413287098,0.4849206256869978,0
#ff4500,#bdb76b,1.6629611022920474,1.06769980264336,0.2551624375341642,0.45747326349994166,0.665523818578241,0.6320315869279286,0
#0087be,#8b4513,1.7607658926538179,2.0974726991349337,0.21045651422754966,0.09792228502052074,0.9021142239477368,0.5365956514084141,0
#ffd700,#556b2f,4.240947935147566,5.749138376839382,0.6986087742815887,0.1265192088488916,0.8110444848948039,0.7330832754466083,0
#000000,#556b2f,3.530384176977832,3.061409464059076,0.0,0.1265192088488916,0.5667039814025358,0.7364722671289381,0
#556b2f,#0000ff,1.4445107107110606,1.8588974808237106,0.1265192088488916,0.0722,0.9759743600920535,0.8499536032122371,0
#800080,#daa520,4.208935310872259,4.071500935402495,0.06147707043243851,0.4191997780956843,0.8276368158570144,0.47730524705053684,0
#dc143c,#2f4f4f,1.7891786928086306,3.877418492996438,0.1604219995302558,0.06760815192804356,0.7206622611036381,0.8817967804843072,0
#daa520,#ffff00,2.0839737051209695,1.64458280066127,0.4191997780956843,0.9278,0.4017072371074274,0.21179199143894079,0
#483d8b,#008000,1.7650782094003004,1.6282575624506892,0.06579284622798763,0.15438342968146074,0.6677499848681587,0.5672585616427119,0
#0000ff,#00ced1,4.398204809696429,1.7694783974873416,0.0722,0.4874606277449036,0.827739007578739,0.24398234194649626,0
#228b22,#000080,3.6472921172815216,1.859390086641423,0.18920812076002244,0.015585128108223528,0.6714133211002482,0.41569604946991817,0
#cd5c5c,#ff0000,1.0055649262712871,1.0413776428074757,0.21406134963883997,0.2126,0.5466053359694408,0.48974552318924125,0
#228b22,#bdb76b,2.1214717204732665,4.9512746205348455,0.18920812076002244,0.45747326349994166,0.6936854752976922,0.41691956210944436,0
#2f4f4f,#ff00ff,2.8467414419099226,5.082936600333462,0.06760815192804356,0.2848,1.1125166043367751,0.9702738919208476,0
#8b0000,#808080,2.5346679861704766,1.7014896471701162,0.05488967453113127,0.21586050011389923,0.7111892017868223,1.000929978949815,0
#0087be,#ffffff,4.031383139385257,10.211880743638277,0.21045651422754966,1.0,1.1342082246258487,1.1265243161380152,0
#ffc0cb,#0000ff,5.586830663049601,10.474984959684976,0.6327107070246613,0.0722,1.2682682765788924,0.812082516987202,1
#696969,#8b0000,1.8234711090032476,1.2240724350531014,0.14126329114027164,0.05488967453113127,0.5973927717997088,1.0088497300281036,0
#cd5c5c,#daa520,1.7768589713618246,1.4004846904597148,0.21406134963883997,0.4191997780956843,0.3740526930089544,0.3286345915455054,0
#bdb76b,#cd5c5c,1.9218006126001372,1.2362017755422237,0.45747326349994166,0.21406134963883997,0.36708060937526465,0.2038898950156968,0
#808000,#0087be,1.0406797606184082,2.4479408987979943,0.20027537200567572,0.21045651422754966,0.8988266091724262,0.4524579735136219,0
#ffffff,#000080,16.009727056831707,18.320159145884244,1.0,0.015585128108223528,1.4993475448879088,1.1658276765768218,1
#800080,#ff4500,2.737445793564427,3.837202323128329,0.06147707043243851,0.2551624375341642,0.7571166901012252,0.5411906789837007,0
#483d8b,#dc143c,1.8172279755171603,3.110137730966051,0.06579284622798763,0.1604219995302558,0.6772629630411414,0.5462706893273783,0
#4169e1,#a52a2a,1.4615155892154765,1.56461795313912,0.16663210743188323,0.09822428787651086,0.8543081225880257,0.44403580180184765,0
#4169e1,#00ced1,2.4809832398177645,1.0766346700743588,0.16663210743188323,0.4874606277449036,0.4751737374247209,0.32004120772050726,0
#8b4513,#8b0000,1.4102654592241812,1.380242433408983,0.09792228502052074,0.05488967453113127,0.28065940917777077,0.15331948334523524,0
#483d8b,#008000,1.7650782094003004,1.6282575624506892,0.06579284622798763,0.15438342968146074,0.6677499848681587,0.5672585616427119,0
#ffffff,#008000,5.137402780824574,14.618134689490663,1.0,0.15438342968146074,1.4993475448879088,1.1658276765768218,1
#ffff00,#008080,4.4451807559464545,11.432802908995747,0.9278,0.16996855778968425,1.2247480105516604,0.5992947283870521,0
#00ffff,#008000,4.097201036821427,2.7739028704980884,0.7874,0.15438342968146074,1.1171584759385749,0.5251864793948691,0
#c0c0c0,#800080,5.176985037973149,3.930795136540124,0.5271151257058131,0.06147707043243851,0.8324077905205709,1.044398839057661,1
#ffff00,#ffd700,1.3061562108170015,1.1171156684510273,0.9278,0.6986087742815887,0.1568627450980392,0.026143790849673193,0
#0000ff,#556b2f,1.4445107107110606,1.8588974808237106,0.0722,0.1265192088488916,0.9759743600920535,0.8499536032122371,0
#a52a2a,#ffffff,7.0838592989212374,4.277907384532211,0.09822428787651086,1.0,1.2328828005937953,0.824784792165378,1
#ffff00,#ffc0cb,1.4322318222624262,1.1397325086423986,0.9278,0.6327107070246613,0.8335340012142967,0.7779750703997301,0
#008000,#ffc0cb,3.340342747397339,12.008591015162033,0.15438342968146074,0.6327107070246613,1.3025866674213238,0.9727907175878278,0
#696969,#808000,1.3085384577123318,1.315990846277008,0.14126329114027164,0.20027537200567572,0.43106941220547906,1.0177981677828742,0
#ffffff,#ffa500,1.9747879003183522,1.379324353091998,1.0,0.48170267036309633,1.0604562574894085,1.0057982612099603,0
#483d8b,#dc143c,1.8172279755171603,3.110137730966051,0.06579284622798763,0.1604219995302558,0.6772629630411414,0.5462706893273783,0
#ffc0cb,#ffffff,1.5379867185268434,1.2173063993131104,0.6327107070246613,1.0,0.32034679401426397,0.24876676441532092,0
#4169e1,#00ffff,3.865539646579435,1.2701031060579582,0.16663210743188323,0.7874,0.6517949073958691,0.33603961161339857,0
#ffa500,#ff4500,1.742359494371158,1.3512202630147552,0.48170267036309633,0.2551624375341642,0.37647058823529417,0.06274509803921571,0
#000000,#ffc0cb,13.654214140493226,17.251203157931045,0.0,0.6327107070246613,1.4834625995020876,1.0304779973767844,1
#ffff00,#808000,3.906896600188953,3.9057805359315965,0.9278,0.20027537200567572,0.7043338134171885,0.4980392156862745,0
#00ffff,#ff00ff,2.501194743130227,2.3932247822923918,0.7874,0.2848,1.4142135623730951,0.33333333333333337,0
#dc143c,#800000,2.1943658083263085,2.607415521066146,0.1604219995302558,0.045891942324214986,0.43781288586518796,0.37355172995369923,0
#808000,#008080,1.1377779375403658,2.9271493377107594,0.20027537200567572,0.16996855778968425,0.7098797489559064,0.33333333333333337,0
#008000,#00ffff,4.097201036821427,2.7739028704980884,0.15438342968146074,0.7874,1.1171584759385749,0.5251864793948691,0
#a52a2a,#cd5c5c,1.7814985210712273,1.7390028713355423,0.09822428787651086,0.21406134963883997,0.31858974135827295,0.2496661149314856,0
#daa520,#8b4513,3.1719343574945036,2.771766901405845,0.4191997780956843,0.09792228502052074,0.49021176445491005,0.3139325355866228,0
#0000ff,#daa520,3.8396053853983987,7.2593978736082665,0.0722,0.4191997780956843,1.383585877643694,0.4973578271336937,0
#ffc0cb,#ffd700,1.096524144969279,1.0202457461032046,0.6327107070246613,0.6986087742815887,0.8011717677633033,0.7718111911087628,0
#ff0000,#008000,1.28483997166146,6.188268229001598,0.2126,0.15438342968146074,1.1189122525867927,0.5992947283870521,0
#00ffff,#696969,4.378257819404847,1.041734303505192,0.7874,0.14126329114027164,0.9282196375329118,1.2633371526420312,0
#8b0000,#dc143c,2.0061269183155157,2.3279602446824246,0.05488967453113127,0.1604219995302558,0.4030067691472066,0.3320771414901472,0
#ffd700,#0000ff,6.126094715888615,10.687058845613643,0.6986087742815887,0.0722,1.6464751533514297,0.4738562091503269,1
#008080,#4169e1,1.0154014582480584,1.8243577197679062,0.16996855778968425,0.16663210743188323,0.46669961986140224,0.49374080561175826,0
#696969,#8b4513,1.2929984898065787,1.127582317748301,0.14126329114027164,0.09792228502052074,0.38916505819781255,0.8763009453304264,0
#800000,#ff4500,3.182357455044514,4.038377617367685,0.045891942324214986,0.2551624375341642,0.5667989532814826,0.5000768875907975,0
#ffffff,#8b0000,10.010518239222488,6.719930673278758,1.0,0.05488967453113127,1.48557591321528,1.0986062961431695,1
#ffffff,#808000,4.195378840456536,4.171620625584788,1.0,0.20027537200567572,1.223145993216999,1.1295223938192536,0
#00ff00,#ffa500,1.4391501917367648,5.7524582674446405,0.7152,0.48170267036309633,1.0604562574894085,0.22549019607843135,0
#228b22,#8b4513,1.6171202380144274,2.023714825053093,0.18920812076002244,0.09792228502052074,0.4983633343976013,0.28510122000796195,0
#696969,#00ced1,2.8100563602177715,1.3126543245720357,0.14126329114027164,0.4874606277449036,0.7019717383305687,1.1890960446576668,0
#dc143c,#ff4500,1.450240175530154,1.548804778041834,0.1604219995302558,0.2551624375341642,0.3333564005859358,0.1823591267858698,0
#00ffff,#808080,3.1497721535965044,1.334336074037317,0.7874,0.21586050011389923,0.8648992714250887,1.223945693387333,0
#008000,#8b0000,1.948556238686771,2.175340103971378,0.15438342968146074,0.05488967453113127,0.7410104596735704,0.3361129778386842,0
#a52a2a,#ffd700,5.050513549474917,3.5853888665624702,0.09822428787651086,0.6986087742815887,0.7822816813583522,0.4572827802422404,1
#8b0000,#556b2f,1.682903580719003,1.0207821841570441,0.05488967453113127,0.1265192088488916,0.5048629339571424,0.5104636328248452,0
#ffffff,#800000,10.949825131812458,7.526611151551592,1.0,0.045891942324214986,1.4993475448879088,1.1171584759385749,1
#00ffff,#2f4f4f,7.120254729556062,2.123885995975975,0.7874,0.06760815192804356,0.9933341848381974,0.9112191362302031,0
#bdb76b,#ff0000,1.9324952913173714,1.1870830760390791,0.45747326349994166,0.2126,0.8706765544319682,0.6413757255276394,0
#2f4f4f,#ff00ff,2.8467414419099226,5.082936600333462,0.06760815192804356,0.2848,1.1125166043367751,0.9702738919208476,0
#ffd700,#000080,11.414306808188163,15.354445230115381,0.6986087742815887,0.015585128108223528,1.4010157242488268,0.6874465559676023,1
#008000,#2f4f4f,1.7378338689184492,1.306050737070478,0.15438342968146074,0.06760815192804356,0.4085024836196398,0.6470330171080054,0
#228b22,#ffffff,4.3894830855402995,9.852778756595159,0.18920812076002244,1.0,1.3073477028501774,0.942692709007717,0
#8b4513,#008000,1.3816946490050999,3.0024967185976044,0.09792228502052074,0.15438342968146074,0.5968390400074775,0.30030401520549377,0
#483d8b,#ff4500,2.635417018192313,4.8169961780884085,0.06579284622798763,0.2551624375341642,0.9017391031927338,0.7249120049389606,0
#000000,#8b4513,2.9584457004104148,4.313302102482311,0.0,0.09792228502052074,0.6131081277530099,1.023355970015325,0
#228b22,#ffffff,4.3894830855402995,9.852778756595159,0.18920812076002244,1.0,1.3073477028501774,0.942692709007717,0
#bdb76b,#cd5c5c,1.9218006126001372,1.2362017755422237,0.45747326349994166,0.21406134963883997,0.36708060937526465,0.2038898950156968,0
#bdb76b,#ffffff,2.069074521795217,1.9899479450668895,0.45747326349994166,1.0,0.6953904360256584,0.5282875060239205,0
#228b22,#ffc0cb,2.854044857906676,8.093918476198587,0.18920812076002244,0.6327107070246613,1.1106488850172591,0.7724638902378262,0
#800080,#ffd700,6.715361027856294,5.99393652809799,0.06147707043243851,0.6986087742815887,1.1004036168396867,0.585156795545194,1
#daa520,#ff0000,1.786747060531928,1.344838445622967,0.4191997780956843,0.2126,0.6748972895213807,0.2383343847201708,0
#ffc0cb,#00ced1,1.2702525018236277,5.919815113063516,0.6327107070246613,0.4874606277449036,1.0017823408884565,0.9049644595075754,0
#008080,#000000,4.399371155793685,1.7197669905441848,0.16996855778968425,0.0,0.7098797489559064,1.2255466653656442,0
#800080,#808000,2.2450838637471815,1.7143616620645896,0.06147707043243851,0.20027537200567572,0.7098797489559064,0.33333333333333326,0
#808000,#ff0000,1.0492442700037012,1.7659645316658101,0.20027537200567572,0.2126,0.707112218357348,0.5251864793948691,0
#696969,#800080,1.7157186710982697,1.3027154914599817,0.14126329114027164,0.06147707043243851,0.43106941220547906,1.0177981677828742,0
#000000,#008000,4.087668593629214,1.4365717956544357,0.0,0.15438342968146074,0.5019607843137255,1.1675083469080474,0
#008000,#808080,1.3007928310443406,3.7013186659812636,0.15438342968146074,0.21586050011389923,0.7098797489559064,1.0540925533894598,0
#008000,#00ff00,3.7439434360828225,1.8423497439786156,0.15438342968146074,0.7152,0.4980392156862745,0.4980392156862745,0
#808080,#0000ff,2.1756178405392737,3.2286266813652365,0.21586050011389923,0.0722,0.8671633746527239,1.1658276765768218,0
#008080,#8b0000,2.097142152199143,1.8171253759978363,0.16996855778968425,0.05488967453113127,0.8950201843168044,0.5018573729262894,0
#228b22,#0000ff,1.9575132631753065,1.2941796968289565,0.18920812076002244,0.0722,1.032482814019524,0.6147179651757652,0
#ffffff,#696969,5.489814557409947,5.489814557409947,1.0,0.14126329114027164,1.0188534162169867,0.5882352941176471,1
#ffff00,#dc143c,4.6468525257949835,2.7026652891892113,0.9278,0.1604219995302558,0.9609843729288507,0.2590431835084294,0
#228b22,#ffd700,3.129529097520086,8.25778589464774,0.18920812076002244,0.6986087742815887,0.9261297225420306,0.5513102013625201,0
#008080,#dc143c,1.045368631990667,4.230195634926566,0.16996855778968425,0.1604219995302558,0.9974053227908727,0.5968312672925808,0
#ffff00,#556b2f,5.539340485244531,6.42245256086038,0.9278,0.1265192088488916,0.9029236122708881,0.7304329118574657,1
#ff0000,#cd5c5c,1.0055649262712871,1.0413776428074757,0.2126,0.21406134963883997,0.5466053359694408,0.48974552318924125,0
#bdb76b,#ff00ff,1.5157504883510804,1.1065613621094172,0.45747326349994166,0.2848,0.9585728851595032,0.7004506506378824,0
#800000,#008080,2.2939211831371673,1.622371118354347,0.045891942324214986,0.16996855778968425,0.8694215818384953,0.5,0
#8b0000,#cd5c5c,2.5175151969841085,2.7317044726730106,0.05488967453113127,0.21406134963883997,0.5721190972497846,0.5180671246195293,0
#daa520,#bdb76b,1.0815718318529388,1.1328932850346647,0.4191997780956843,0.45747326349994166,0.3231429658737673,0.4359271917727358,0
#ff00ff,#daa520,1.4014330289596306,1.2536159366125708,0.2848,0.4191997780956843,1.0974998675382353,0.35257093725627464,0
#8b4513,#008000,1.3816946490050999,3.0024967185976044,0.09792228502052074,0.15438342968146074,0.5968390400074775,0.30030401520549377,0
#ff00ff,#00ced1,1.6053184819142883,3.2725842088850756,0.2848,0.4874606277449036,1.2981339933409939,0.3769128126625058,0
#ffa500,#808000,2.124470602529115,3.0243942378261988,0.48170267036309633,0.20027537200567572,0.5187451217559895,0.501501014928042,0
#00ff00,#ffffff,1.3721902770517513,7.934505778431795,0.7152,1.0,1.4142135623730951,1.0540925533894598,0
#556b2f,#008000,1.1578537600200902,2.131052185014143,0.1265192088488916,0.15438342968146074,0.38969817479121155,0.45920213120651965,0
#cd5c5c,#ffc0cb,2.585424591514106,2.020836483170038,0.21406134963883997,0.6327107070246613,0.6178306605419712,0.3630527738126363,0
#dc143c,#483d8b,1.8172279755171603,3.110137730966051,0.1604219995302558,0.06579284622798763,0.6772629630411414,0.5462706893273783,0
#008000,#696969,1.0685972643415764,2.6627738581369114,0.15438342968146074,0.14126329114027164,0.5892670689807462,1.0579444426223474,0
#483d8b,#228b22,2.065828145281438,1.0974629706424288,0.06579284622798763,0.18920812076002244,0.5341545004705412,0.40628074524850705,0
#00ced1,#800000,5.604857037181758,1.044459083894886,0.4874606277449036,0.045891942324214986,1.255520680805695,0.5903499240228852,0
#800000,#00ff00,7.979815419869421,1.0541936628141229,0.045891942324214986,0.7152,1.1189122525867927,0.5992947283870521,0
#ff00ff,#0000ff,2.7397708674304417,5.790767061580343,0.2848,0.0722,1.0,0.16666666666666674,0
#008080,#00ff00,3.4786789879834594,1.5389687640727225,0.16996855778968425,0.7152,0.707112218357348,0.5251864793948691,0
#ffffff,#ff0000,3.9984767707539985,2.3622335277876476,1.0,0.2126,1.4142135623730951,1.0,0
#daa520,#000080,7.154057507083723,10.429813166012748,0.4191997780956843,0.015585128108223528,1.136341756456375,0.5923502690767981,1
#696969,#ffa500,2.7799514856886365,3.9800751325122055,0.14126329114027164,0.48170267036309633,0.7556019163920664,1.165182776863207,0
#8b4513,#556b2f,1.193323972952444,1.408926885841455,0.09792228502052074,0.1265192088488916,0.2812615070908409,0.36381425121421423,0
#696969,#ffffff,5.489814557409947,5.489814557409947,0.14126329114027164,1.0,1.0188534162169867,0.5882352941176471,1
#808000,#ff00ff,1.3377265102712839,1.8944693717025647,0.20027537200567572,0.2848,1.2247480105516604,0.5992947283870521,0
#0087be,#800000,2.7161459859362784,1.3567700706224373,0.21045651422754966,0.045891942324214986,1.0427907429781431,0.5130280206380505,0
#556b2f,#c0c0c0,3.2694182659738162,3.7702576704040434,0.1265192088488916,0.5271151257058131,0.7813571725797802,0.6909643763167895,0
#0000ff,#808000,2.048079967313222,3.0566696659635966,0.0722,0.20027537200567572,1.226347935121881,0.7057216592690063,0
#008080,#808000,1.1377779375403658,2.9271493377107594,0.16996855778968425,0.20027537200567572,0.7098797489559064,0.33333333333333337,0
#0087be,#cd5c5c,1.0138404501879377,4.151209537432514,0.21045651422754966,0.21406134963883997,0.9068749336753772,0.639488982770912,0
#ffa500,#a52a2a,3.5871494340122605,3.1014513554716334,0.48170267036309633,0.09822428787651086,0.6199676294708423,0.44832020334931877,0
#008000,#8b4513,1.3816946490050999,3.0024967185976044,0.15438342968146074,0.09792228502052074,0.5968390400074775,0.30030401520549377,0
#00ffff,#008000,4.097201036821427,2.7739028704980884,0.7874,0.15438342968146074,1.1171584759385749,0.5251864793948691,0
#ffffff,#483d8b,9.067917701345962,8.977777856894411,1.0,0.06579284622798763,1.1405024625024887,0.786015504844685,1
#4169e1,#2f4f4f,1.8419820725048521,1.6722154176663013,0.16663210743188323,0.06760815192804356,0.5858251277930216,0.6611373896274789,0
#008080,#800000,2.2939211831371673,1.622371118354347,0.16996855778968425,0.045891942324214986,0.8694215818384953,0.5,0
#ffffff,#00ffff,1.2538810604251254,5.26987979462518,1.0,0.7874,1.0,1.118033988749895,0
#daa520,#000080,7.154057507083723,10.429813166012748,0.4191997780956843,0.015585128108223528,1.136341756456375,0.5923502690767981,1
#ffc0cb,#0087be,2.621208031787626,8.388915682527042,0.6327107070246613,0.21045651422754966,1.0259456117691341,0.9002953446280502,0
#808000,#ffa500,2.124470602529115,3.0243942378261988,0.20027537200567572,0.48170267036309633,0.5187451217559895,0.501501014928042,0
#808000,#000000,5.005507440113514,5.034014807388236,0.20027537200567572,0.0,0.7098797489559064,1.131257002969099,1
#008000,#ff0000,1.28483997166146,6.188268229001598,0.15438342968146074,0.2126,1.1189122525867927,0.5992947283870521,0
#dc143c,#808000,1.1893973660757347,1.4451588036279974,0.1604219995302558,0.20027537200567572,0.6040743376931673,0.4224094978102295,0
#808000,#c0c0c0,2.305920558946269,2.292862249267931,0.20027537200567572,0.5271151257058131,0.8324077905205709,1.044398839057661,0
#ff0000,#ffff00,3.7235338918507237,2.211698177339568,0.2126,0.9278,1.0,0.16666666666666666,0
#008080,#00ced1,2.443352055154987,1.6945002520139032,0.16996855778968425,0.4874606277449036,0.4409803485645014,0.31765606761312454,0
#cd5c5c,#00ff00,2.897811440585961,3.2254387697152467,0.21406134963883997,0.7152,1.0886008924827255,0.5924202803711355,0
#483d8b,#ff0000,2.267843036546142,3.800546284389824,0.06579284622798763,0.2126,0.9324019079531277,0.7039305474142061,0
#000000,#228b22,4.7841624152004485,2.131378418087712,0.0,0.18920812076002244,0.5767906274484194,0.989376380376892,0
#ffffff,#008080,4.7734094842951285,12.210956551361056,1.0,0.16996855778968425,1.223145993216999,1.223945693387333,1
#556b2f,#228b22,1.3551393206435418,1.436351911081935,0.1265192088488916,0.18920812076002244,0.24155080148132535,0.2545144716359966,0
#ffff00,#ffffff,1.0738392309265699,1.0680632429824386,0.9278,1.0,1.0,1.0137937550497031,0
#808000,#000080,3.816038471293226,4.391616781623347,0.20027537200567572,0.015585128108223528,0.8694215818384953,0.5,0
#556b2f,#800080,1.5834575501862722,1.042579972025858,0.1265192088488916,0.06147707043243851,0.5526351538091676,0.5960797276783149,0
#008000,#00ced1,2.6296683081527514,2.0285415652022896,0.15438342968146074,0.4874606277449036,0.8748262858264682,0.3598341329488921,0
#800000,#c0c0c0,6.018390197526303,4.136877277015687,0.045891942324214986,0.5271151257058131,1.0939981662219729,1.0310146251373995,1
#800080,#008080,1.9732179625495074,1.707428136362791,0.06147707043243851,0.16996855778968425,0.7098797489559064,0.33333333333333337,0
#808000,#696969,1.3085384577123318,1.315990846277008,0.20027537200567572,0.14126329114027164,0.43106941220547906,1.0177981677828742,0
#ffa500,#696969,2.7799514856886365,3.9800751325122055,0.48170267036309633,0.14126329114027164,0.7556019163920664,1.165182776863207,0
#2f4f4f,#808080,2.2605618382351693,2.8339777015734193,0.06760815192804356,0.21586050011389923,0.4180289150038734,0.6715657300135196,0
#ffc0cb,#556b2f,3.867628409829847,5.6350525339586355,0.6327107070246613,0.1265192088488916,0.964267395963836,0.7079846104590103,0
#8b0000,#808080,2.5346679861704766,1.7014896471701162,0.05488967453113127,0.21586050011389923,0.7111892017868223,1.000929978949815,0
#ffd700,#cd5c5c,2.8349804895925526,2.0617498255243913,0.6986087742815887,0.21406134963883997,0.6334638364906745,0.5095069735654084,0
#ffc0cb,#ff00ff,2.0391598178753325,1.808911470327089,0.6327107070246613,0.2848,0.7800669339078498,0.7654050283541249,0
#daa520,#bdb76b,1.0815718318529388,1.1328932850346647,0.4191997780956843,0.45747326349994166,0.3231429658737673,0.4359271917727358,0
#ffffff,#008080,4.7734094842951285,12.210956551361056,1.0,0.16996855778968425,1.223145993216999,1.223945693387333,1
#ffd700,#ff0000,2.8507569469976723,1.9798291616536623,0.6986087742815887,0.2126,0.8431372549019608,0.14052287581699346,0
#4169e1,#ff4500,1.4086667075891233,3.5912623606841123,0.16663210743188323,0.2551624375341642,1.1634640504517444,0.5232398906105573,0
#808080,#696969,1.3900236607291168,1.3900236607291168,0.21586050011389923,0.14126329114027164,0.15622419048660466,0.09019607843137256,0
#ffd700,#c0c0c0,1.2971567386421186,1.5248661708108853,0.6986087742815887,0.5271151257058131,0.7975548947082256,1.0396079746287132,0
#dc143c,#008080,1.045368631990667,4.230195634926566,0.1604219995302558,0.16996855778968425,0.9974053227908727,0.5968312672925808,0
#00ffff,#ff00ff,2.501194743130227,2.3932247822923918,0.7874,0.2848,1.4142135623730951,0.33333333333333337,0
#ff4500,#c0c0c0,1.8911735348856713,1.0243908987669674,0.2551624375341642,0.5271151257058131,0.9276976001748858,1.0310537791137941,0
#2f4f4f,#4169e1,1.8419820725048521,1.6722154176663013,0.06760815192804356,0.16663210743188323,0.5858251277930216,0.6611373896274789,0
#a52a2a,#8b0000,1.4131447021748351,1.5708452916901054,0.09822428787651086,0.05488967453113127,0.25426768748936984,0.2742068379300963,0
#ff00ff,#000080,5.104815827264052,8.319783485040423,0.2848,0.015585128108223528,1.1171584759385749,0.5251864793948692,1
#0087be,#00ffff,3.215124038972585,1.9377824811210134,0.21045651422754966,0.7874,0.5351899632923992,0.25942754072247315,0
#808080,#800080,2.3848895479813126,1.8108053563277344,0.21586050011389923,0.06147707043243851,0.5019607843137255,1.0137937550497031,0
#8b0000,#800080,1.0628030922085863,1.0642470610029453,0.05488967453113127,0.06147707043243851,0.5038109285727406,0.17215864932745756,0
#483d8b,#ff00ff,2.8913703299148836,4.077102570527182,0.06579284622798763,0.2848,0.8827101673387819,0.6480892223176438,0
#ff00ff,#ff4500,1.0971206112564813,1.1814753479369924,0.2848,0.2551624375341642,1.0359623511882972,0.21176470588235285,0
#4169e1,#483d8b,1.8708591634870988,1.3413100170077248,0.16663210743188323,0.06579284622798763,0.37982573555342014,0.374801456145933,0
#000000,#cd5c5c,5.2812269927768,8.536664545401266,0.0,0.21406134963883997,0.9521662305318159,0.9747475771342289,1
#696969,#bdb76b,2.653270580436489,2.7587729473121536,0.14126329114027164,0.45747326349994166,0.4495971967989495,0.5662244964415217,0
#696969,#ffff00,5.112324451652805,5.139971432852887,0.14126329114027164,0.9278,0.9282196375329118,1.172091523313539,1
#000080,#ff00ff,5.104815827264052,8.319783485040423,0.015585128108223528,0.2848,1.1171584759385749,0.5251864793948692,1
#ffc0cb,#a52a2a,4.6059300861235615,3.5142404467323156,0.6327107070246613,0.09822428787651086,0.9323194361106255,0.611402167542485,1
#ff0000,#0087be,1.0082297260976842,4.322976802891382,0.2126,0.21045651422754966,1.3547870329509568,0.5187070800078043,0
#000080,#808000,3.816038471293226,4.391616781623347,0.015585128108223528,0.20027537200567572,0.8694215818384953,0.5,0
#ff4500,#ffffff,3.440790447488965,1.8637710151676268,0.2551624375341642,1.0,1.2377566491404317,1.001016400036033,0
#ff00ff,#000080,5.104815827264052,8.319783485040423,0.2848,0.015585128108223528,1.1171584759385749,0.5251864793948692,1
#cd5c5c,#808000,1.0550832370068421,1.6957964710140148,0.21406134963883997,0.20027537200567572,0.4911989740843155,0.5660053173562262,0
#ff00ff,#ff4500,1.0971206112564813,1.1814753479369924,0.2848,0.2551624375341642,1.0359623511882972,0.21176470588235285,0
#daa520,#800080,4.208935310872259,4.071500935402495,0.4191997780956843,0.06147707043243851,0.8276368158570144,0.47730524705053684,0
#000080,#696969,2.9162600829972254,3.3371180309098745,0.015585128108223528,0.14126329114027164,0.5892670689807462,1.0579444426223474,0
#cd5c5c,#ffc0cb,2.585424591514106,2.020836483170038,0.21406134963883997,0.6327107070246613,0.6178306605419712,0.3630527738126363,0
#808000,#556b2f,1.4178364702502306,1.644345477626411,0.20027537200567572,0.1265192088488916,0.2630375896115138,0.4510645074678369,0
#800080,#00ced1,4.821266164064076,1.0076293198148087,0.06147707043243851,0.4874606277449036,1.0027336722070979,0.4587173335190275,0
#ff00ff,#ff0000,1.2749428789032748,1.0727675090481787,0.2848,0.2126,1.0,0.16666666666666663,0
#228b22,#ffffff,4.3894830855402995,9.852778756595159,0.18920812076002244,1.0,1.3073477028501774,0.942692709007717,0
#ffa500,#228b22,2.222761788662306,7.143192052332305,0.48170267036309633,0.18920812076002244,0.8827711427242958,0.5635715519135184,0
#800080,#cd5c5c,2.3687503503142047,2.907208456570852,0.06147707043243851,0.21406134963883997,0.4911989740843155,0.5660053173562262,0
#ffff00,#008000,4.78414518008597,13.686581562971192,0.9278,0.15438342968146074,1.1171584759385749,0.5251864793948691,1
#ffffff,#ffc0cb,1.5379867185268434,1.2173063993131104,1.0,0.6327107070246613,0.32034679401426397,0.24876676441532092,0
#ffc0cb,#00ced1,1.2702525018236277,5.919815113063516,0.6327107070246613,0.4874606277449036,1.0017823408884565,0.9049644595075754,0
#808080,#00ced1,2.0215888690296087,1.8246205695135271,0.21586050011389923,0.4874606277449036,0.6681528992744996,1.1612549387597138,0
#0000ff,#cd5c5c,2.160894841561702,5.183489632596654,0.0722,0.21406134963883997,1.0886008924827257,0.5924202803711355,0
#0087be,#00ced1,2.063533059784972,1.4170908250183107,0.21045651422754966,0.4874606277449036,0.2882286247060856,0.08748847471357242,0
#800000,#ff00ff,3.4914299563150575,3.4180803047809767,0.045891942324214986,0.2848,1.1171584759385749,0.5251864793948691,0
#c0c0c0,#556b2f,3.2694182659738162,3.7702576704040434,0.5271151257058131,0.1265192088488916,0.7813571725797802,0.6909643763167895,0
#800000,#008000,2.1313931570019835,1.942193424789478,0.045891942324214986,0.15438342968146074,0.7098797489559064,0.3333333333333333,0
#ffff00,#00ced1,1.81929605542026,6.747005729511065,0.9278,0.4874606277449036,1.3071653592534271,0.3811207958280918,0
#ffa500,#0000ff,4.351085682185731,9.244574124678433,0.48170267036309633,0.0722,1.5552122431061512,0.4411764705882353,0
#ff0000,#00ffff,3.188880426504189,2.230888577540719,0.2126,0.7874,1.7320508075688772,0.5,0
#483d8b,#0087be,2.2493316531379657,1.137461953995236,0.06579284622798763,0.21045651422754966,0.4515937857499268,0.5027237547019828,0
#4169e1,#808080,1.2272442126220608,1.6947443921599779,0.16663210743188323,0.21586050011389923,0.4624625258881271,0.889383047594438,0
#008000,#ff00ff,1.638097572400064,6.638573093348028,0.15438342968146074,0.2848,1.5006547334376588,0.7057216592690063,0
#ffd700,#8b4513,5.060824839054757,4.080508672673826,0.6986087742815887,0.09792228502052074,0.7350509401801661,0.48028353130296675,1
#ffa500,#556b2f,3.0121519002402612,4.9731489875288855,0.48170267036309633,0.1265192088488916,0.7281139624604608,0.7376869178863708,0
#800000,#dc143c,2.1943658083263085,2.607415521066146,0.045891942324214986,0.1604219995302558,0.43781288586518796,0.37355172995369923,0
#ffff00,#483d8b,8.44439040797722,8.40566129007964,0.9278,0.06579284622798763,1.1793820184340666,0.7915632297150966,1
#ffffff,#000080,16.009727056831707,18.320159145884244,1.0,0.015585128108223528,1.4993475448879088,1.1658276765768218,1
#c0c0c0,#0087be,2.2157830354805887,5.61279127529293,0.5271151257058131,0.21045651422754966,0.7854599467514484,1.0973347438409733,0
#bdb76b,#800080,4.552265874330628,3.5938962558842547,0.45747326349994166,0.06147707043243851,0.7609359056571469,0.6934447628770837,1
#dc143c,#800000,2.1943658083263085,2.607415521066146,0.1604219995302558,0.045891942324214986,0.43781288586518796,0.37355172995369923,0
#0000ff,#a52a2a,1.2129647125737386,2.980725171900245,0.0722,0.09822428787651086,1.0693593464148083,0.5481532391487859,0
#483d8b,#00ced1,4.641570228670975,1.245835801400568,0.06579284622798763,0.4874606277449036,0.6916762203867644,0.5506403624735461,0
#cd5c5c,#ffc0cb,2.585424591514106,2.020836483170038,0.21406134963883997,0.6327107070246613,0.6178306605419712,0.3630527738126363,0
#00ff00,#a52a2a,5.162446795747172,1.854763337589047,0.7152,0.09822428787651086,1.0693593464148083,0.5481532391487859,0
#228b22,#556b2f,1.3551393206435418,1.436351911081935,0.18920812076002244,0.1265192088488916,0.24155080148132535,0.2545144716359966,0
#000080,#00ced1,8.19485519427556,2.5422671974191484,0.015585128108223528,0.4874606277449036,0.8680496462697748,0.35761111126941025,0
#008000,#8b4513,1.3816946490050999,3.0024967185976044,0.15438342968146074,0.09792228502052074,0.5968390400074775,0.30030401520549377,0
#cd5c5c,#556b2f,1.4959354925779687,2.7884752580867223,0.21406134963883997,0.1265192088488916,0.5060191333554487,0.4468450976768176,0
#00ced1,#ffff00,1.81929605542026,6.747005729511065,0.4874606277449036,0.9278,1.3071653592534271,0.3811207958280918,0
#000000,#808080,5.317210002277984,5.317210002277984,0.0,0.21586050011389923,0.8694215818384953,0.5019607843137255,1
#483d8b,#00ced1,4.641570228670975,1.245835801400568,0.06579284622798763,0.4874606277449036,0.6916762203867644,0.5506403624735461,0
#00ff00,#8b4513,5.1729866118134025,1.6297104979175197,0.7152,0.09792228502052074,0.9136329162899978,0.5433759957096725,0
#556b2f,#808000,1.4178364702502306,1.644345477626411,0.1265192088488916,0.20027537200567572,0.2630375896115138,0.4510645074678369,0
#00ced1,#008080,2.443352055154987,1.6945002520139032,0.4874606277449036,0.16996855778968425,0.4409803485645014,0.31765606761312454,0
#00ff00,#008080,3.4786789879834594,1.5389687640727225,0.7152,0.16996855778968425,0.707112218357348,0.5251864793948691,0
#8b0000,#cd5c5c,2.5175151969841085,2.7317044726730106,0.05488967453113127,0.21406134963883997,0.5721190972497846,0.5180671246195293,0
#000080,#2f4f4f,1.793213725739403,1.6368064642975497,0.015585128108223528,0.06760815192804356,0.4085024836196398,0.6470330171080054,0
#daa520,#00ffff,1.784740827028329,3.0001847269778925,0.4191997780956843,0.7874,1.27286772044712,0.433160076299512,0
#800080,#ffd700,6.715361027856294,5.99393652809799,0.06147707043243851,0.6986087742815887,1.1004036168396867,0.585156795545194,1
#ffffff,#ff4500,3.440790447488965,1.8637710151676268,1.0,0.2551624375341642,1.2377566491404317,1.001016400036033,0
#000000,#483d8b,2.3158569245597524,2.339108890277701,0.0,0.06579284622798763,0.6588468716686556,0.8414371350776108,0
#daa520,#dc143c,2.229803818722005,1.6433744096694294,0.4191997780956843,0.1604219995302558,0.5791852846907514,0.16261322539046583,0
#ffffff,#800080,9.41897733701533,7.151666469180461,1.0,0.06147707043243851,1.223145993216999,1.1295223938192536,1
#ffd700,#bdb76b,1.4751688968175065,1.6678101150761295,0.6986087742815887,0.45747326349994166,0.5087319045541225,0.6226523335966615,0
#8b4513,#ffc0cb,4.615333699921896,3.9995351004982824,0.09792228502052074,0.6327107070246613,0.9799293025052862,0.7722769064364736,1
#ffc0cb,#cd5c5c,2.585424591514106,2.020836483170038,0.6327107070246613,0.21406134963883997,0.6178306605419712,0.3630527738126363,0
#ff4500,#4169e1,1.4086667075891233,3.5912623606841123,0.2551624375341642,0.16663210743188323,1.1634640504517444,0.5232398906105573,0
#8b0000,#c0c0c0,5.502115706675449,3.6934987002320185,0.05488967453113127,0.5271151257058131,1.0849145589187135,1.021371024507725,1
#008080,#c0c0c0,2.623625537689813,6.711550214406627,0.16996855778968425,0.5271151257058131,0.8324077905205709,1.14585826228518,0
#556b2f,#bdb76b,2.874889746046628,3.447118065102366,0.1265192088488916,0.45747326349994166,0.557249244496678,0.35338371139558533,0
#ffffff,#ffd700,1.4026017808936917,1.1931501836322989,1.0,0.6986087742815887,1.0122281960110044,1.0098250732814462,0
#bdb76b,#008080,2.307026370492212,6.136319586465665,0.45747326349994166,0.16996855778968425,0.7763022198125978,0.7050714869878663,0
#ffa500,#ff00ff,1.5881202818491529,1.596433430384872,0.48170267036309633,0.2848,1.1910856900774462,0.27450980392156854,0
#0087be,#000080,3.9712740028160707,1.794004415621207,0.21045651422754966,0.015585128108223528,0.5825740651026766,0.27044273040263483,0
#808000,#0087be,1.0406797606184082,2.4479408987979943,0.20027537200567572,0.21045651422754966,0.8988266091724262,0.4524579735136219,0
#00ced1,#ff0000,2.0466893668884376,3.050599669809819,0.4874606277449036,0.2126,1.5245876658762345,0.5292964283576651,0
#ffd700,#ffc0cb,1.096524144969279,1.0202457461032046,0.6986087742815887,0.6327107070246613,0.8011717677633033,0.7718111911087628,0
#4169e1,#ffa500,2.4544038123724685,4.852586471558577,0.16663210743188323,0.48170267036309633,1.178592857031272,0.5748348595618048,0
#ff0000,#8b0000,2.503582942495072,2.844735964598858,0.2126,0.05488967453113127,0.4549019607843138,0.4549019607843138,0
#ffd700,#8b4513,5.060824839054757,4.080508672673826,0.6986087742815887,0.09792228502052074,0.7350509401801661,0.48028353130296675,1
#c0c0c0,#00ffff,1.4510103144079924,2.896502228694891,0.5271151257058131,0.7874,0.8300581544641239,1.1450057040398258,0
#ff00ff,#0000ff,2.7397708674304417,5.790767061580343,0.2848,0.0722,1.0,0.16666666666666674,0
#ff00ff,#000080,5.104815827264052,8.319783485040423,0.2848,0.015585128108223528,1.1171584759385749,0.5251864793948692,1
#800000,#ffffff,10.949825131812458,7.526611151551592,0.045891942324214986,1.0,1.4993475448879088,1.1171584759385749,1
#556b2f,#008080,1.2461451602017277,1.7801303786452816,0.1265192088488916,0.16996855778968425,0.4677528963146728,0.5232872636206357,0
#ffd700,#a52a2a,5.050513549474917,3.5853888665624702,0.6986087742815887,0.09822428787651086,0.7822816813583522,0.4572827802422404,1
#483d8b,#00ffff,7.231880269625817,1.7036020187881638,0.06579284622798763,0.7874,0.9302965921291886,0.6600675387820581,0
#696969,#00ff00,4.000767713647706,1.4453139892898743,0.14126329114027164,0.7152,0.8277204282041347,1.2071171742448146,0
#ffc0cb,#696969,3.5694811218320215,4.509805058535537,0.6327107070246613,0.14126329114027164,0.7811012641961819,0.6386749285225956,0
#cd5c5c,#ffa500,2.0135573460118747,1.7834653447637727,0.21406134963883997,0.48170267036309633,0.5005648481898903,0.5014786333802103,0
#008080,#ff4500,1.387300260548761,6.551747211425974,0.16996855778968425,0.2551624375341642,1.1425838636304475,0.6745212037340359,0
#ffd700,#800080,6.715361027856294,5.99393652809799,0.6986087742815887,0.06147707043243851,1.1004036168396867,0.585156795545194,1
#800000,#0000ff,1.2743510772452211,1.6941576982496915,0.045891942324214986,0.0722,1.1189122525867927,0.5992947283870521,0
#8b0000,#0087be,2.483147320189712,1.5196407879987464,0.05488967453113127,0.21045651422754966,1.0642273145380374,0.49404658205328666,0
#ffc0cb,#008080,3.103674060896525,10.03112820096184,0.6327107070246613,0.16996855778968425,1.0721456745977345,1.0181894653156232,0
#000080,#00ced1,8.19485519427556,2.5422671974191484,0.015585128108223528,0.4874606277449036,0.8680496462697748,0.35761111126941025,0
#a52a2a,#ff00ff,2.258739136456029,1.9427376653744517,0.09822428787651086,0.2848,0.9216353751380654,0.46598137329293826,0
#0000ff,#a52a2a,1.2129647125737386,2.980725171900245,0.0722,0.09822428787651086,1.0693593464148083,0.5481532391487859,0
#808080,#ff4500,1.1478291713264186,2.119058412169751,0.21586050011389923,0.2551624375341642,0.744003323776232,1.1180683760407943,0
#800080,#ff0000,2.3556413797145006,3.027501889653713,0.06147707043243851,0.2126,0.707112218357348,0.5251864793948691,0
#800000,#4169e1,2.259127327919172,1.1245008611953375,0.045891942324214986,0.16663210743188323,1.004557090511478,0.6072725772881137,0
#a52a2a,#dc143c,1.4196188934000027,1.4819793247606983,0.09822428787651086,0.1604219995302558,0.2427891245829664,0.27277928738663765,0
#a52a2a,#008000,1.3788794846613623,3.417122760148103,0.09822428787651086,0.15438342968146074,0.7480334335345618,0.44379943727442916,0
#ffd700,#008080,3.4032535458878925,10.234215875647209,0.6986087742815887,0.16996855778968425,1.1697717781994466,0.6142205330109733,0
#00ced1,#008000,2.6296683081527514,2.0285415652022896,0.4874606277449036,0.15438342968146074,0.8748262858264682,0.3598341329488921,0
#800000,#00ff00,7.979815419869421,1.0541936628141229,0.045891942324214986,0.7152,1.1189122525867927,0.5992947283870521,0
#008080,#00ff00,3.4786789879834594,1.5389687640727225,0.16996855778968425,0.7152,0.707112218357348,0.5251864793948691,0
#000000,#800080,2.22954140864877,2.936378547643103,0.0,0.06147707043243851,0.7098797489559064,1.131257002969099,0
#a52a2a,#ffa500,3.5871494340122605,3.1014513554716334,0.09822428787651086,0.48170267036309633,0.6199676294708423,0.44832020334931877,0
#a52a2a,#483d8b,1.2800815655283928,2.0986377333356243,0.09822428787651086,0.06579284622798763,0.5322220255738758,0.3746435846897768,0
#2f4f4f,#800080,1.0549985882461885,1.565037176232266,0.06760815192804356,0.06147707043243851,0.4835311610419513,0.7085090391527985,0
#ff00ff,#cd5c5c,1.2678871802250127,1.1171560998530397,0.2848,0.21406134963883997,0.7597425655176132,0.5173281891233856,0
#ff0000,#ffff00,3.7235338918507237,2.211698177339568,0.2126,0.9278,1.0,0.16666666666666666,0
#8b4513,#ffa500,3.5944730727309624,3.5297424142479663,0.09792228502052074,0.48170267036309633,0.5951618339679321,0.47654442252954504,0
#0000ff,#c0c0c0,4.72270970299356,7.0085224855703485,0.0722,0.5271151257058131,1.0931051608759168,1.0826583825911331,1
#008000,#cd5c5c,1.2919900113741585,5.942386291603585,0.15438342968146074,0.21406134963883997,0.8924046197675947,0.6353702484448384,0
#2f4f4f,#cd5c5c,2.245264000070345,4.54988931359021,0.06760815192804356,0.21406134963883997,0.6237883295206285,0.7179929596369896,0
#daa520,#a52a2a,3.165471629633233,2.435446897970912,0.4191997780956843,0.09822428787651086,0.5266887122537681,0.2627033599051046,0
#0000ff,#800000,1.2743510772452211,1.6941576982496915,0.0722,0.045891942324214986,1.1189122525867927,0.5992947283870521,0
#00ced1,#ff00ff,1.6053184819142883,3.2725842088850756,0.4874606277449036,0.2848,1.2981339933409939,0.3769128126625058,0
#8b4513,#00ffff,5.661080748474312,1.0824087427612306,0.09792228502052074,0.7874,1.2983472177678161,0.6410914236317772,0
#ff0000,#228b22,1.0977888173932215,4.1709588153305015,0.2126,0.18920812076002244,1.032482814019524,0.6147179651757652,0
#8b0000,#008080,2.097142152199143,1.8171253759978363,0.05488967453113127,0.16996855778968425,0.8950201843168044,0.5018573729262894,0
#a52a2a,#008080,1.4840250605416652,2.8544228412968136,0.09822428787651086,0.16996855778968425,0.8038450465732951,0.5795229326040419,0
#00ff00,#ffff00,1.277835859905907,7.4288726164525976,0.7152,0.9278,1.0,0.16666666666666666,0
#000000,#c0c0c0,11.542302514116262,11.542302514116262,0.0,0.5271151257058131,1.3041323727577427,0.7529411764705882,1
#2f4f4f,#800000,1.2264654263692467,1.4870734877772762,0.06760815192804356,0.045891942324214986,0.5411622618197238,0.8005460308127889,0
#483d8b,#0000ff,1.0553328981947396,1.4203142946270246,0.06579284622798763,0.0722,0.5864154857063391,0.6325161026734958,0
#483d8b,#ffffff,9.067917701345962,8.977777856894411,0.06579284622798763,1.0,1.1405024625024887,0.786015504844685,1
#000080,#0000ff,1.863227282233176,1.436732542781628,0.015585128108223528,0.0722,0.4980392156862745,0.4980392156862745,0
#556b2f,#ff0000,1.4876567922123276,2.9038557912933176,0.1265192088488916,0.2126,0.8090035450298219,0.7626797406990201,0
#000080,#dc143c,3.208379789744919,6.3465836541234335,0.015585128108223528,0.1604219995302558,0.9064169545533282,0.4779432851712537,0
#ff00ff,#bdb76b,1.5157504883510804,1.1065613621094172,0.2848,0.45747326349994166,0.9585728851595032,0.7004506506378824,0
#c0c0c0,#ff00ff,1.7237608294677813,1.210292593544191,0.5271151257058131,0.2848,0.8300581544641239,1.0434633870249184,0
#00ced1,#ff4500,1.7612279941391304,3.8664775668456017,0.4874606277449036,0.2551624375341642,1.4001427949366432,0.49158866128183665,0
#696969,#556b2f,1.0835267866173228,1.2495113338199364,0.14126329114027164,0.1265192088488916,0.24072171377604398,0.6052951123458193,0
#808080,#2f4f4f,2.2605618382351693,2.8339777015734193,0.21586050011389923,0.06760815192804356,0.4180289150038734,0.6715657300135196,0
#a52a2a,#daa520,3.165471629633233,2.435446897970912,0.09822428787651086,0.4191997780956843,0.5266887122537681,0.2627033599051046,0
#ff0000,#ffd700,2.8507569469976723,1.9798291616536623,0.2126,0.6986087742815887,0.8431372549019608,0.14052287581699346,0
#00ff00,#8b0000,7.2952843396695695,1.1807422076514411,0.7152,0.05488967453113127,1.138916973425537,0.5639564744167093,0
#ffd700,#bdb76b,1.4751688968175065,1.6678101150761295,0.6986087742815887,0.45747326349994166,0.5087319045541225,0.6226523335966615,0
#ffd700,#800000,7.806795400498914,6.308184212517473,0.6986087742815887,0.045891942324214986,0.9792463893040471,0.5174840470867461,1
#00ced1,#556b2f,3.0447713382003325,1.0505341480649575,0.4874606277449036,0.1265192088488916,0.8157428336348913,0.6544889420993087,0
#808000,#ffd700,2.991140391810553,3.4963080782380236,0.20027537200567572,0.6986087742815887,0.6036923425424945,0.49872493236391435,0
#bdb76b,#4169e1,2.3425579408145176,3.3635506457836155,0.45747326349994166,0.16663210743188323,0.7376719721429018,0.5640874507701439,0
#ffffff,#c0c0c0,1.8193943517176883,1.8193943517176883,1.0,0.5271151257058131,0.4279184348111344,0.24705882352941178,0
#ffffff,#800000,10.949825131812458,7.526611151551592,1.0,0.045891942324214986,1.4993475448879088,1.1171584759385749,1
#808080,#daa520,1.764834482349469,2.248447587795627,0.21586050011389923,0.4191997780956843,0.5360513210868043,0.9309883620930889,0
#696969,#483d8b,1.6517712222367193,1.6353517524151233,0.14126329114027164,0.06579284622798763,0.2535711868286621,0.6547231153003606,0
#a52a2a,#00ff00,5.162446795747172,1.854763337589047,0.09822428787651086,0.7152,1.0693593464148083,0.5481532391487859,0
#ff4500,#c0c0c0,1.8911735348856713,1.0243908987669674,0.2551624375341642,0.5271151257058131,0.9276976001748858,1.0310537791137941,0
#daa520,#808000,1.8747341152090817,2.374936995790739,0.4191997780956843,0.20027537200567572,0.4017072371074274,0.38518811080026655,0
#0000ff,#4169e1,1.7727668365947888,1.9050817906824888,0.0722,0.16663210743188323,0.49836333439760133,0.3146962530510887,0
#808080,#8b0000,2.5346679861704766,1.7014896471701162,0.21586050011389923,0.05488967453113127,0.7111892017868223,1.000929978949815,0
#ffffff,#008080,4.7734094842951285,12.210956551361056,1.0,0.16996855778968425,1.223145993216999,1.223945693387333,1
#696969,#ff0000,1.3729764788341448,2.3239931585220694,0.14126329114027164,0.2126,0.8277204282041347,1.160181348430354,0
#ffd700,#ff0000,2.8507569469976723,1.9798291616536623,0.6986087742815887,0.2126,0.8431372549019608,0.14052287581699346,0
#483d8b,#dc143c,1.8172279755171603,3.110137730966051,0.06579284622798763,0.1604219995302558,0.6772629630411414,0.5462706893273783,0
#bdb76b,#8b0000,4.838162247794215,3.3769379193750093,0.45747326349994166,0.05488967453113127,0.854128090107029,0.618724456578583,1
#8b0000,#800080,1.0628030922085863,1.0642470610029453,0.05488967453113127,0.06147707043243851,0.5038109285727406,0.17215864932745756,0
#ffc0cb,#00ffff,1.2265810267565511,4.329131759759758,0.6327107070246613,0.7874,1.0500581262174096,0.8880691003060038,0
#4169e1,#228b22,1.1042136070953283,1.4720380758177443,0.16663210743188323,0.18920812076002244,0.7704460278900659,0.4480752578401844,0
#ffd700,#00ff00,1.0221627454665265,6.650047820700017,0.6986087742815887,0.7152,1.0122281960110044,0.19281045751633985,0
#000000,#00ff00,15.303999999999998,2.6466676799308497,0.0,0.7152,1.0,1.4529663145135578,0
#00ff00,#cd5c5c,2.897811440585961,3.2254387697152467,0.7152,0.21406134963883997,1.0886008924827255,0.5924202803711355,0
#ffffff,#2f4f4f,8.927952550792769,11.192623896281168,1.0,0.06760815192804356,1.2720398389153438,0.9436349381570176,1
#c0c0c0,#0087be,2.2157830354805887,5.61279127529293,0.5271151257058131,0.21045651422754966,0.7854599467514484,1.0973347438409733,0
#daa520,#008000,2.2956840426200396,8.3222210261885,0.4191997780956843,0.15438342968146074,0.8761612824411408,0.43815294698902113,0
#ff0000,#0000ff,2.148936170212766,5.397970215110491,0.2126,0.0722,1.4142135623730951,0.33333333333333337,0
#008080,#4169e1,1.0154014582480584,1.8243577197679062,0.16996855778968425,0.16663210743188323,0.46669961986140224,0.49374080561175826,0
#0000ff,#4169e1,1.7727668365947888,1.9050817906824888,0.0722,0.16663210743188323,0.49836333439760133,0.3146962530510887,0
#a52a2a,#2f4f4f,1.2603232467014638,2.6163782639967272,0.09822428787651086,0.06760815192804356,0.50620144974881,0.6925366957143317,0
#483d8b,#4169e1,1.8708591634870988,1.3413100170077248,0.06579284622798763,0.16663210743188323,0.37982573555342014,0.374801456145933,0
#ff0000,#228b22,1.0977888173932215,4.1709588153305015,0.2126,0.18920812076002244,1.032482814019524,0.6147179651757652,0
#dc143c,#000080,3.208379789744919,6.3465836541234335,0.1604219995302558,0.015585128108223528,0.9064169545533282,0.4779432851712537,0
#00ced1,#228b22,2.2468326996477392,1.3672586595377585,0.4874606277449036,0.18920812076002244,0.7468503646166532,0.40468241051250187,0
#4169e1,#800000,2.259127327919172,1.1245008611953375,0.16663210743188323,0.045891942324214986,1.004557090511478,0.6072725772881137,0
#4169e1,#696969,1.1326381876018552,1.2192198162087573,0.16663210743188323,0.14126329114027164,0.49604355453621635,0.9315349159011223,0
#0087be,#dc143c,1.2377817662078607,3.537663340658954,0.21045651422754966,0.1604219995302558,1.0989142171923179,0.4440512026163907,0
#ff0000,#00ff00,2.9139375476009137,3.3588998230259075,0.2126,0.7152,1.4142135623730951,0.3333333333333333,0
#bdb76b,#0087be,1.9483991982499778,5.131732600821887,0.45747326349994166,0.21045651422754966,0.8310950332232566,0.689626812240661,0
#a52a2a,#ffd700,5.050513549474917,3.5853888665624702,0.09822428787651086,0.6986087742815887,0.7822816813583522,0.4572827802422404,1
#dc143c,#ff00ff,1.5910883878463493,1.3109074012811575,0.1604219995302558,0.2848,0.7808748137937206,0.21185171394152,0
#0000ff,#ffffff,8.592471358428805,12.751266224133104,0.0722,1.0,1.4142135623730951,1.0540925533894598,1
#8b4513,#ffc0cb,4.615333699921896,3.9995351004982824,0.09792228502052074,0.6327107070246613,0.9799293025052862,0.7722769064364736,1
#808000,#228b22,1.046266202044019,2.3618587692676325,0.20027537200567572,0.18920812076002244,0.39436632482319783,0.2991151487497136,0
#ff00ff,#483d8b,2.8913703299148836,4.077102570527182,0.2848,0.06579284622798763,0.8827101673387819,0.6480892223176438,0
#4169e1,#800080,1.9432884860674078,1.0684828725232334,0.16663210743188323,0.06147707043243851,0.6126062587803106,0.5211120425627542,0
#808080,#696969,1.3900236607291168,1.3900236607291168,0.21586050011389923,0.14126329114027164,0.15622419048660466,0.09019607843137256,0
#008080,#800000,2.2939211831371673,1.622371118354347,0.16996855778968425,0.045891942324214986,0.8694215818384953,0.5,0
#dc143c,#800080,1.8875809950332665,2.4775248485349675,0.1604219995302558,0.06147707043243851,0.4554425455986817,0.39523102309670494,0
#808080,#0087be,1.02074813103591,2.5856530681973044,0.21586050011389923,0.21045651422754966,0.558420907590862,1.1239207044804345,0
#c0c0c0,#ffffff,1.8193943517176883,1.8193943517176883,0.5271151257058131,1.0,0.4279184348111344,0.24705882352941178,0
#daa520,#ffc0cb,1.4550533459234405,1.4429550690102082,0.4191997780956843,0.6327107070246613,0.6942284169950662,0.6406713132999556,0
#ffa500,#008000,2.601495978376403,10.598040016274304,0.48170267036309633,0.15438342968146074,1.0104718902494205,0.5467073155618908,0
#cd5c5c,#dc143c,1.2549132230865983,1.1734326129120234,0.21406134963883997,0.1604219995302558,0.3145332737807931,0.3642022177852709,0
#808000,#daa520,1.8747341152090817,2.374936995790739,0.20027537200567572,0.4191997780956843,0.4017072371074274,0.38518811080026655,0
#00ced1,#ff4500,1.7612279941391304,3.8664775668456017,0.4874606277449036,0.2551624375341642,1.4001427949366432,0.49158866128183665,0
#ffc0cb,#00ff00,1.1208261304921339,6.518084340071653,0.6327107070246613,0.7152,1.3018367528919725,0.8356307317611298,0
#2f4f4f,#dc143c,1.7891786928086306,3.877418492996438,0.06760815192804356,0.1604219995302558,0.7206622611036381,0.8817967804843072,0
#228b22,#000000,4.7841624152004485,2.131378418087712,0.18920812076002244,0.0,0.5767906274484194,0.989376380376892,0
#8b0000,#800080,1.0628030922085863,1.0642470610029453,0.05488967453113127,0.06147707043243851,0.5038109285727406,0.17215864932745756,0
#000080,#ffa500,8.107061550382603,13.281980489082487,0.015585128108223528,0.48170267036309633,1.2925361697438555,0.6653418208425588,1
#4169e1,#00ff00,3.5322557171752846,1.1854416817011484,0.16663210743188323,0.7152,1.0906614890332063,0.42704457029416526,0
#ff00ff,#556b2f,1.896677433483196,3.1151621438608603,0.2848,0.1265192088488916,1.1339573558518092,0.8278792729477096,0
#483d8b,#ff4500,2.635417018192313,4.8169961780884085,0.06579284622798763,0.2551624375341642,0.9017391031927338,0.7249120049389606,0
#8b0000,#4169e1,2.0653330120457833,1.0039801016845622,0.05488967453113127,0.16663210743188323,1.0160268942061013,0.5812251362596382,0
#8b4513,#0087be,1.7607658926538179,2.0974726991349337,0.09792228502052074,0.21045651422754966,0.9021142239477368,0.5365956514084141,0
#ffa500,#8b4513,3.5944730727309624,3.5297424142479663,0.48170267036309633,0.09792228502052074,0.5951618339679321,0.47654442252954504,0
#ffd700,#00ffff,1.1186083155432165,4.416778262215173,0.6986087742815887,0.7874,1.422886475021705,0.35947712418300654,0
#000000,#00ff00,15.303999999999998,2.6466676799308497,0.0,0.7152,1.0,1.4529663145135578,0
#c0c0c0,#bdb76b,1.1372325740386113,1.0937419604431453,0.5271151257058131,0.45747326349994166,0.3354030324193474,0.4606913043984111,0
#0087be,#a52a2a,1.7571783812147042,2.3871205768880723,0.21045651422754966,0.09822428787651086,0.9426295971790262,0.5277187712036278,0
#8b4513,#00ff00,5.1729866118134025,1.6297104979175197,0.09792228502052074,0.7152,0.9136329162899978,0.5433759957096725,0
#00ffff,#0000ff,6.852700490998363,2.4196502996402858,0.7874,0.0722,1.0,0.16666666666666663,0
#ffd700,#228b22,3.129529097520086,8.25778589464774,0.6986087742815887,0.18920812076002244,0.9261297225420306,0.5513102013625201,0
#ff00ff,#ff4500,1.0971206112564813,1.1814753479369924,0.2848,0.2551624375341642,1.0359623511882972,0.21176470588235285,0
#cd5c5c,#2f4f4f,2.245264000070345,4.54988931359021,0.21406134963883997,0.06760815192804356,0.6237883295206285,0.7179929596369896,0
#cd5c5c,#4169e1,1.2189391165013257,2.7208751130520685,0.21406134963883997,0.16663210743188323,0.7589831113547911,0.4151407033811966,0
#ffff00,#a52a2a,6.596759640462082,4.005294080326805,0.9278,0.09822428787651086,0.9216353751380654,0.4659813732929383,1
#8b4513,#8b0000,1.4102654592241812,1.380242433408983,0.09792228502052074,0.05488967453113127,0.28065940917777077,0.15331948334523524,0
#ffc0cb,#00ffff,1.2265810267565511,4.329131759759758,0.6327107070246613,0.7874,1.0500581262174096,0.8880691003060038,0
#808000,#800080,2.2450838637471815,1.7143616620645896,0.20027537200567572,0.06147707043243851,0.7098797489559064,0.33333333333333326,0
#ffc0cb,#2f4f4f,5.804960760223199,9.194582319288578,0.6327107070246613,0.06760815192804356,1.0479397043679435,0.8503424899180991,1
#8b4513,#00ff00,5.1729866118134025,1.6297104979175197,0.09792228502052074,0.7152,0.9136329162899978,0.5433759957096725,0
#8b4513,#008080,1.4870548934473855,2.5080735507764667,0.09792228502052074,0.16996855778968425,0.7303283298865193,0.453787662116636,0
#ffc0cb,#dc143c,3.244483507184318,2.371315434714162,0.6327107070246613,0.1604219995302558,0.8878521443456374,0.6761237364986112,0
#000000,#ffff00,19.555999999999997,19.661757052288415,0.0,0.9278,1.4142135623730951,1.4240006242195884,1
#008080,#800080,1.9732179625495074,1.707428136362791,0.16996855778968425,0.06147707043243851,0.7098797489559064,0.33333333333333337,0
#800080,#2f4f4f,1.0549985882461885,1.565037176232266,0.06147707043243851,0.06760815192804356,0.4835311610419513,0.7085090391527985,0
#0087be,#ffd700,2.8742178958425337,8.558755539516676,0.21045651422754966,0.6986087742815887,1.2859217593780075,0.48084596376776256,0
#ff0000,#808000,1.0492442700037012,1.7659645316658101,0.2126,0.20027537200567572,0.707112218357348,0.5251864793948691,0
#800000,#8b4513,1.5425934800693555,1.545930843074014,0.045891942324214986,0.09792228502052074,0.28395514913537334,0.1592723665100968,0
#cd5c5c,#ffd700,2.8349804895925526,2.0617498255243913,0.21406134963883997,0.6986087742815887,0.6334638364906745,0.5095069735654084,0
#800000,#ffa500,5.544810726279645,5.456737666292463,0.045891942324214986,0.48170267036309633,0.816534250027925,0.5095813993999183,1
#00ff00,#228b22,3.1988880543385116,1.2417633853614127,0.7152,0.18920812076002244,0.4924341067401494,0.5164949811941275,0
#2f4f4f,#556b2f,1.5009096389584602,1.6316764154156636,0.06760815192804356,0.1265192088488916,0.2236325871275804,0.33226414684227185,0
#0087be,#556b2f,1.4755137184560587,1.488702302591279,0.21045651422754966,0.1265192088488916,0.6615489844475082,0.6337082269421553,0
#556b2f,#008000,1.1578537600200902,2.131052185014143,0.1265192088488916,0.15438342968146074,0.38969817479121155,0.45920213120651965,0
#cd5c5c,#228b22,1.1038979312234583,4.0052317659575545,0.21406134963883997,0.18920812076002244,0.7317062793227264,0.4688162106816456,0
#ffff00,#ffd700,1.3061562108170015,1.1171156684510273,0.9278,0.6986087742815887,0.1568627450980392,0.026143790849673193,0
#ffffff,#ff0000,3.9984767707539985,2.3622335277876476,1.0,0.2126,1.4142135623730951,1.0,0
#556b2f,#800080,1.5834575501862722,1.042579972025858,0.1265192088488916,0.06147707043243851,0.5526351538091676,0.5960797276783149,0
#cd5c5c,#ffc0cb,2.585424591514106,2.020836483170038,0.21406134963883997,0.6327107070246613,0.6178306605419712,0.3630527738126363,0
#800000,#00ffff,8.73274625274262,1.428232036569047,0.045891942324214986,0.7874,1.5006547334376588,0.7057216592690063,0
#800080,#ff00ff,3.0033082023168878,3.247805660802468,0.06147707043243851,0.2848,0.7043338134171885,0.4980392156862745,0
#00ff00,#556b2f,4.334938984771032,1.1567033848915487,0.7152,0.1265192088488916,0.6942173407967966,0.7354859931582544,0
#808080,#4169e1,1.2272442126220608,1.6947443921599779,0.21586050011389923,0.16663210743188323,0.4624625258881271,0.889383047594438,0
#ff4500,#daa520,1.537541061367212,1.061059749406998,0.2551624375341642,0.4191997780956843,0.42252968428533916,0.2192896209568113,0
#00ff00,#dc143c,3.6365018948029464,2.7487209186311152,0.7152,0.1604219995302558,1.2841266141202308,0.4019301125402603,0
#808000,#c0c0c0,2.305920558946269,2.292862249267931,0.20027537200567572,0.5271151257058131,0.8324077905205709,1.044398839057661,0
#ffffff,#800000,10.949825131812458,7.526611151551592,1.0,0.045891942324214986,1.4993475448879088,1.1171584759385749,1
#ff00ff,#ffffff,3.1362007168458783,2.201999508620053,0.2848,1.0,1.0,1.0137937550497031,0
#dc143c,#8b4513,1.4225172326202553,1.6866314122314925,0.1604219995302558,0.09792228502052074,0.404568300067435,0.3369849796451125,0
#000000,#daa520,9.383995561913686,11.955468003424713,0.0,0.4191997780956843,1.0794861152288777,1.2136841511930498,1
#ffffff,#2f4f4f,8.927952550792769,11.192623896281168,1.0,0.06760815192804356,1.2720398389153438,0.9436349381570176,1
#008080,#00ff00,3.4786789879834594,1.5389687640727225,0.16996855778968425,0.7152,0.707112218357348,0.5251864793948691,0
#4169e1,#808000,1.1553013769409557,1.6044821177302606,0.16663210743188323,0.20027537200567572,0.9207171702813538,0.6619852170332753,0
#ffa500,#0087be,2.0414258861599084,7.40353834886374,0.48170267036309633,0.21045651422754966,1.2526020591125049,0.5088510107740869,0
#800080,#ff00ff,3.0033082023168878,3.247805660802468,0.06147707043243851,0.2848,0.7043338134171885,0.4980392156862745,0
#ffffff,#2f4f4f,8.927952550792769,11.192623896281168,1.0,0.06760815192804356,1.2720398389153438,0.9436349381570176,1
#8b0000,#ffa500,5.069161218583885,4.871900259148511,0.05488967453113127,0.48170267036309633,0.7909620187042358,0.4675103594343049,1
#008000,#000080,3.1163075467993737,1.2532487581370457,0.15438342968146074,0.015585128108223528,0.7098797489559064,0.3333333333333333,0
#8b4513,#ffffff,7.098321932049233,4.868659672113964,0.09792228502052074,1.0,1.2631347590237776,0.9782951307936856,1
#00ffff,#a52a2a,5.6495464542063285,1.2318826288011002,0.7874,0.09822428787651086,1.3468918468306295,0.6628430149576858,0
#0000ff,#dc143c,1.7219476229971833,4.417373077549942,0.0722,0.1604219995302558,1.1555326351496134,0.3422036979960647,0
#dc143c,#228b22,1.1368018614689934,3.4132609933331057,0.1604219995302558,0.18920812076002244,0.8719032640190065,0.5088873360651629,0
#ffffff,#800000,10.949825131812458,7.526611151551592,1.0,0.045891942324214986,1.4993475448879088,1.1171584759385749,1
#ff4500,#dc143c,1.450240175530154,1.548804778041834,0.2551624375341642,0.1604219995302558,0.3333564005859358,0.1823591267858698,0
#dc143c,#808000,1.1893973660757347,1.4451588036279974,0.1604219995302558,0.20027537200567572,0.6040743376931673,0.4224094978102295,0
#800000,#00ced1,5.604857037181758,1.044459083894886,0.045891942324214986,0.4874606277449036,1.255520680805695,0.5903499240228852,0
#696969,#556b2f,1.0835267866173228,1.2495113338199364,0.14126329114027164,0.1265192088488916,0.24072171377604398,0.6052951123458193,0
#ffffff,#bdb76b,2.069074521795217,1.9899479450668895,1.0,0.45747326349994166,0.6953904360256584,0.5282875060239205,0
#bdb76b,#ffff00,1.9268010165822507,1.8631368115526552,0.45747326349994166,0.9278,0.568140426998876,0.6226155187342625,0
#556b2f,#008080,1.2461451602017277,1.7801303786452816,0.1265192088488916,0.16996855778968425,0.4677528963146728,0.5232872636206357,0
#cd5c5c,#ff00ff,1.2678871802250127,1.1171560998530397,0.21406134963883997,0.2848,0.7597425655176132,0.5173281891233856,0
#4169e1,#8b0000,2.0653330120457833,1.0039801016845622,0.16663210743188323,0.05488967453113127,1.0160268942061013,0.5812251362596382,0
#483d8b,#ffff00,8.44439040797722,8.40566129007964,0.06579284622798763,0.9278,1.1793820184340666,0.7915632297150966,1
#c0c0c0,#8b4513,3.901475194395165,2.675978227324641,0.5271151257058131,0.09792228502052074,0.8579815014464464,0.890687565150194,0
#ffff00,#8b4513,6.610227795388323,4.558400173494235,0.9278,0.09792228502052074,0.8628609547877303,0.48484253890133533,1
#ff4500,#00ced1,1.7612279941391304,3.8664775668456017,0.2551624375341642,0.4874606277449036,1.4001427949366432,0.49158866128183665,0
#2f4f4f,#a52a2a,1.2603232467014638,2.6163782639967272,0.06760815192804356,0.09822428787651086,0.50620144974881,0.6925366957143317,0
#483d8b,#808000,2.16140616763925,2.152107936621366,0.06579284622798763,0.20027537200567572,0.6437347774260918,0.6492282922609414,0
#800000,#0087be,2.7161459859362784,1.3567700706224373,0.045891942324214986,0.21045651422754966,1.0427907429781431,0.5130280206380505,0
#696969,#00ff00,4.000767713647706,1.4453139892898743,0.14126329114027164,0.7152,0.8277204282041347,1.2071171742448146,0
#800000,#228b22,2.49455913564926,1.3090590915626128,0.045891942324214986,0.18920812076002244,0.6714133211002482,0.41569604946991817,0
#dc143c,#000080,3.208379789744919,6.3465836541234335,0.1604219995302558,0.015585128108223528,0.9064169545533282,0.4779432851712537,0
#0087be,#ffff00,3.7541775558960992,9.561119915636104,0.21045651422754966,0.9278,1.3329007372044972,0.4588872439788233,0
#c0c0c0,#800000,6.018390197526303,4.136877277015687,0.5271151257058131,0.045891942324214986,1.0939981662219729,1.0310146251373995,1
#00ff00,#c0c0c0,1.3259052932708333,4.361069809269682,0.7152,0.5271151257058131,1.0931051608759168,1.0826583825911331,0
#bdb76b,#daa520,1.0815718318529388,1.1328932850346647,0.45747326349994166,0.4191997780956843,0.3231429658737673,0.4359271917727358,0
#000000,#ff0000,5.252,8.88989160172812,0.0,0.2126,1.0,1.4142135623730951,1
#0087be,#4169e1,1.2022987603970312,1.5256891128589898,0.21045651422754966,0.16663210743188323,0.31249759706880836,0.32891782256450014,0
#ffffff,#8b4513,7.098321932049233,4.868659672113964,1.0,0.09792228502052074,1.2631347590237776,0.9782951307936856,1
#800000,#ffffff,10.949825131812458,7.526611151551592,0.045891942324214986,1.0,1.4993475448879088,1.1171584759385749,1
#ffd700,#4169e1,3.4556686132824415,5.6097637896087615,0.6986087742815887,0.16663210743188323,1.2328017184014235,0.5762080391923737,0
#0087be,#0000ff,2.131395370110881,1.2486697156228341,0.21045651422754966,0.0722,0.5875813358341841,0.28106681646551407,0
#c0c0c0,#808080,2.170744151382274,2.170744151382274,0.5271151257058131,0.21586050011389923,0.43471079091924764,0.25098039215686274,0
#ffff00,#c0c0c0,1.694289330580529,1.7034518917037604,0.9278,0.5271151257058131,0.830058154464124,1.0434633870249184,0
#a52a2a,#ffffff,7.0838592989212374,4.277907384532211,0.09822428787651086,1.0,1.2328828005937953,0.824784792165378,1
#bdb76b,#ff00ff,1.5157504883510804,1.1065613621094172,0.45747326349994166,0.2848,0.9585728851595032,0.7004506506378824,0
#2f4f4f,#483d8b,1.0156771835151346,1.2467031457774247,0.06760815192804356,0.06579284622798763,0.26449519574772146,0.3404287089050277,0
#ffc0cb,#ffff00,1.4322318222624262,1.1397325086423986,0.6327107070246613,0.9278,0.8335340012142967,0.7779750703997301,0
#c0c0c0,#ff00ff,1.7237608294677813,1.210292593544191,0.5271151257058131,0.2848,0.8300581544641239,1.0434633870249184,0
#008080,#000000,4.399371155793685,1.7197669905441848,0.16996855778968425,0.0,0.7098797489559064,1.2255466653656442,0
#4169e1,#ff0000,1.212193349882684,2.8334585116036872,0.16663210743188323,0.2126,1.2260782902638026,0.4877731240784836,0
#00ffff,#696969,4.378257819404847,1.041734303505192,0.7874,0.14126329114027164,0.9282196375329118,1.2633371526420312,0
#800080,#c0c0c0,5.176985037973149,3.930795136540124,0.06147707043243851,0.5271151257058131,0.8324077905205709,1.044398839057661,1
#808000,#ffd700,2.991140391810553,3.4963080782380236,0.20027537200567572,0.6986087742815887,0.6036923425424945,0.49872493236391435,0
#2f4f4f,#ff0000,2.2328384188935058,4.738153008421496,0.06760815192804356,0.2126,0.9259055232918116,1.0393845843729441,0
#ffd700,#808000,2.991140391810553,3.4963080782380236,0.6986087742815887,0.20027537200567572,0.6036923425424945,0.49872493236391435,0
#696969,#a52a2a,1.2903640414155173,1.2832943923142592,0.14126329114027164,0.09822428787651086,0.42123561858748604,0.7817069790772954,0
#cd5c5c,#0000ff,2.160894841561702,5.183489632596654,0.21406134963883997,0.0722,1.0886008924827257,0.5924202803711355,0
#ffd700,#0087be,2.8742178958425337,8.558755539516676,0.6986087742815887,0.21045651422754966,1.2859217593780075,0.48084596376776256,0
#ffa500,#800000,5.544810726279645,5.456737666292463,0.48170267036309633,0.045891942324214986,0.816534250027925,0.5095813993999183,1
#bdb76b,#ffd700,1.4751688968175065,1.6678101150761295,0.45747326349994166,0.6986087742815887,0.5087319045541225,0.6226523335966615,0
#00ff00,#800000,7.979815419869421,1.0541936628141229,0.7152,0.045891942324214986,1.1189122525867927,0.5992947283870521,0
#00ff00,#696969,4.000767713647706,1.4453139892898743,0.7152,0.14126329114027164,0.8277204282041347,1.2071171742448146,0
#0000ff,#cd5c5c,2.160894841561702,5.183489632596654,0.0722,0.21406134963883997,1.0886008924827257,0.5924202803711355,0
#8b0000,#483d8b,1.1039489515588143,1.3359926304885545,0.05488967453113127,0.06579284622798763,0.6506850263070509,0.5371986798731457,0
#000080,#bdb76b,7.737627083117812,9.206350945661764,0.015585128108223528,0.45747326349994166,1.0349598390817447,0.7846588350360539,1
#808000,#2f4f4f,2.1280444246654113,2.6830397346384194,0.20027537200567572,0.06760815192804356,0.4835311610419513,0.7085090391527985,0
#a52a2a,#808080,1.793636548521615,1.0831681873263583,0.09822428787651086,0.21586050011389923,0.4985330267669268,0.7594444813961583,0
#ffc0cb,#00ced1,1.2702525018236277,5.919815113063516,0.6327107070246613,0.4874606277449036,1.0017823408884565,0.9049644595075754,0
#00ffff,#ff00ff,2.501194743130227,2.3932247822923918,0.7874,0.2848,1.4142135623730951,0.33333333333333337,0
#556b2f,#ff0000,1.4876567922123276,2.9038557912933176,0.1265192088488916,0.2126,0.8090035450298219,0.7626797406990201,0
#ffc0cb,#000000,13.654214140493226,17.251203157931045,0.6327107070246613,0.0,1.4834625995020876,1.0304779973767844,1
#00ffff,#ffff00,1.1676618103654168,4.934052200794469,0.7874,0.9278,1.4142135623730951,0.33333333333333337,0
#dc143c,#00ffff,3.979621911536837,1.8256245864150884,0.1604219995302558,0.7874,1.4759379816908873,0.49485467432364383,0
#ffffff,#808080,3.9494396480491156,3.9494396480491156,1.0,0.21586050011389923,0.862629225730382,0.4980392156862745,0
#808080,#556b2f,1.5061278704318677,1.7368503183589095,0.21586050011389923,0.1265192088488916,0.3689402094158328,0.6108213037772618,0
#008080,#800080,1.9732179625495074,1.707428136362791,0.16996855778968425,0.06147707043243851,0.7098797489559064,0.33333333333333337,0
#8b0000,#2f4f4f,1.1212557618637424,1.6655862151655374,0.05488967453113127,0.06760815192804356,0.5675581561998501,0.8119809168628165,0
#008000,#228b22,1.1703890140841522,1.4836560376133197,0.15438342968146074,0.18920812076002244,0.1934331365511925,0.24837893315212048,0
#483d8b,#556b2f,1.5244396748080464,1.3087930522531694,0.06579284622798763,0.1265192088488916,0.40657797735789086,0.4791193887580495,0
#c0c0c0,#bdb76b,1.1372325740386113,1.0937419604431453,0.5271151257058131,0.45747326349994166,0.3354030324193474,0.4606913043984111,0
#8b4513,#ffa500,3.5944730727309624,3.5297424142479663,0.09792228502052074,0.48170267036309633,0.5951618339679321,0.47654442252954504,0
#2f4f4f,#8b0000,1.1212557618637424,1.6655862151655374,0.06760815192804356,0.05488967453113127,0.5675581561998501,0.8119809168628165,0
#808000,#000080,3.816038471293226,4.391616781623347,0.20027537200567572,0.015585128108223528,0.8694215818384953,0.5,0
#228b22,#ffff00,4.087653867658386,9.224902009624874,0.18920812076002244,0.9278,0.9878383890162916,0.5427198571790974,0
#8b4513,#556b2f,1.193323972952444,1.408926885841455,0.09792228502052074,0.1265192088488916,0.2812615070908409,0.36381425121421423,0
#8b0000,#ff4500,2.9093658541536604,3.6055559500555763,0.05488967453113127,0.2551624375341642,0.5292955573259596,0.45713195804550016,0
#808000,#008080,1.1377779375403658,2.9271493377107594,0.20027537200567572,0.16996855778968425,0.7098797489559064,0.33333333333333337,0
#ffd700,#228b22,3.129529097520086,8.25778589464774,0.6986087742815887,0.18920812076002244,0.9261297225420306,0.5513102013625201,0
#0087be,#808080,1.02074813103591,2.5856530681973044,0.21045651422754966,0.21586050011389923,0.558420907590862,1.1239207044804345,0
#bdb76b,#00ced1,1.0590915155571845,3.621315239801639,0.45747326349994166,0.4874606277449036,0.8470406679245287,0.6691129253819181,0
#8b4513,#2f4f4f,1.2577553732076696,2.298912770672539,0.09792228502052074,0.06760815192804356,0.4325118644380309,0.6713649238589946,0
#cd5c5c,#483d8b,2.2804634158393733,3.649537044163765,0.21406134963883997,0.06579284622798763,0.5663782426307442,0.40383449792413323,0
#0000ff,#808080,2.1756178405392737,3.2286266813652365,0.0722,0.21586050011389923,0.8671633746527239,1.1658276765768218,0
#696969,#808000,1.3085384577123318,1.315990846277008,0.14126329114027164,0.20027537200567572,0.43106941220547906,1.0177981677828742,0
#0000ff,#556b2f,1.4445107107110606,1.8588974808237106,0.0722,0.1265192088488916,0.9759743600920535,0.8499536032122371,0
#808080,#ffa500,1.9999310545767641,2.8633146650356402,0.21586050011389923,0.48170267036309633,0.7218456416260244,1.1223516394670519,0
#bdb76b,#696969,2.653270580436489,2.7587729473121536,0.45747326349994166,0.14126329114027164,0.4495971967989495,0.5662244964415217,0
#a52a2a,#bdb76b,3.4236849491409234,2.1497584372180225,0.09822428787651086,0.45747326349994166,0.6160982760373992,0.360290485054902,0
#228b22,#000000,4.7841624152004485,2.131378418087712,0.18920812076002244,0.0,0.5767906274484194,0.989376380376892,0
#bdb76b,#800000,5.29213666132814,3.7823155978578096,0.45747326349994166,0.045891942324214986,0.865050396000225,0.6337170870970168,1
#808080,#808000,1.0622719206581384,1.056256329336599,0.21586050011389923,0.20027537200567572,0.5019607843137255,1.0137937550497031,0
#dc143c,#00ff00,3.6365018948029464,2.7487209186311152,0.1604219995302558,0.7152,1.2841266141202308,0.4019301125402603,0
#556b2f,#0087be,1.4755137184560587,1.488702302591279,0.1265192088488916,0.21045651422754966,0.6615489844475082,0.6337082269421553,0
#808000,#800080,2.2450838637471815,1.7143616620645896,0.20027537200567572,0.06147707043243851,0.7098797489559064,0.33333333333333326,0
#4169e1,#cd5c5c,1.2189391165013257,2.7208751130520685,0.16663210743188323,0.21406134963883997,0.7589831113547911,0.4151407033811966,0
#ff00ff,#808080,1.2593070420636607,1.79356972269451,0.2848,0.21586050011389923,0.8648992714250887,1.1295223938192536,0
#2f4f4f,#800000,1.2264654263692467,1.4870734877772762,0.06760815192804356,0.045891942324214986,0.5411622618197238,0.8005460308127889,0
#cd5c5c,#000000,5.2812269927768,8.536664545401266,0.21406134963883997,0.0,0.9521662305318159,0.9747475771342289,1
#00ced1,#bdb76b,1.0590915155571845,3.621315239801639,0.4874606277449036,0.45747326349994166,0.8470406679245287,0.6691129253819181,0
#000000,#ffffff,21.0,21.0,0.0,1.0,1.7320508075688772,1.0,1
#228b22,#008080,1.0874650593869577,1.23934139322751,0.18920812076002244,0.16996855778968425,0.3943663248231978,0.2991151487497136,0
#483d8b,#808000,2.16140616763925,2.152107936621366,0.06579284622798763,0.20027537200567572,0.6437347774260918,0.6492282922609414,0
#00ff00,#4169e1,3.5322557171752846,1.1854416817011484,0.7152,0.16663210743188323,1.0906614890332063,0.42704457029416526,0
#556b2f,#00ced1,3.0447713382003325,1.0505341480649575,0.1265192088488916,0.4874606277449036,0.8157428336348913,0.6544889420993087,0
#dc143c,#bdb76b,2.411693000887837,1.450599479560994,0.1604219995302558,0.45747326349994166,0.6762744813785178,0.5252539453133257,0
#696969,#808080,1.3900236607291168,1.3900236607291168,0.14126329114027164,0.21586050011389923,0.15622419048660466,0.09019607843137256,0
#dc143c,#0087be,1.2377817662078607,3.537663340658954,0.1604219995302558,0.21045651422754966,1.0989142171923179,0.4440512026163907,0
#bdb76b,#ffff00,1.9268010165822507,1.8631368115526552,0.45747326349994166,0.9278,0.568140426998876,0.6226155187342625,0
#ffffff,#00ced1,1.9536314769802343,7.206228819882682,1.0,0.4874606277449036,1.0341496942694668,1.1314392202288999,0
#808080,#000000,5.317210002277984,5.317210002277984,0.21586050011389923,0.0,0.8694215818384953,0.5019607843137255,1
#00ffff,#4169e1,3.865539646579435,1.2701031060579582,0.7874,0.16663210743188323,0.6517949073958691,0.33603961161339857,0
#800080,#c0c0c0,5.176985037973149,3.930795136540124,0.06147707043243851,0.5271151257058131,0.8324077905205709,1.044398839057661,1
#0000ff,#800080,1.0961895529364507,1.7829783140871676,0.0722,0.06147707043243851,0.707112218357348,0.5251864793948692,0
#ffff00,#0000ff,8.00163666121113,11.93868088609315,0.9278,0.0722,1.7320508075688772,0.5,1
#c0c0c0,#00ff00,1.3259052932708333,4.361069809269682,0.5271151257058131,0.7152,1.0931051608759168,1.0826583825911331,0
#00ffff,#008080,3.8069077163321343,2.3171224064380316,0.7874,0.16996855778968425,0.7043338134171885,0.4980392156862745,0
#ff0000,#ffffff,3.9984767707539985,2.3622335277876476,0.2126,1.0,1.4142135623730951,1.0,0
#008080,#daa520,2.1330311150391514,6.951795254333643,0.16996855778968425,0.4191997780956843,0.9453258207323704,0.5395754671628474,0
#00ffff,#ff4500,2.7441123054545327,2.827536082350336,0.7874,0.2551624375341642,1.591238989747093,0.4549019607843137,0
#800080,#bdb76b,4.552265874330628,3.5938962558842547,0.06147707043243851,0.45747326349994166,0.7609359056571469,0.6934447628770837,1
#800080,#ffff00,8.771310514412942,6.695920411239215,0.06147707043243851,0.9278,1.2247480105516604,0.5992947283870521,1
#00ff00,#ffa500,1.4391501917367648,5.7524582674446405,0.7152,0.48170267036309633,1.0604562574894085,0.22549019607843135,0
#a52a2a,#808000,1.6884909726413124,1.0254785294462205,0.09822428787651086,0.20027537200567572,0.4023957474458148,0.3370824931552611,0
#556b2f,#ffa500,3.0121519002402612,4.9731489875288855,0.1265192088488916,0.48170267036309633,0.7281139624604608,0.7376869178863708,0
#ffd700,#bdb76b,1.4751688968175065,1.6678101150761295,0.6986087742815887,0.45747326349994166,0.5087319045541225,0.6226523335966615,0
#2f4f4f,#00ced1,4.569926649929329,1.553187412728227,0.06760815192804356,0.4874606277449036,0.7361485232018238,0.7834892783625176,0
#ffd700,#ffffff,1.4026017808936917,1.1931501836322989,0.6986087742815887,1.0,1.0122281960110044,1.0098250732814462,0
#00ffff,#00ff00,1.0943544171458444,1.5056331619791978,0.7874,0.7152,1.0,0.16666666666666669,0
#2f4f4f,#800080,1.0549985882461885,1.565037176232266,0.06760815192804356,0.06147707043243851,0.4835311610419513,0.7085090391527985,0
#0000ff,#ff00ff,2.7397708674304417,5.790767061580343,0.0722,0.2848,1.0,0.16666666666666674,0
#ffd700,#008000,3.6627664749941995,12.251713899912227,0.6986087742815887,0.15438342968146074,1.0565989703208332,0.5340589226752603,0
#4169e1,#00ced1,2.4809832398177645,1.0766346700743588,0.16663210743188323,0.4874606277449036,0.4751737374247209,0.32004120772050726,0
#dc143c,#008080,1.045368631990667,4.230195634926566,0.1604219995302558,0.16996855778968425,0.9974053227908727,0.5968312672925808,0
#ffffff,#ffa500,1.9747879003183522,1.379324353091998,1.0,0.48170267036309633,1.0604562574894085,1.0057982612099603,0
#ff0000,#00ff00,2.9139375476009137,3.3588998230259075,0.2126,0.7152,1.4142135623730951,0.3333333333333333,0
#228b22,#a52a2a,1.6138254005936756,2.303177201128808,0.18920812076002244,0.09822428787651086,0.6399971164871605,0.3487204308234466,0
#4169e1,#dc143c,1.0295126361097737,2.318731457701579,0.16663210743188323,0.1604219995302558,0.9482982187720586,0.39536891510553523,0
#ff4500,#228b22,1.2757193884747255,5.286474935178131,0.2551624375341642,0.18920812076002244,0.9188277974342891,0.5914783600215723,0
#008080,#ff00ff,1.5220357098495323,5.545394766692481,0.16996855778968425,0.2848,1.2247480105516604,0.5992947283870521,0
#556b2f,#2f4f4f,1.5009096389584602,1.6316764154156636,0.1265192088488916,0.06760815192804356,0.2236325871275804,0.33226414684227185,0
#8b4513,#a52a2a,1.0020416319011585,1.1380937534360274,0.09792228502052074,0.09822428787651086,0.17245987001800805,0.17061151177464048,0
#800080,#ffc0cb,6.124225406859997,5.8749929132188345,0.06147707043243851,0.6327107070246613,0.9494570374154544,0.9131746370717807,1
#800080,#00ffff,7.511858687634892,1.3570834151614881,0.06147707043243851,0.7874,1.2247480105516604,0.5992947283870521,0
#008080,#c0c0c0,2.623625537689813,6.711550214406627,0.16996855778968425,0.5271151257058131,0.8324077905205709,1.14585826228518,0
#00ffff,#bdb76b,1.650136194810776,2.6482500749274824,0.7874,0.45747326349994166,0.9828126981741871,0.7119629741641477,0
#a52a2a,#000080,2.2600289448535125,4.282504855557445,0.09822428787651086,0.015585128108223528,0.7480334335345618,0.4437994372744292,0
#008000,#00ff00,3.7439434360828225,1.8423497439786156,0.15438342968146074,0.7152,0.4980392156862745,0.4980392156862745,0
#800080,#dc143c,1.8875809950332665,2.4775248485349675,0.06147707043243851,0.1604219995302558,0.4554425455986817,0.39523102309670494,0
#ff00ff,#696969,1.7504665845912857,2.49310435171273,0.2848,0.14126329114027164,0.9282196375329118,1.172091523313539,0
#800000,#dc143c,2.1943658083263085,2.607415521066146,0.045891942324214986,0.1604219995302558,0.43781288586518796,0.37355172995369923,0
#00ced1,#800080,4.821266164064076,1.0076293198148087,0.4874606277449036,0.06147707043243851,1.0027336722070979,0.4587173335190275,0
#8b0000,#ffff00,9.322175937439761,6.291697347915613,0.05488967453113127,0.9278,1.0986062961431695,0.4844724674356543,1
#800000,#ff0000,2.7384991234418585,3.186226536459605,0.045891942324214986,0.2126,0.4980392156862745,0.4980392156862745,0
#8b4513,#00ffff,5.661080748474312,1.0824087427612306,0.09792228502052074,0.7874,1.2983472177678161,0.6410914236317772,0
#0087be,#ffa500,2.0414258861599084,7.40353834886374,0.21045651422754966,0.48170267036309633,1.2526020591125049,0.5088510107740869,0
#808000,#bdb76b,2.027659611223885,2.096346608425762,0.20027537200567572,0.45747326349994166,0.5289758553979589,0.6147231973428015,0
#008080,#00ff00,3.4786789879834594,1.5389687640727225,0.16996855778968425,0.7152,0.707112218357348,0.5251864793948691,0
#008000,#556b2f,1.1578537600200902,2.131052185014143,0.15438342968146074,0.1265192088488916,0.38969817479121155,0.45920213120651965,0
#daa520,#808080,1.764834482349469,2.248447587795627,0.4191997780956843,0.21586050011389923,0.5360513210868043,0.9309883620930889,0
#228b22,#808080,1.1114192079649958,2.4947282740380863,0.18920812076002244,0.21586050011389923,0.5230996253038991,0.8267977820793737,0
#228b22,#ff0000,1.0977888173932215,4.1709588153305015,0.18920812076002244,0.2126,1.032482814019524,0.6147179651757652,0
#00ced1,#daa520,1.1454835505810892,4.102563718164974,0.4874606277449036,0.4191997780956843,1.1128828626821057,0.4118831569191628,0
#daa520,#bdb76b,1.0815718318529388,1.1328932850346647,0.4191997780956843,0.45747326349994166,0.3231429658737673,0.4359271917727358,0
#ffa500,#000080,8.107061550382603,13.281980489082487,0.48170267036309633,0.015585128108223528,1.2925361697438555,0.6653418208425588,1
#4169e1,#cd5c5c,1.2189391165013257,2.7208751130520685,0.16663210743188323,0.21406134963883997,0.7589831113547911,0.4151407033811966,0
#ffa500,#a52a2a,3.5871494340122605,3.1014513554716334,0.48170267036309633,0.09822428787651086,0.6199676294708423,0.44832020334931877,0
#ffff00,#00ff00,1.277835859905907,7.4288726164525976,0.9278,0.7152,1.0,0.16666666666666666,0
#4169e1,#00ced1,2.4809832398177645,1.0766346700743588,0.16663210743188323,0.4874606277449036,0.4751737374247209,0.32004120772050726,0
#0000ff,#ff0000,2.148936170212766,5.397970215110491,0.0722,0.2126,1.4142135623730951,0.33333333333333337,0
#800000,#008000,2.1313931570019835,1.942193424789478,0.045891942324214986,0.15438342968146074,0.7098797489559064,0.3333333333333333,0
#ffff00,#800000,10.196894298939258,7.0469714232786735,0.9278,0.045891942324214986,1.1171584759385749,0.5251864793948691,1
#808000,#4169e1,1.1553013769409557,1.6044821177302606,0.20027537200567572,0.16663210743188323,0.9207171702813538,0.6619852170332753,0
#8b4513,#cd5c5c,1.7851356852837128,1.9791483050742964,0.09792228502052074,0.21406134963883997,0.39633072919600437,0.41135412806256205,0
#c0c0c0,#ff00ff,1.7237608294677813,1.210292593544191,0.5271151257058131,0.2848,0.8300581544641239,1.0434633870249184,0
#ff4500,#ffa500,1.742359494371158,1.3512202630147552,0.2551624375341642,0.48170267036309633,0.37647058823529417,0.06274509803921571,0
#0087be,#000080,3.9712740028160707,1.794004415621207,0.21045651422754966,0.015585128108223528,0.5825740651026766,0.27044273040263483,0
#00ced1,#000000,10.749212554898072,2.9141455988823126,0.4874606277449036,0.0,1.1508116922163876,1.3854134384170995,0
#ff00ff,#ffffff,3.1362007168458783,2.201999508620053,0.2848,1.0,1.0,1.0137937550497031,0
#000080,#cd5c5c,4.026238222834699,7.447288240322798,0.015585128108223528,0.21406134963883997,0.8924046197675947,0.6353702484448384,0
#daa520,#008080,2.1330311150391514,6.951795254333643,0.4191997780956843,0.16996855778968425,0.9453258207323704,0.5395754671628474,0
#a52a2a,#00ffff,5.6495464542063285,1.2318826288011002,0.09822428787651086,0.7874,1.3468918468306295,0.6628430149576858,0
#0087be,#a52a2a,1.7571783812147042,2.3871205768880723,0.21045651422754966,0.09822428787651086,0.9426295971790262,0.5277187712036278,0
#556b2f,#dc143c,1.1920628973042051,2.376340343197692,0.1265192088488916,0.1604219995302558,0.6318838509382156,0.6212025883242293,0
#8b4513,#2f4f4f,1.2577553732076696,2.298912770672539,0.09792228502052074,0.06760815192804356,0.4325118644380309,0.6713649238589946,0
#00ffff,#800000,8.73274625274262,1.428232036569047,0.7874,0.045891942324214986,1.5006547334376588,0.7057216592690063,0
#800000,#ff00ff,3.4914299563150575,3.4180803047809767,0.045891942324214986,0.2848,1.1171584759385749,0.5251864793948691,0
#bdb76b,#ff00ff,1.5157504883510804,1.1065613621094172,0.45747326349994166,0.2848,0.9585728851595032,0.7004506506378824,0
#2f4f4f,#808000,2.1280444246654113,2.6830397346384194,0.06760815192804356,0.20027537200567572,0.4835311610419513,0.7085090391527985,0
#a52a2a,#ffff00,6.596759640462082,4.005294080326805,0.09822428787651086,0.9278,0.9216353751380654,0.4659813732929383,1
#000080,#808000,3.816038471293226,4.391616781623347,0.015585128108223528,0.20027537200567572,0.8694215818384953,0.5,0
#dc143c,#00ced1,2.5542035953689535,2.4964266779535764,0.1604219995302558,0.4874606277449036,1.2719249806801807,0.4750536093915436,0
#556b2f,#bdb76b,2.874889746046628,3.447118065102366,0.1265192088488916,0.45747326349994166,0.557249244496678,0.35338371139558533,0
#dc143c,#8b0000,2.0061269183155157,2.3279602446824246,0.1604219995302558,0.05488967453113127,0.4030067691472066,0.3320771414901472,0
#ffc0cb,#cd5c5c,2.585424591514106,2.020836483170038,0.6327107070246613,0.21406134963883997,0.6178306605419712,0.3630527738126363,0
#ff4500,#a52a2a,2.058788353150343,2.29529665914858,0.2551624375341642,0.09822428787651086,0.40361686584490447,0.4374867947941909,0
#00ffff,#ffc0cb,1.2265810267565511,4.329131759759758,0.7874,0.6327107070246613,1.0500581262174096,0.8880691003060038,0
#4169e1,#556b2f,1.2272438158123067,1.0248450010477785,0.16663210743188323,0.1265192088488916,0.7024754384587631,0.6281143892226362,0
#2f4f4f,#ffff00,8.314049527776351,10.479364372681815,0.06760815192804356,0.9278,1.1125166043367751,0.9702738919208476,1
#ff00ff,#008080,1.5220357098495323,5.545394766692481,0.2848,0.16996855778968425,1.2247480105516604,0.5992947283870521,0
#ff00ff,#008000,1.638097572400064,6.638573093348028,0.2848,0.15438342968146074,1.5006547334376588,0.7057216592690063,0
#ff00ff,#ffd700,2.23598797575146,1.8455342326785058,0.2848,0.6986087742815887,1.3080062807966994,0.30718954248366015,0
#008080,#ffc0cb,3.103674060896525,10.03112820096184,0.16996855778968425,0.6327107070246613,1.0721456745977345,1.0181894653156232,0
#483d8b,#228b22,2.065828145281438,1.0974629706424288,0.06579284622798763,0.18920812076002244,0.5341545004705412,0.40628074524850705,0
#a52a2a,#008080,1.4840250605416652,2.8544228412968136,0.09822428787651086,0.16996855778968425,0.8038450465732951,0.5795229326040419,0
#00ff00,#ffa500,1.4391501917367648,5.7524582674446405,0.7152,0.48170267036309633,1.0604562574894085,0.22549019607843135,0
#cd5c5c,#808000,1.0550832370068421,1.6957964710140148,0.21406134963883997,0.20027537200567572,0.4911989740843155,0.5660053173562262,0
#8b0000,#00ff00,7.2952843396695695,1.1807422076514411,0.05488967453113127,0.7152,1.138916973425537,0.5639564744167093,0
#bdb76b,#808000,2.027659611223885,2.096346608425762,0.45747326349994166,0.20027537200567572,0.5289758553979589,0.6147231973428015,0
#000080,#daa520,7.154057507083723,10.429813166012748,0.015585128108223528,0.4191997780956843,1.136341756456375,0.5923502690767981,1
#c0c0c0,#2f4f4f,4.9071013891869555,6.15184052083828,0.5271151257058131,0.06760815192804356,0.84621417582817,0.781311011384454,1
#2f4f4f,#696969,1.6262757981036267,2.038798174188558,0.06760815192804356,0.14126329114027164,0.26930642687669637,0.6515153654108422,0
#0087be,#ffc0cb,2.621208031787626,8.388915682527042,0.21045651422754966,0.6327107070246613,1.0259456117691341,0.9002953446280502,0
#ffffff,#daa520,2.2378527207782963,1.7565184394274174,1.0,0.4191997780956843,0.9541427105981685,0.8736276651346192,0
#008080,#800080,1.9732179625495074,1.707428136362791,0.16996855778968425,0.06147707043243851,0.7098797489559064,0.33333333333333337,0
#ff0000,#ffffff,3.9984767707539985,2.3622335277876476,0.2126,1.0,1.4142135623730951,1.0,0
#ffa500,#00ff00,1.4391501917367648,5.7524582674446405,0.48170267036309633,0.7152,1.0604562574894085,0.22549019607843135,0
#ffc0cb,#800000,7.119583673843893,6.183004669817421,0.6327107070246613,0.045891942324214986,1.2036213459734297,0.903222185500469,1
#c0c0c0,#daa520,1.2299987183457737,1.0357957598844034,0.5271151257058131,0.4191997780956843,0.6444391414224533,0.8675066903731633,0
#cd5c5c,#ffffff,3.976348683501384,2.459977182928288,0.21406134963883997,1.0,0.9250081828872133,0.585055298133559,0
#4169e1,#daa520,2.1658829046992367,3.810543940482268,0.16663210743188323,0.4191997780956843,0.9940847734054915,0.5149325081136865,0
#228b22,#800000,2.49455913564926,1.3090590915626128,0.18920812076002244,0.045891942324214986,0.6714133211002482,0.41569604946991817,0
#00ff00,#483d8b,6.608352976257076,1.1314854519733946,0.7152,0.06579284622798763,0.9775724156084572,0.7258493279750936,0
#daa520,#4169e1,2.1658829046992367,3.810543940482268,0.4191997780956843,0.16663210743188323,0.9940847734054915,0.5149325081136865,0
#a52a2a,#008000,1.3788794846613623,3.417122760148103,0.09822428787651086,0.15438342968146074,0.7480334335345618,0.44379943727442916,0
#ff00ff,#808000,1.3377265102712839,1.8944693717025647,0.2848,0.20027537200567572,1.2247480105516604,0.5992947283870521,0
#a52a2a,#00ffff,5.6495464542063285,1.2318826288011002,0.09822428787651086,0.7874,1.3468918468306295,0.6628430149576858,0
#cd5c5c,#8b0000,2.5175151969841085,2.7317044726730106,0.21406134963883997,0.05488967453113127,0.5721190972497846,0.5180671246195293,0
#00ff00,#2f4f4f,6.506351706539644,1.410626472376622,0.7152,0.06760815192804356,0.7786659398647284,0.9263358419115042,0
#ffa500,#556b2f,3.0121519002402612,4.9731489875288855,0.48170267036309633,0.1265192088488916,0.7281139624604608,0.7376869178863708,0
#2f4f4f,#dc143c,1.7891786928086306,3.877418492996438,0.06760815192804356,0.1604219995302558,0.7206622611036381,0.8817967804843072,0
#228b22,#dc143c,1.1368018614689934,3.4132609933331057,0.18920812076002244,0.1604219995302558,0.8719032640190065,0.5088873360651629,0
#cd5c5c,#696969,1.380616991711068,2.231652633003297,0.21406134963883997,0.14126329114027164,0.3987292386658053,0.676483522062959,0
#ffff00,#cd5c5c,3.7029273740263364,2.3032130345194695,0.9278,0.21406134963883997,0.7597425655176132,0.5173281891233856,0
#00ffff,#a52a2a,5.6495464542063285,1.2318826288011002,0.7874,0.09822428787651086,1.3468918468306295,0.6628430149576858,0
#008000,#2f4f4f,1.7378338689184492,1.306050737070478,0.15438342968146074,0.06760815192804356,0.4085024836196398,0.6470330171080054,0
#00ffff,#0000ff,6.852700490998363,2.4196502996402858,0.7874,0.0722,1.0,0.16666666666666663,0
#4169e1,#800080,1.9432884860674078,1.0684828725232334,0.16663210743188323,0.06147707043243851,0.6126062587803106,0.5211120425627542,0
#0087be,#000000,5.2091302845509935,2.0564282454123277,0.21045651422754966,0.0,0.914028393788758,1.3263683927482572,0
#00ffff,#ffd700,1.1186083155432165,4.416778262215173,0.7874,0.6986087742815887,1.422886475021705,0.35947712418300654,0
#0000ff,#808080,2.1756178405392737,3.2286266813652365,0.0722,0.21586050011389923,0.8671633746527239,1.1658276765768218,0
#daa520,#ffa500,1.133211683349658,1.2734629353058782,0.4191997780956843,0.48170267036309633,0.19183646758643152,0.20670963727201103,0
#a52a2a,#000080,2.2600289448535125,4.282504855557445,0.09822428787651086,0.015585128108223528,0.7480334335345618,0.4437994372744292,0
#808000,#a52a2a,1.6884909726413124,1.0254785294462205,0.20027537200567572,0.09822428787651086,0.4023957474458148,0.3370824931552611,0
#483d8b,#ff4500,2.635417018192313,4.8169961780884085,0.06579284622798763,0.2551624375341642,0.9017391031927338,0.7249120049389606,0
#0087be,#ff00ff,1.2854353095868418,4.6375490565108475,0.21045651422754966,0.2848,1.159849915385902,0.38242648614650515,0
#ff4500,#bdb76b,1.6629611022920474,1.06769980264336,0.2551624375341642,0.45747326349994166,0.665523818578241,0.6320315869279286,0
#00ced1,#808080,2.0215888690296087,1.8246205695135271,0.4874606277449036,0.21586050011389923,0.6681528992744996,1.1612549387597138,0
#228b22,#ff00ff,1.3996180352751355,4.4744690986646445,0.18920812076002244,0.2848,1.3414000501636372,0.7188651233706655,0
#daa520,#808080,1.764834482349469,2.248447587795627,0.4191997780956843,0.21586050011389923,0.5360513210868043,0.9309883620930889,0
#ffff00,#ff00ff,2.9205495818399045,2.0616752079879026,0.9278,0.2848,1.4142135623730951,0.33333333333333326,0
#800000,#ffc0cb,7.119583673843893,6.183004669817421,0.045891942324214986,0.6327107070246613,1.2036213459734297,0.903222185500469,1
#bdb76b,#ffa500,1.047745188970251,1.442697608148563,0.45747326349994166,0.48170267036309633,0.4980392156862745,0.624239995155418,0
#daa520,#00ff00,1.6308618113710023,4.517177617001421,0.4191997780956843,0.7152,0.9333662871097875,0.2974289358669696,0
#ff00ff,#bdb76b,1.5157504883510804,1.1065613621094172,0.2848,0.45747326349994166,0.9585728851595032,0.7004506506378824,0
#483d8b,#228b22,2.065828145281438,1.0974629706424288,0.06579284622798763,0.18920812076002244,0.5341545004705412,0.40628074524850705,0
#0000ff,#4169e1,1.7727668365947888,1.9050817906824888,0.0722,0.16663210743188323,0.49836333439760133,0.3146962530510887,0
#000080,#a52a2a,2.2600289448535125,4.282504855557445,0.015585128108223528,0.09822428787651086,0.7480334335345618,0.4437994372744292,0
#ff4500,#ffd700,2.453148494718584,1.5620590272163069,0.2551624375341642,0.6986087742815887,0.5725490196078431,0.09542483660130721,0
#ffa500,#ff0000,2.024762644185439,1.7126019144752183,0.48170267036309633,0.2126,0.6470588235294118,0.10784313725490197,0
#556b2f,#4169e1,1.2272438158123067,1.0248450010477785,0.1265192088488916,0.16663210743188323,0.7024754384587631,0.6281143892226362,0
#008000,#808080,1.3007928310443406,3.7013186659812636,0.15438342968146074,0.21586050011389923,0.7098797489559064,1.0540925533894598,0
#ffffff,#8b0000,10.010518239222488,6.719930673278758,1.0,0.05488967453113127,1.48557591321528,1.0986062961431695,1
#008000,#ffc0cb,3.340342747397339,12.008591015162033,0.15438342968146074,0.6327107070246613,1.3025866674213238,0.9727907175878278,0
#808080,#2f4f4f,2.2605618382351693,2.8339777015734193,0.21586050011389923,0.06760815192804356,0.4180289150038734,0.6715657300135196,0
#0087be,#c0c0c0,2.2157830354805887,5.61279127529293,0.21045651422754966,0.5271151257058131,0.7854599467514484,1.0973347438409733,0
#228b22,#008000,1.1703890140841522,1.4836560376133197,0.18920812076002244,0.15438342968146074,0.1934331365511925,0.24837893315212048,0
#daa520,#228b22,1.9614709425621604,5.609265769966483,0.4191997780956843,0.18920812076002244,0.7287789791571659,0.389114161711338,0
#c0c0c0,#556b2f,3.2694182659738162,3.7702576704040434,0.5271151257058131,0.1265192088488916,0.7813571725797802,0.6909643763167895,0
#ffa500,#dc143c,2.5268397389534587,2.092776399544196,0.48170267036309633,0.1604219995302558,0.6305072623848441,0.216873619349917,0
#000080,#ffa500,8.107061550382603,13.281980489082487,0.015585128108223528,0.48170267036309633,1.2925361697438555,0.6653418208425588,1
#dc143c,#c0c0c0,2.742655839190578,1.5865815185928478,0.1604219995302558,0.5271151257058131,0.8573090774550406,0.9163046945720054,0
#ff4500,#2f4f4f,2.5947388215136,6.00536428842065,0.2551624375341642,0.06760815192804356,0.87341882181057,1.0184577105395838,0
#bdb76b,#2f4f4f,4.314949730784224,5.624581247980807,0.45747326349994166,0.06760815192804356,0.6989199114890732,0.5534451915778057,0
#ffa500,#483d8b,4.591843863274703,6.508822842697689,0.48170267036309633,0.06579284622798763,0.9891841072322022,0.7576108720743443,1
#8b4513,#000080,2.2554241988584782,3.7628752838930026,0.09792228502052074,0.015585128108223528,0.7436828666001299,0.42752203936304156,0
#daa520,#dc143c,2.229803818722005,1.6433744096694294,0.4191997780956843,0.1604219995302558,0.5791852846907514,0.16261322539046583,0
#556b2f,#800080,1.5834575501862722,1.042579972025858,0.1265192088488916,0.06147707043243851,0.5526351538091676,0.5960797276783149,0
#2f4f4f,#8b4513,1.2577553732076696,2.298912770672539,0.06760815192804356,0.09792228502052074,0.4325118644380309,0.6713649238589946,0
#556b2f,#dc143c,1.1920628973042051,2.376340343197692,0.1265192088488916,0.1604219995302558,0.6318838509382156,0.6212025883242293,0
#0000ff,#bdb76b,4.152809030277755,6.407839087320692,0.0722,0.45747326349994166,1.1837292415664509,0.7908571060675342,0
#008080,#00ffff,3.8069077163321343,2.3171224064380316,0.16996855778968425,0.7874,0.7043338134171885,0.4980392156862745,0
#8b0000,#cd5c5c,2.5175151969841085,2.7317044726730106,0.05488967453113127,0.21406134963883997,0.5721190972497846,0.5180671246195293,0
#8b4513,#000080,2.2554241988584782,3.7628752838930026,0.09792228502052074,0.015585128108223528,0.7436828666001299,0.42752203936304156,0
#a52a2a,#ffc0cb,4.6059300861235615,3.5142404467323156,0.09822428787651086,0.6327107070246613,0.9323194361106255,0.611402167542485,1
#ffc0cb,#800080,6.124225406859997,5.8749929132188345,0.6327107070246613,0.06147707043243851,0.9494570374154544,0.9131746370717807,1
#483d8b,#696969,1.6517712222367193,1.6353517524151233,0.06579284622798763,0.14126329114027164,0.2535711868286621,0.6547231153003606,0
#483d8b,#2f4f4f,1.0156771835151346,1.2467031457774247,0.06579284622798763,0.06760815192804356,0.26449519574772146,0.3404287089050277,0
#556b2f,#ffff00,5.539340485244531,6.42245256086038,0.1265192088488916,0.9278,0.9029236122708881,0.7304329118574657,1
#808080,#ffff00,3.677868655107072,3.697758231077009,0.21586050011389923,0.9278,0.8648992714250887,1.1295223938192536,0
#0000ff,#000080,1.863227282233176,1.436732542781628,0.0722,0.015585128108223528,0.4980392156862745,0.4980392156862745,0
#0000ff,#ff00ff,2.7397708674304417,5.790767061580343,0.0722,0.2848,1.0,0.16666666666666674,0
#ffffff,#008000,5.137402780824574,14.618134689490663,1.0,0.15438342968146074,1.4993475448879088,1.1658276765768218,1
#4169e1,#daa520,2.1658829046992367,3.810543940482268,0.16663210743188323,0.4191997780956843,0.9940847734054915,0.5149325081136865,0
#0087be,#800080,2.3364133378926675,1.4279022641290064,0.21045651422754966,0.06147707043243851,0.768997509956377,0.37468751302376807,0
#8b4513,#008080,1.4870548934473855,2.5080735507764667,0.09792228502052074,0.16996855778968425,0.7303283298865193,0.453787662116636,0
#0087be,#ffa500,2.0414258861599084,7.40353834886374,0.21045651422754966,0.48170267036309633,1.2526020591125049,0.5088510107740869,0
#0087be,#800000,2.7161459859362784,1.3567700706224373,0.21045651422754966,0.045891942324214986,1.0427907429781431,0.5130280206380505,0
#ffc0cb,#000080,10.409535312610881,15.049751776727504,0.6327107070246613,0.015585128108223528,1.2858559816465964,0.9526390054777669,1
#ff00ff,#556b2f,1.896677433483196,3.1151621438608603,0.2848,0.1265192088488916,1.1339573558518092,0.8278792729477096,0
#dc143c,#ffff00,4.6468525257949835,2.7026652891892113,0.1604219995302558,0.9278,0.9609843729288507,0.2590431835084294,0
#00ced1,#800000,5.604857037181758,1.044459083894886,0.4874606277449036,0.045891942324214986,1.255520680805695,0.5903499240228852,0
#ffa500,#ffffff,1.9747879003183522,1.379324353091998,0.48170267036309633,1.0,1.0604562574894085,1.0057982612099603,0
#bdb76b,#800080,4.552265874330628,3.5938962558842547,0.45747326349994166,0.06147707043243851,0.7609359056571469,0.6934447628770837,1
#800080,#008080,1.9732179625495074,1.707428136362791,0.06147707043243851,0.16996855778968425,0.7098797489559064,0.33333333333333337,0
#000000,#4169e1,4.332642148637664,3.137470185401303,0.0,0.16663210743188323,1.0065147268792627,1.1936711126388404,0
#ff0000,#00ced1,2.0466893668884376,3.050599669809819,0.2126,0.4874606277449036,1.5245876658762345,0.5292964283576651,0
#008080,#ff0000,1.1938069815008578,5.169241909286268,0.16996855778968425,0.2126,1.226347935121881,0.7057216592690063,0
#000080,#a52a2a,2.2600289448535125,4.282504855557445,0.015585128108223528,0.09822428787651086,0.7480334335345618,0.4437994372744292,0
#808080,#00ffff,3.1497721535965044,1.334336074037317,0.21586050011389923,0.7874,0.8648992714250887,1.223945693387333,0
#808000,#ffff00,3.906896600188953,3.9057805359315965,0.20027537200567572,0.9278,0.7043338134171885,0.4980392156862745,0
#00ffff,#00ff00,1.0943544171458444,1.5056331619791978,0.7874,0.7152,1.0,0.16666666666666669,0
#000000,#00ff00,15.303999999999998,2.6466676799308497,0.0,0.7152,1.0,1.4529663145135578,0
#0087be,#800080,2.3364133378926675,1.4279022641290064,0.21045651422754966,0.06147707043243851,0.768997509956377,0.37468751302376807,0
#8b4513,#ff0000,1.7752565136725034,2.0610407967046815,0.09792228502052074,0.2126,0.5345142635004502,0.4800444332545303,0
#696969,#ffffff,5.489814557409947,5.489814557409947,0.14126329114027164,1.0,1.0188534162169867,0.5882352941176471,1
#808080,#00ced1,2.0215888690296087,1.8246205695135271,0.21586050011389923,0.4874606277449036,0.6681528992744996,1.1612549387597138,0
#0000ff,#008000,1.6725321577860943,1.1464065162269388,0.0722,0.15438342968146074,1.1189122525867927,0.5992947283870521,0
#dc143c,#ffff00,4.6468525257949835,2.7026652891892113,0.1604219995302558,0.9278,0.9609843729288507,0.2590431835084294,0
#808000,#808080,1.0622719206581384,1.056256329336599,0.20027537200567572,0.21586050011389923,0.5019607843137255,1.0137937550497031,0
#8b0000,#228b22,2.2805688150841337,1.4662024410123617,0.05488967453113127,0.18920812076002244,0.6960314814323733,0.41345179015747396,0
#800080,#000080,1.699730924493852,2.5616629669229565,0.06147707043243851,0.015585128108223528,0.5019607843137255,0.16666666666666674,0
#00ffff,#ffff00,1.1676618103654168,4.934052200794469,0.7874,0.9278,1.4142135623730951,0.33333333333333337,0
#696969,#c0c0c0,3.0173857318107085,3.0173857318107085,0.14126329114027164,0.5271151257058131,0.5909349814058522,0.3411764705882353,0
#483d8b,#c0c0c0,4.984030918192612,4.934487044229032,0.06579284622798763,0.5271151257058131,0.7270254027050175,0.6738570691435919,1
#8b0000,#228b22,2.2805688150841337,1.4662024410123617,0.05488967453113127,0.18920812076002244,0.6960314814323733,0.41345179015747396,0
#00ff00,#c0c0c0,1.3259052932708333,4.361069809269682,0.7152,0.5271151257058131,1.0931051608759168,1.0826583825911331,0
#696969,#00ced1,2.8100563602177715,1.3126543245720357,0.14126329114027164,0.4874606277449036,0.7019717383305687,1.1890960446576668,0
#cd5c5c,#ffd700,2.8349804895925526,2.0617498255243913,0.21406134963883997,0.6986087742815887,0.6334638364906745,0.5095069735654084,0
#cd5c5c,#00ff00,2.897811440585961,3.2254387697152467,0.21406134963883997,0.7152,1.0886008924827255,0.5924202803711355,0
#ffffff,#008080,4.7734094842951285,12.210956551361056,1.0,0.16996855778968425,1.223145993216999,1.223945693387333,1
#daa520,#bdb76b,1.0815718318529388,1.1328932850346647,0.4191997780956843,0.45747326349994166,0.3231429658737673,0.4359271917727358,0
#696969,#00ced1,2.8100563602177715,1.3126543245720357,0.14126329114027164,0.4874606277449036,0.7019717383305687,1.1890960446576668,0
#4169e1,#dc143c,1.0295126361097737,2.318731457701579,0.16663210743188323,0.1604219995302558,0.9482982187720586,0.39536891510553523,0
#2f4f4f,#c0c0c0,4.9071013891869555,6.15184052083828,0.06760815192804356,0.5271151257058131,0.84621417582817,0.781311011384454,1
#0087be,#ff00ff,1.2854353095868418,4.6375490565108475,0.21045651422754966,0.2848,1.159849915385902,0.38242648614650515,0
#008000,#0087be,1.274352400453799,1.4314830986052556,0.15438342968146074,0.21045651422754966,0.7456035436929944,0.3245042574723647,0
#4169e1,#228b22,1.1042136070953283,1.4720380758177443,0.16663210743188323,0.18920812076002244,0.7704460278900659,0.4480752578401844,0
#ff00ff,#483d8b,2.8913703299148836,4.077102570527182,0.2848,0.06579284622798763,0.8827101673387819,0.6480892223176438,0
#000080,#696969,2.9162600829972254,3.3371180309098745,0.015585128108223528,0.14126329114027164,0.5892670689807462,1.0579444426223474,0
#008080,#ffd700,3.4032535458878925,10.234215875647209,0.16996855778968425,0.6986087742815887,1.1697717781994466,0.6142205330109733,0
#cd5c5c,#a52a2a,1.7814985210712273,1.7390028713355423,0.21406134963883997,0.09822428787651086,0.31858974135827295,0.2496661149314856,0
#808080,#800080,2.3848895479813126,1.8108053563277344,0.21586050011389923,0.06147707043243851,0.5019607843137255,1.0137937550497031,0
#ffff00,#000080,14.908867729685754,17.152691346935033,0.9278,0.015585128108223528,1.5006547334376588,0.7057216592690063,1
#ff0000,#00ffff,3.188880426504189,2.230888577540719,0.2126,0.7874,1.7320508075688772,0.5,0
#c0c0c0,#000080,8.79948156468494,10.069372331835702,0.5271151257058131,0.015585128108223528,1.0939981662219729,1.0835599975812709,1
#c0c0c0,#bdb76b,1.1372325740386113,1.0937419604431453,0.5271151257058131,0.45747326349994166,0.3354030324193474,0.4606913043984111,0
#808080,#daa520,1.764834482349469,2.248447587795627,0.21586050011389923,0.4191997780956843,0.5360513210868043,0.9309883620930889,0
#8b4513,#008000,1.3816946490050999,3.0024967185976044,0.09792228502052074,0.15438342968146074,0.5968390400074775,0.30030401520549377,0
#c0c0c0,#800080,5.176985037973149,3.930795136540124,0.5271151257058131,0.06147707043243851,0.8324077905205709,1.044398839057661,1
#2f4f4f,#483d8b,1.0156771835151346,1.2467031457774247,0.06760815192804356,0.06579284622798763,0.26449519574772146,0.3404287089050277,0
#ffd700,#556b2f,4.240947935147566,5.749138376839382,0.6986087742815887,0.1265192088488916,0.8110444848948039,0.7330832754466083,0
#0000ff,#bdb76b,4.152809030277755,6.407839087320692,0.0722,0.45747326349994166,1.1837292415664509,0.7908571060675342,0
#008000,#228b22,1.1703890140841522,1.4836560376133197,0.15438342968146074,0.18920812076002244,0.1934331365511925,0.24837893315212048,0
#c0c0c0,#8b4513,3.901475194395165,2.675978227324641,0.5271151257058131,0.09792228502052074,0.8579815014464464,0.890687565150194,0
#ffd700,#dc143c,3.5576545035822127,2.419324484935995,0.6986087742815887,0.1604219995302558,0.8117741782150765,0.23943548689011,0
#228b22,#8b4513,1.6171202380144274,2.023714825053093,0.18920812076002244,0.09792228502052074,0.4983633343976013,0.28510122000796195,0
#483d8b,#cd5c5c,2.2804634158393733,3.649537044163765,0.06579284622798763,0.21406134963883997,0.5663782426307442,0.40383449792413323,0
#808000,#ff4500,1.219306698412354,2.238268860088263,0.20027537200567572,0.2551624375341642,0.5491596460058135,0.5126616735642667,0
#ff00ff,#0000ff,2.7397708674304417,5.790767061580343,0.2848,0.0722,1.0,0.16666666666666674,0
#000000,#008080,4.399371155793685,1.7197669905441848,0.0,0.16996855778968425,0.7098797489559064,1.2255466653656442,0
#cd5c5c,#800000,2.7537386691577965,3.0596264078320123,0.21406134963883997,0.045891942324214986,0.5928835950876918,0.5409105670050683,0
#ffffff,#00ff00,1.3721902770517513,7.934505778431795,1.0,0.7152,1.4142135623730951,1.0540925533894598,0
#ffffff,#8b4513,7.098321932049233,4.868659672113964,1.0,0.09792228502052074,1.2631347590237776,0.9782951307936856,1
#ff4500,#000000,6.103248750683283,11.267478584600303,0.2551624375341642,0.0,1.0359623511882972,1.4149324482607286,1
#a52a2a,#c0c0c0,3.893526047408784,2.351281007602032,0.09822428787651086,0.5271151257058131,0.8386015711621994,0.7529366188486272,0
#800080,#a52a2a,1.329639246003897,1.671767484971509,0.06147707043243851,0.09822428787651086,0.4023957474458148,0.3370824931552611,0
#ff0000,#cd5c5c,1.0055649262712871,1.0413776428074757,0.2126,0.21406134963883997,0.5466053359694408,0.48974552318924125,0
#8b4513,#0087be,1.7607658926538179,2.0974726991349337,0.09792228502052074,0.21045651422754966,0.9021142239477368,0.5365956514084141,0
#bdb76b,#000080,7.737627083117812,9.206350945661764,0.45747326349994166,0.015585128108223528,1.0349598390817447,0.7846588350360539,1
#808000,#ff00ff,1.3377265102712839,1.8944693717025647,0.20027537200567572,0.2848,1.2247480105516604,0.5992947283870521,0
#ff0000,#ffff00,3.7235338918507237,2.211698177339568,0.2126,0.9278,1.0,0.16666666666666666,0
#daa520,#00ffff,1.784740827028329,3.0001847269778925,0.4191997780956843,0.7874,1.27286772044712,0.433160076299512,0
#8b4513,#ffc0cb,4.615333699921896,3.9995351004982824,0.09792228502052074,0.6327107070246613,0.9799293025052862,0.7722769064364736,1
#556b2f,#ffd700,4.240947935147566,5.749138376839382,0.1265192088488916,0.6986087742815887,0.8110444848948039,0.7330832754466083,0
#800080,#ffffff,9.41897733701533,7.151666469180461,0.06147707043243851,1.0,1.223145993216999,1.1295223938192536,1
#ffc0cb,#ff0000,2.5998122887458543,1.9405414521114697,0.6327107070246613,0.2126,1.0957469069641455,0.7535033218366354,0
#000000,#808080,5.317210002277984,5.317210002277984,0.0,0.21586050011389923,0.8694215818384953,0.5019607843137255,1
#dc143c,#0000ff,1.7219476229971833,4.417373077549942,0.1604219995302558,0.0722,1.1555326351496134,0.3422036979960647,0
#008080,#ff00ff,1.5220357098495323,5.545394766692481,0.16996855778968425,0.2848,1.2247480105516604,0.5992947283870521,0
#800000,#ff0000,2.7384991234418585,3.186226536459605,0.045891942324214986,0.2126,0.4980392156862745,0.4980392156862745,0
#808080,#556b2f,1.5061278704318677,1.7368503183589095,0.21586050011389923,0.1265192088488916,0.3689402094158328,0.6108213037772618,0
#dc143c,#800000,2.1943658083263085,2.607415521066146,0.1604219995302558,0.045891942324214986,0.43781288586518796,0.37355172995369923,0
#daa520,#808080,1.764834482349469,2.248447587795627,0.4191997780956843,0.21586050011389923,0.5360513210868043,0.9309883620930889,0
#daa520,#228b22,1.9614709425621604,5.609265769966483,0.4191997780956843,0.18920812076002244,0.7287789791571659,0.389114161711338,0
#ffc0cb,#ff00ff,2.0391598178753325,1.808911470327089,0.6327107070246613,0.2848,0.7800669339078498,0.7654050283541249,0
#008000,#483d8b,1.7650782094003004,1.6282575624506892,0.15438342968146074,0.06579284622798763,0.6677499848681587,0.5672585616427119,0
#a52a2a,#0000ff,1.2129647125737386,2.980725171900245,0.09822428787651086,0.0722,1.0693593464148083,0.5481532391487859,0
#00ced1,#ffc0cb,1.2702525018236277,5.919815113063516,0.4874606277449036,0.6327107070246613,1.0017823408884565,0.9049644595075754,0
#800080,#0000ff,1.0961895529364507,1.7829783140871676,0.06147707043243851,0.0722,0.707112218357348,0.5251864793948692,0
#483d8b,#228b22,2.065828145281438,1.0974629706424288,0.06579284622798763,0.18920812076002244,0.5341545004705412,0.40628074524850705,0
#daa520,#696969,2.453161687736385,3.1253953469452296,0.4191997780956843,0.14126329114027164,0.5776565099129662,0.9687840228793902,0
#ffc0cb,#8b4513,4.615333699921896,3.9995351004982824,0.6327107070246613,0.09792228502052074,0.9799293025052862,0.7722769064364736,1
#00ced1,#c0c0c0,1.0737812146859822,3.960784429763283,0.4874606277449036,0.5271151257058131,0.7578780145691787,1.118953896842507,0
#228b22,#00ff00,3.1988880543385116,1.2417633853614127,0.18920812076002244,0.7152,0.4924341067401494,0.5164949811941275,0
#4169e1,#008000,1.0599298963204233,2.18399817878369,0.16663210743188323,0.15438342968146074,0.922852672412479,0.5596645670136644,0
#dc143c,#8b0000,2.0061269183155157,2.3279602446824246,0.1604219995302558,0.05488967453113127,0.4030067691472066,0.3320771414901472,0
#2f4f4f,#800080,1.0549985882461885,1.565037176232266,0.06760815192804356,0.06147707043243851,0.4835311610419513,0.7085090391527985,0
#0000ff,#ff4500,2.4972376230291666,6.84164852890271,0.0722,0.2551624375341642,1.4398673525986985,0.3784313725490196,0
#556b2f,#c0c0c0,3.2694182659738162,3.7702576704040434,0.1265192088488916,0.5271151257058131,0.7813571725797802,0.6909643763167895,0
#ff4500,#483d8b,2.635417018192313,4.8169961780884085,0.2551624375341642,0.06579284622798763,0.9017391031927338,0.7249120049389606,0
#000000,#800080,2.22954140864877,2.936378547643103,0.0,0.06147707043243851,0.7098797489559064,1.131257002969099,0
#000000,#808080,5.317210002277984,5.317210002277984,0.0,0.21586050011389923,0.8694215818384953,0.5019607843137255,1
#00ff00,#8b0000,7.2952843396695695,1.1807422076514411,0.7152,0.05488967453113127,1.138916973425537,0.5639564744167093,0
#556b2f,#228b22,1.3551393206435418,1.436351911081935,0.1265192088488916,0.18920812076002244,0.24155080148132535,0.2545144716359966,0
#228b22,#00ced1,2.2468326996477392,1.3672586595377585,0.18920812076002244,0.4874606277449036,0.7468503646166532,0.40468241051250187,0
#483d8b,#a52a2a,1.2800815655283928,2.0986377333356243,0.06579284622798763,0.09822428787651086,0.5322220255738758,0.3746435846897768,0
#ff4500,#ffd700,2.453148494718584,1.5620590272163069,0.2551624375341642,0.6986087742815887,0.5725490196078431,0.09542483660130721,0
#000000,#4169e1,4.332642148637664,3.137470185401303,0.0,0.16663210743188323,1.0065147268792627,1.1936711126388404,0
#000080,#808080,4.053670516206001,4.638673021610486,0.015585128108223528,0.21586050011389923,0.7098797489559064,1.0540925533894598,0
#8b0000,#ffd700,7.1371064657027,5.63209121991778,0.05488967453113127,0.6986087742815887,0.9580272566733304,0.4761118277813433,1
#8b0000,#ffff00,9.322175937439761,6.291697347915613,0.05488967453113127,0.9278,1.0986062961431695,0.4844724674356543,1
#483d8b,#daa520,4.052061879296621,5.111120757616953,0.06579284622798763,0.4191997780956843,0.8186691312625157,0.604419137751466,0
#ff00ff,#8b0000,3.191925244277799,3.0517403146424846,0.2848,0.05488967453113127,1.0986062961431695,0.4844724674356543,0
#808000,#ffd700,2.991140391810553,3.4963080782380236,0.20027537200567572,0.6986087742815887,0.6036923425424945,0.49872493236391435,0
#808080,#4169e1,1.2272442126220608,1.6947443921599779,0.21586050011389923,0.16663210743188323,0.4624625258881271,0.889383047594438,0
#00ffff,#ffd700,1.1186083155432165,4.416778262215173,0.7874,0.6986087742815887,1.422886475021705,0.35947712418300654,0
#ffffff,#556b2f,5.9483611265154,6.859585510053406,1.0,0.1265192088488916,1.2027649806241936,0.8385557309896153,1
#00ced1,#800080,4.821266164064076,1.0076293198148087,0.4874606277449036,0.06147707043243851,1.0027336722070979,0.4587173335190275,0
#4169e1,#008000,1.0599298963204233,2.18399817878369,0.16663210743188323,0.15438342968146074,0.922852672412479,0.5596645670136644,0
#483d8b,#696969,1.6517712222367193,1.6353517524151233,0.06579284622798763,0.14126329114027164,0.2535711868286621,0.6547231153003606,0
#00ff00,#ff0000,2.9139375476009137,3.3588998230259075,0.7152,0.2126,1.4142135623730951,0.3333333333333333,0
#228b22,#ff00ff,1.3996180352751355,4.4744690986646445,0.18920812076002244,0.2848,1.3414000501636372,0.7188651233706655,0
#008000,#ffa500,2.601495978376403,10.598040016274304,0.15438342968146074,0.48170267036309633,1.0104718902494205,0.5467073155618908,0
#228b22,#008000,1.1703890140841522,1.4836560376133197,0.18920812076002244,0.15438342968146074,0.1934331365511925,0.24837893315212048,0
#228b22,#cd5c5c,1.1038979312234583,4.0052317659575545,0.18920812076002244,0.21406134963883997,0.7317062793227264,0.4688162106816456,0
#cd5c5c,#00ced1,2.0353627233974048,2.9293884796543472,0.21406134963883997,0.4874606277449036,1.0279447997542435,0.6702711125037157,0
#800000,#ff4500,3.182357455044514,4.038377617367685,0.045891942324214986,0.2551624375341642,0.5667989532814826,0.5000768875907975,0
#c0c0c0,#ff0000,2.19769659446235,1.2983625707958617,0.5271151257058131,0.2126,1.0931051608759168,1.030067018345766,0
#4169e1,#808080,1.2272442126220608,1.6947443921599779,0.16663210743188323,0.21586050011389923,0.4624625258881271,0.889383047594438,0
#696969,#0087be,1.3617694889320504,1.8601503997716393,0.14126329114027164,0.21045651422754966,0.5426804903175705,1.1468187024763967,0
#ff4500,#000000,6.103248750683283,11.267478584600303,0.2551624375341642,0.0,1.0359623511882972,1.4149324482607286,1
#2f4f4f,#8b4513,1.2577553732076696,2.298912770672539,0.06760815192804356,0.09792228502052074,0.4325118644380309,0.6713649238589946,0
#228b22,#ffc0cb,2.854044857906676,8.093918476198587,0.18920812076002244,0.6327107070246613,1.1106488850172591,0.7724638902378262,0
#808000,#a52a2a,1.6884909726413124,1.0254785294462205,0.20027537200567572,0.09822428787651086,0.4023957474458148,0.3370824931552611,0
#000080,#ffc0cb,10.409535312610881,15.049751776727504,0.015585128108223528,0.6327107070246613,1.2858559816465964,0.9526390054777669,1
#a52a2a,#ffd700,5.050513549474917,3.5853888665624702,0.09822428787651086,0.6986087742815887,0.7822816813583522,0.4572827802422404,1
#00ced1,#800080,4.821266164064076,1.0076293198148087,0.4874606277449036,0.06147707043243851,1.0027336722070979,0.4587173335190275,0
#4169e1,#00ff00,3.5322557171752846,1.1854416817011484,0.16663210743188323,0.7152,1.0906614890332063,0.42704457029416526,0
#0087be,#daa520,1.8014514994459483,5.81370540406459,0.21045651422754966,0.4191997780956843,1.062361554405981,0.46658864386918697,0
#808000,#dc143c,1.1893973660757347,1.4451588036279974,0.20027537200567572,0.1604219995302558,0.6040743376931673,0.4224094978102295,0
#0000ff,#ff00ff,2.7397708674304417,5.790767061580343,0.0722,0.2848,1.0,0.16666666666666674,0
#ffc0cb,#dc143c,3.244483507184318,2.371315434714162,0.6327107070246613,0.1604219995302558,0.8878521443456374,0.6761237364986112,0
#800080,#696969,1.7157186710982697,1.3027154914599817,0.06147707043243851,0.14126329114027164,0.43106941220547906,1.0177981677828742,0
#dc143c,#ffc0cb,3.244483507184318,2.371315434714162,0.1604219995302558,0.6327107070246613,0.8878521443456374,0.6761237364986112,0
#008080,#cd5c5c,1.200450429335058,4.963849517020916,0.16996855778968425,0.21406134963883997,0.8283426103973663,0.7366031777678838,0
#228b22,#2f4f4f,2.0339416684855114,1.1359865244907845,0.18920812076002244,0.06760815192804356,0.29850325072917744,0.4537332748229228,0
#0000ff,#ff00ff,2.7397708674304417,5.790767061580343,0.0722,0.2848,1.0,0.16666666666666674,0
#808080,#00ffff,3.1497721535965044,1.334336074037317,0.21586050011389923,0.7874,0.8648992714250887,1.223945693387333,0
#ffd700,#ff0000,2.8507569469976723,1.9798291616536623,0.6986087742815887,0.2126,0.8431372549019608,0.14052287581699346,0
#000000,#ffa500,10.634053407261927,15.224845376596742,0.0,0.48170267036309633,1.1910856900774462,1.4183194782040396,1
#ffffff,#ffff00,1.0738392309265699,1.0680632429824386,1.0,0.9278,1.0,1.0137937550497031,0
#808080,#483d8b,2.296001081020492,2.2731776294718458,0.21586050011389923,0.06579284622798763,0.34514259961863725,0.6424526462637602,0
#daa520,#dc143c,2.229803818722005,1.6433744096694294,0.4191997780956843,0.1604219995302558,0.5791852846907514,0.16261322539046583,0
#ffa500,#00ced1,1.0108292805410874,5.224462834813764,0.48170267036309633,0.4874606277449036,1.3029231029006585,0.43383223392625025,0
#000000,#556b2f,3.530384176977832,3.061409464059076,0.0,0.1265192088488916,0.5667039814025358,0.7364722671289381,0
#ffa500,#2f4f4f,4.52096782107765,8.114569913299169,0.48170267036309633,0.06760815192804356,0.9354482546563233,0.9920218340491277,1
#008000,#0000ff,1.6725321577860943,1.1464065162269388,0.15438342968146074,0.0722,1.1189122525867927,0.5992947283870521,0
#0000ff,#8b4513,1.2104933307734922,2.619050638755476,0.0722,0.09792228502052074,1.107647041468384,0.6227760956443902,0
#4169e1,#696969,1.1326381876018552,1.2192198162087573,0.16663210743188323,0.14126329114027164,0.49604355453621635,0.9315349159011223,0
#8b4513,#800080,1.3269301430931495,1.4689189532270632,0.09792228502052074,0.06147707043243851,0.5077333517490037,0.2762129842343631,0
#228b22,#ffc0cb,2.854044857906676,8.093918476198587,0.18920812076002244,0.6327107070246613,1.1106488850172591,0.7724638902378262,0
#ff0000,#008080,1.1938069815008578,5.169241909286268,0.2126,0.16996855778968425,1.226347935121881,0.7057216592690063,0
#0087be,#ffc0cb,2.621208031787626,8.388915682527042,0.21045651422754966,0.6327107070246613,1.0259456117691341,0.9002953446280502,0
#00ced1,#8b0000,5.12405658752793,1.0723665421933068,0.4874606277449036,0.05488967453113127,1.2733810990032526,0.5683036259462416,0
#00ffff,#0087be,3.215124038972585,1.9377824811210134,0.7874,0.21045651422754966,0.5351899632923992,0.25942754072247315,0
#bdb76b,#000000,10.149465269998833,10.553039868233393,0.45747326349994166,0.0,1.1137462025138378,0.87260565560707,1
#00ff00,#800080,6.864191865032504,1.109462502568446,0.7152,0.06147707043243851,1.226347935121881,0.7057216592690063,0
#a52a2a,#696969,1.2903640414155173,1.2832943923142592,0.09822428787651086,0.14126329114027164,0.42123561858748604,0.7817069790772954,0
#800080,#a52a2a,1.329639246003897,1.671767484971509,0.06147707043243851,0.09822428787651086,0.4023957474458148,0.3370824931552611,0
#556b2f,#808000,1.4178364702502306,1.644345477626411,0.1265192088488916,0.20027537200567572,0.2630375896115138,0.4510645074678369,0
#ffd700,#cd5c5c,2.8349804895925526,2.0617498255243913,0.6986087742815887,0.21406134963883997,0.6334638364906745,0.5095069735654084,0
#cd5c5c,#0000ff,2.160894841561702,5.183489632596654,0.21406134963883997,0.0722,1.0886008924827257,0.5924202803711355,0
#ffff00,#cd5c5c,3.7029273740263364,2.3032130345194695,0.9278,0.21406134963883997,0.7597425655176132,0.5173281891233856,0
#00ff00,#daa520,1.6308618113710023,4.517177617001421,0.7152,0.4191997780956843,0.9333662871097875,0.2974289358669696,0
#cd5c5c,#808000,1.0550832370068421,1.6957964710140148,0.21406134963883997,0.20027537200567572,0.4911989740843155,0.5660053173562262,0
#daa520,#8b4513,3.1719343574945036,2.771766901405845,0.4191997780956843,0.09792228502052074,0.49021176445491005,0.3139325355866228,0
#00ff00,#8b0000,7.2952843396695695,1.1807422076514411,0.7152,0.05488967453113127,1.138916973425537,0.5639564744167093,0
#228b22,#bdb76b,2.1214717204732665,4.9512746205348455,0.18920812076002244,0.45747326349994166,0.6936854752976922,0.41691956210944436,0
#ffffff,#000000,21.0,21.0,1.0,0.0,1.7320508075688772,1.0,1
#daa520,#ffd700,1.5955011260233896,1.472168770975721,0.4191997780956843,0.6986087742815887,0.27431365541212016,0.2074997682737564,0
#0000ff,#00ff00,6.261865793780687,1.6070649616003319,0.0722,0.7152,1.4142135623730951,0.3333333333333333,0
#008000,#ff00ff,1.638097572400064,6.638573093348028,0.15438342968146074,0.2848,1.5006547334376588,0.7057216592690063,0
#808080,#008000,1.3007928310443406,3.7013186659812636,0.21586050011389923,0.15438342968146074,0.7098797489559064,1.0540925533894598,0
#000080,#ffc0cb,10.409535312610881,15.049751776727504,0.015585128108223528,0.6327107070246613,1.2858559816465964,0.9526390054777669,1
#ffffff,#800000,10.949825131812458,7.526611151551592,1.0,0.045891942324214986,1.4993475448879088,1.1171584759385749,1
#ffc0cb,#2f4f4f,5.804960760223199,9.194582319288578,0.6327107070246613,0.06760815192804356,1.0479397043679435,0.8503424899180991,1
#dc143c,#cd5c5c,1.2549132230865983,1.1734326129120234,0.1604219995302558,0.21406134963883997,0.3145332737807931,0.3642022177852709,0
#bdb76b,#00ced1,1.0590915155571845,3.621315239801639,0.45747326349994166,0.4874606277449036,0.8470406679245287,0.6691129253819181,0
#800080,#ffff00,8.771310514412942,6.695920411239215,0.06147707043243851,0.9278,1.2247480105516604,0.5992947283870521,1
#2f4f4f,#ffa500,4.52096782107765,8.114569913299169,0.06760815192804356,0.48170267036309633,0.9354482546563233,0.9920218340491277,1
#00ffff,#228b22,3.5007172722204256,1.8696401323316971,0.7874,0.18920812076002244,0.9878383890162916,0.5427198571790974,0
#ff00ff,#ffa500,1.5881202818491529,1.596433430384872,0.2848,0.48170267036309633,1.1910856900774462,0.27450980392156854,0
#ff4500,#ffffff,3.440790447488965,1.8637710151676268,0.2551624375341642,1.0,1.2377566491404317,1.001016400036033,0
#ffa500,#8b0000,5.069161218583885,4.871900259148511,0.48170267036309633,0.05488967453113127,0.7909620187042358,0.4675103594343049,1
#ffff00,#ffffff,1.0738392309265699,1.0680632429824386,0.9278,1.0,1.0,1.0137937550497031,0
#800000,#daa520,4.893005259079002,4.284959942694986,0.045891942324214986,0.4191997780956843,0.7476632828135352,0.40039644354582926,1
#cd5c5c,#008080,1.200450429335058,4.963849517020916,0.21406134963883997,0.16996855778968425,0.8283426103973663,0.7366031777678838,0
#00ced1,#0000ff,4.398204809696429,1.7694783974873416,0.4874606277449036,0.0722,0.827739007578739,0.24398234194649626,0
#ffff00,#ff4500,3.204195142433057,1.745000614348706,0.9278,0.2551624375341642,0.7294117647058824,0.1215686274509804,0
#483d8b,#008080,1.8996731227815429,1.3601312870515896,0.06579284622798763,0.16996855778968425,0.3880966280388394,0.48022305711915514,0
#808000,#4169e1,1.1553013769409557,1.6044821177302606,0.20027537200567572,0.16663210743188323,0.9207171702813538,0.6619852170332753,0
#dc143c,#00ffff,3.979621911536837,1.8256245864150884,0.1604219995302558,0.7874,1.4759379816908873,0.49485467432364383,0
#8b4513,#00ff00,5.1729866118134025,1.6297104979175197,0.09792228502052074,0.7152,0.9136329162899978,0.5433759957096725,0
#696969,#ffffff,5.489814557409947,5.489814557409947,0.14126329114027164,1.0,1.0188534162169867,0.5882352941176471,1
#696969,#008080,1.1500824673583616,2.224293083794454,0.14126329114027164,0.16996855778968425,0.43106941220547906,1.1216663196175582,0
#ffc0cb,#800080,6.124225406859997,5.8749929132188345,0.6327107070246613,0.06147707043243851,0.9494570374154544,0.9131746370717807,1
#8b4513,#000000,2.9584457004104148,4.313302102482311,0.09792228502052074,0.0,0.6131081277530099,1.023355970015325,0
#556b2f,#808080,1.5061278704318677,1.7368503183589095,0.1265192088488916,0.21586050011389923,0.3689402094158328,0.6108213037772618,0
#ffc0cb,#483d8b,5.8959661953593745,7.375117605526679,0.6327107070246613,0.06579284622798763,0.9175632607959388,0.619998586226518,1
#000080,#ffd700,11.414306808188163,15.354445230115381,0.015585128108223528,0.6986087742815887,1.4010157242488268,0.6874465559676023,1
#ffc0cb,#2f4f4f,5.804960760223199,9.194582319288578,0.6327107070246613,0.06760815192804356,1.0479397043679435,0.8503424899180991,1
#000080,#0000ff,1.863227282233176,1.436732542781628,0.015585128108223528,0.0722,0.4980392156862745,0.4980392156862745,0
#bdb76b,#483d8b,4.38259598957231,4.511564173902365,0.45747326349994166,0.06579284622798763,0.6746579864589246,0.5198309358297847,0
#ff4500,#800080,2.737445793564427,3.837202323128329,0.2551624375341642,0.06147707043243851,0.7571166901012252,0.5411906789837007,0
#daa520,#ff4500,1.537541061367212,1.061059749406998,0.4191997780956843,0.2551624375341642,0.42252968428533916,0.2192896209568113,0
#c0c0c0,#4169e1,2.6640331968670825,3.678856477369179,0.5271151257058131,0.16663210743188323,0.6174073608961389,0.8142796922372372,0
#008000,#ffa500,2.601495978376403,10.598040016274304,0.15438342968146074,0.48170267036309633,1.0104718902494205,0.5467073155618908,0
#008000,#800080,1.833412278315376,2.0440179575608504,0.15438342968146074,0.06147707043243851,0.8694215818384953,0.5,0
#ff0000,#8b4513,1.7752565136725034,2.0610407967046815,0.2126,0.09792228502052074,0.5345142635004502,0.4800444332545303,0
#800080,#a52a2a,1.329639246003897,1.671767484971509,0.06147707043243851,0.09822428787651086,0.4023957474458148,0.3370824931552611,0
#00ced1,#0000ff,4.398204809696429,1.7694783974873416,0.4874606277449036,0.0722,0.827739007578739,0.24398234194649626,0
#c0c0c0,#800000,6.018390197526303,4.136877277015687,0.5271151257058131,0.045891942324214986,1.0939981662219729,1.0310146251373995,1
#800080,#000080,1.699730924493852,2.5616629669229565,0.06147707043243851,0.015585128108223528,0.5019607843137255,0.16666666666666674,0
#00ffff,#0000ff,6.852700490998363,2.4196502996402858,0.7874,0.0722,1.0,0.16666666666666663,0
#008000,#800000,2.1313931570019835,1.942193424789478,0.15438342968146074,0.045891942324214986,0.7098797489559064,0.3333333333333333,0
#00ff00,#a52a2a,5.162446795747172,1.854763337589047,0.7152,0.09822428787651086,1.0693593464148083,0.5481532391487859,0
#daa520,#ffa500,1.133211683349658,1.2734629353058782,0.4191997780956843,0.48170267036309633,0.19183646758643152,0.20670963727201103,0
#483d8b,#ffc0cb,5.8959661953593745,7.375117605526679,0.06579284622798763,0.6327107070246613,0.9175632607959388,0.619998586226518,1
#228b22,#0087be,1.0888280606863008,1.0364467726226723,0.18920812076002244,0.21045651422754966,0.6263225146432919,0.38212374968030777,0
#556b2f,#00ffff,4.743959626041901,1.301658819058755,0.1265192088488916,0.7874,1.055135188154856,0.7771117095340583,0
#800080,#c0c0c0,5.176985037973149,3.930795136540124,0.06147707043243851,0.5271151257058131,0.8324077905205709,1.044398839057661,1
#ffd700,#008000,3.6627664749941995,12.251713899912227,0.6986087742815887,0.15438342968146074,1.0565989703208332,0.5340589226752603,0
#8b4513,#ffffff,7.098321932049233,4.868659672113964,0.09792228502052074,1.0,1.2631347590237776,0.9782951307936856,1
#000080,#8b4513,2.2554241988584782,3.7628752838930026,0.015585128108223528,0.09792228502052074,0.7436828666001299,0.42752203936304156,0
#0087be,#ffc0cb,2.621208031787626,8.388915682527042,0.21045651422754966,0.6327107070246613,1.0259456117691341,0.9002953446280502,0
#ffff00,#008000,4.78414518008597,13.686581562971192,0.9278,0.15438342968146074,1.1171584759385749,0.5251864793948691,1
#0087be,#ff00ff,1.2854353095868418,4.6375490565108475,0.21045651422754966,0.2848,1.159849915385902,0.38242648614650515,0
#800080,#800000,1.1625280261351834,1.0524275962794023,0.06147707043243851,0.045891942324214986,0.5019607843137255,0.16666666666666663,0
#bdb76b,#ff00ff,1.5157504883510804,1.1065613621094172,0.45747326349994166,0.2848,0.9585728851595032,0.7004506506378824,0
#00ff00,#ff00ff,2.2855436081242533,3.603318596289871,0.7152,0.2848,1.7320508075688772,0.5,0
#ff0000,#0000ff,2.148936170212766,5.397970215110491,0.2126,0.0722,1.4142135623730951,0.33333333333333337,0
#daa520,#8b4513,3.1719343574945036,2.771766901405845,0.4191997780956843,0.09792228502052074,0.49021176445491005,0.3139325355866228,0
#c0c0c0,#2f4f4f,4.9071013891869555,6.15184052083828,0.5271151257058131,0.06760815192804356,0.84621417582817,0.781311011384454,1
#00ffff,#ff4500,2.7441123054545327,2.827536082350336,0.7874,0.2551624375341642,1.591238989747093,0.4549019607843137,0
#ffc0cb,#ff0000,2.5998122887458543,1.9405414521114697,0.6327107070246613,0.2126,1.0957469069641455,0.7535033218366354,0
#ffd700,#0087be,2.8742178958425337,8.558755539516676,0.6986087742815887,0.21045651422754966,1.2859217593780075,0.48084596376776256,0
#483d8b,#808080,2.296001081020492,2.2731776294718458,0.06579284622798763,0.21586050011389923,0.34514259961863725,0.6424526462637602,0
#800000,#ff0000,2.7384991234418585,3.186226536459605,0.045891942324214986,0.2126,0.4980392156862745,0.4980392156862745,0
#008000,#ffc0cb,3.340342747397339,12.008591015162033,0.15438342968146074,0.6327107070246613,1.3025866674213238,0.9727907175878278,0
#008000,#0087be,1.274352400453799,1.4314830986052556,0.15438342968146074,0.21045651422754966,0.7456035436929944,0.3245042574723647,0
#00ff00,#ffa500,1.4391501917367648,5.7524582674446405,0.7152,0.48170267036309633,1.0604562574894085,0.22549019607843135,0
#800080,#0087be,2.3364133378926675,1.4279022641290064,0.06147707043243851,0.21045651422754966,0.768997509956377,0.37468751302376807,0
#8b0000,#4169e1,2.0653330120457833,1.0039801016845622,0.05488967453113127,0.16663210743188323,1.0160268942061013,0.5812251362596382,0
#008080,#808000,1.1377779375403658,2.9271493377107594,0.16996855778968425,0.20027537200567572,0.7098797489559064,0.33333333333333337,0
#808000,#808080,1.0622719206581384,1.056256329336599,0.20027537200567572,0.21586050011389923,0.5019607843137255,1.0137937550497031,0
#483d8b,#696969,1.6517712222367193,1.6353517524151233,0.06579284622798763,0.14126329114027164,0.2535711868286621,0.6547231153003606,0
#808080,#ffa500,1.9999310545767641,2.8633146650356402,0.21586050011389923,0.48170267036309633,0.7218456416260244,1.1223516394670519,0
#000080,#800080,1.699730924493852,2.5616629669229565,0.015585128108223528,0.06147707043243851,0.5019607843137255,0.16666666666666674,0
#008000,#ffff00,4.78414518008597,13.686581562971192,0.15438342968146074,0.9278,1.1171584759385749,0.5251864793948691,1
#dc143c,#ff4500,1.450240175530154,1.548804778041834,0.1604219995302558,0.2551624375341642,0.3333564005859358,0.1823591267858698,0
#8b4513,#008000,1.3816946490050999,3.0024967185976044,0.09792228502052074,0.15438342968146074,0.5968390400074775,0.30030401520549377,0
#800000,#00ced1,5.604857037181758,1.044459083894886,0.045891942324214986,0.4874606277449036,1.255520680805695,0.5903499240228852,0
#a52a2a,#4169e1,1.4615155892154765,1.56461795313912,0.09822428787651086,0.16663210743188323,0.8543081225880257,0.44403580180184765,0
#dc143c,#ffd700,3.5576545035822127,2.419324484935995,0.1604219995302558,0.6986087742815887,0.8117741782150765,0.23943548689011,0
#696969,#ffd700,3.9140222351008407,4.601109426725596,0.14126329114027164,0.6986087742815887,0.8376474260115228,1.168660532350414,0
#bdb76b,#2f4f4f,4.314949730784224,5.624581247980807,0.45747326349994166,0.06760815192804356,0.6989199114890732,0.5534451915778057,0
#ff0000,#00ced1,2.0466893668884376,3.050599669809819,0.2126,0.4874606277449036,1.5245876658762345,0.5292964283576651,0
#00ced1,#cd5c5c,2.0353627233974048,2.9293884796543472,0.4874606277449036,0.21406134963883997,1.0279447997542435,0.6702711125037157,0
#2f4f4f,#00ffff,7.120254729556062,2.123885995975975,0.06760815192804356,0.7874,0.9933341848381974,0.9112191362302031,0
#a52a2a,#ff00ff,2.258739136456029,1.9427376653744517,0.09822428787651086,0.2848,0.9216353751380654,0.46598137329293826,0
#0087be,#4169e1,1.2022987603970312,1.5256891128589898,0.21045651422754966,0.16663210743188323,0.31249759706880836,0.32891782256450014,0
#ffa500,#800000,5.544810726279645,5.456737666292463,0.48170267036309633,0.045891942324214986,0.816534250027925,0.5095813993999183,1
#8b4513,#0087be,1.7607658926538179,2.0974726991349337,0.09792228502052074,0.21045651422754966,0.9021142239477368,0.5365956514084141,0
#2f4f4f,#0000ff,1.0390436206732157,1.139256205005674,0.06760815192804356,0.0722,0.7786659398647284,0.9263358419115042,0
#bdb76b,#ff0000,1.9324952913173714,1.1870830760390791,0.45747326349994166,0.2126,0.8706765544319682,0.6413757255276394,0
#808080,#228b22,1.1114192079649958,2.4947282740380863,0.21586050011389923,0.18920812076002244,0.5230996253038991,0.8267977820793737,0
#c0c0c0,#ffff00,1.694289330580529,1.7034518917037604,0.5271151257058131,0.9278,0.830058154464124,1.0434633870249184,0
#000080,#a52a2a,2.2600289448535125,4.282504855557445,0.015585128108223528,0.09822428787651086,0.7480334335345618,0.4437994372744292,0
#ff00ff,#8b4513,2.2633506503334124,2.211017601527555,0.2848,0.09792228502052074,1.0661547214369458,0.5304418760096049,0
#dc143c,#ffa500,2.5268397389534587,2.092776399544196,0.1604219995302558,0.48170267036309633,0.6305072623848441,0.216873619349917,0
#228b22,#000080,3.6472921172815216,1.859390086641423,0.18920812076002244,0.015585128108223528,0.6714133211002482,0.41569604946991817,0
#556b2f,#808000,1.4178364702502306,1.644345477626411,0.1265192088488916,0.20027537200567572,0.2630375896115138,0.4510645074678369,0
#008000,#a52a2a,1.3788794846613623,3.417122760148103,0.15438342968146074,0.09822428787651086,0.7480334335345618,0.44379943727442916,0
#ffffff,#228b22,4.3894830855402995,9.852778756595159,1.0,0.18920812076002244,1.3073477028501774,0.942692709007717,0
#00ff00,#8b4513,5.1729866118134025,1.6297104979175197,0.7152,0.09792228502052074,0.9136329162899978,0.5433759957096725,0
#2f4f4f,#ffff00,8.314049527776351,10.479364372681815,0.06760815192804356,0.9278,1.1125166043367751,0.9702738919208476,1
#c0c0c0,#808000,2.305920558946269,2.292862249267931,0.5271151257058131,0.20027537200567572,0.8324077905205709,1.044398839057661,0
#ff00ff,#8b4513,2.2633506503334124,2.211017601527555,0.2848,0.09792228502052074,1.0661547214369458,0.5304418760096049,0
#556b2f,#008080,1.2461451602017277,1.7801303786452816,0.1265192088488916,0.16996855778968425,0.4677528963146728,0.5232872636206357,0
#00ffff,#8b4513,5.661080748474312,1.0824087427612306,0.7874,0.09792228502052074,1.2983472177678161,0.6410914236317772,0
#daa520,#808080,1.764834482349469,2.248447587795627,0.4191997780956843,0.21586050011389923,0.5360513210868043,0.9309883620930889,0
#800080,#228b22,2.145805588827312,1.3776899131209386,0.06147707043243851,0.18920812076002244,0.7542574279311995,0.5582939140218041,0
#483d8b,#c0c0c0,4.984030918192612,4.934487044229032,0.06579284622798763,0.5271151257058131,0.7270254027050175,0.6738570691435919,1
#808080,#008000,1.3007928310443406,3.7013186659812636,0.21586050011389923,0.15438342968146074,0.7098797489559064,1.0540925533894598,0
#800080,#ffc0cb,6.124225406859997,5.8749929132188345,0.06147707043243851,0.6327107070246613,0.9494570374154544,0.9131746370717807,1
#228b22,#ff00ff,1.3996180352751355,4.4744690986646445,0.18920812076002244,0.2848,1.3414000501636372,0.7188651233706655,0
#bdb76b,#800000,5.29213666132814,3.7823155978578096,0.45747326349994166,0.045891942324214986,0.865050396000225,0.6337170870970168,1
#ff0000,#008080,1.1938069815008578,5.169241909286268,0.2126,0.16996855778968425,1.226347935121881,0.7057216592690063,0
#cd5c5c,#ffffff,3.976348683501384,2.459977182928288,0.21406134963883997,1.0,0.9250081828872133,0.585055298133559,0
#483d8b,#008000,1.7650782094003004,1.6282575624506892,0.06579284622798763,0.15438342968146074,0.6677499848681587,0.5672585616427119,0
#ff4500,#8b4513,2.062991641129868,2.6122627900595816,0.2551624375341642,0.09792228502052074,0.4609636697244631,0.4756184126818774,0
#808080,#a52a2a,1.793636548521615,1.0831681873263583,0.21586050011389923,0.09822428787651086,0.4985330267669268,0.7594444813961583,0
#808080,#ff0000,1.0124162228252065,1.6719090647011379,0.21586050011389923,0.2126,0.8671633746527239,1.1171584759385749,0
#696969,#556b2f,1.0835267866173228,1.2495113338199364,0.14126329114027164,0.1265192088488916,0.24072171377604398,0.6052951123458193,0
#a52a2a,#0087be,1.7571783812147042,2.3871205768880723,0.09822428787651086,0.21045651422754966,0.9426295971790262,0.5277187712036278,0
#2f4f4f,#8b4513,1.2577553732076696,2.298912770672539,0.06760815192804356,0.09792228502052074,0.4325118644380309,0.6713649238589946,0
#ffc0cb,#c0c0c0,1.1829714325884364,1.4946067421844804,0.6327107070246613,0.5271151257058131,0.2507965012599135,0.35060371555561815,0
#00ffff,#0000ff,6.852700490998363,2.4196502996402858,0.7874,0.0722,1.0,0.16666666666666663,0
#ffa500,#ff0000,2.024762644185439,1.7126019144752183,0.48170267036309633,0.2126,0.6470588235294118,0.10784313725490197,0
#228b22,#daa520,1.9614709425621604,5.609265769966483,0.18920812076002244,0.4191997780956843,0.7287789791571659,0.389114161711338,0
#ffffff,#00ced1,1.9536314769802343,7.206228819882682,1.0,0.4874606277449036,1.0341496942694668,1.1314392202288999,0
#ff4500,#ffffff,3.440790447488965,1.8637710151676268,0.2551624375341642,1.0,1.2377566491404317,1.001016400036033,0
#00ced1,#4169e1,2.4809832398177645,1.0766346700743588,0.4874606277449036,0.16663210743188323,0.4751737374247209,0.32004120772050726,0
#008000,#ff00ff,1.638097572400064,6.638573093348028,0.15438342968146074,0.2848,1.5006547334376588,0.7057216592690063,0
#8b4513,#ffff00,6.610227795388323,4.558400173494235,0.09792228502052074,0.9278,0.8628609547877303,0.48484253890133533,1
#ffc0cb,#0000ff,5.586830663049601,10.474984959684976,0.6327107070246613,0.0722,1.2682682765788924,0.812082516987202,1
#556b2f,#bdb76b,2.874889746046628,3.447118065102366,0.1265192088488916,0.45747326349994166,0.557249244496678,0.35338371139558533,0
#008000,#ffa500,2.601495978376403,10.598040016274304,0.15438342968146074,0.48170267036309633,1.0104718902494205,0.5467073155618908,0
#008080,#8b4513,1.4870548934473855,2.5080735507764667,0.16996855778968425,0.09792228502052074,0.7303283298865193,0.453787662116636,0
#008000,#0087be,1.274352400453799,1.4314830986052556,0.15438342968146074,0.21045651422754966,0.7456035436929944,0.3245042574723647,0
#ff4500,#ffa500,1.742359494371158,1.3512202630147552,0.2551624375341642,0.48170267036309633,0.37647058823529417,0.06274509803921571,0
#cd5c5c,#00ff00,2.897811440585961,3.2254387697152467,0.21406134963883997,0.7152,1.0886008924827255,0.5924202803711355,0
#808080,#ffd700,2.8157954038334836,3.3100943219284127,0.21586050011389923,0.6986087742815887,0.7851172354707894,1.1259616951696347,0
#ffc0cb,#dc143c,3.244483507184318,2.371315434714162,0.6327107070246613,0.1604219995302558,0.8878521443456374,0.6761237364986112,0
#ffc0cb,#ff0000,2.5998122887458543,1.9405414521114697,0.6327107070246613,0.2126,1.0957469069641455,0.7535033218366354,0
#c0c0c0,#4169e1,2.6640331968670825,3.678856477369179,0.5271151257058131,0.16663210743188323,0.6174073608961389,0.8142796922372372,0
#2f4f4f,#0087be,2.214612762446138,1.0960394247899796,0.06760815192804356,0.21045651422754966,0.52122943415506,0.7387545571310044,0
#0087be,#2f4f4f,2.214612762446138,1.0960394247899796,0.21045651422754966,0.06760815192804356,0.52122943415506,0.7387545571310044,0
#ff00ff,#ffc0cb,2.0391598178753325,1.808911470327089,0.2848,0.6327107070246613,0.7800669339078498,0.7654050283541249,0
#ffff00,#556b2f,5.539340485244531,6.42245256086038,0.9278,0.1265192088488916,0.9029236122708881,0.7304329118574657,1
#00ff00,#0000ff,6.261865793780687,1.6070649616003319,0.7152,0.0722,1.4142135623730951,0.3333333333333333,0
#808080,#a52a2a,1.793636548521615,1.0831681873263583,0.21586050011389923,0.09822428787651086,0.4985330267669268,0.7594444813961583,0
#ffff00,#228b22,4.087653867658386,9.224902009624874,0.9278,0.18920812076002244,0.9878383890162916,0.5427198571790974,0
#483d8b,#008080,1.8996731227815429,1.3601312870515896,0.06579284622798763,0.16996855778968425,0.3880966280388394,0.48022305711915514,0
#ffffff,#dc143c,4.989972542528873,2.8866174534674998,1.0,0.1604219995302558,1.205364148180681,0.9199979892451458,0
#ffff00,#800080,8.771310514412942,6.695920411239215,0.9278,0.06147707043243851,1.2247480105516604,0.5992947283870521,1
#ff4500,#800000,3.182357455044514,4.038377617367685,0.2551624375341642,0.045891942324214986,0.5667989532814826,0.5000768875907975,0
#800000,#ff4500,3.182357455044514,4.038377617367685,0.045891942324214986,0.2551624375341642,0.5667989532814826,0.5000768875907975,0
#0087be,#a52a2a,1.7571783812147042,2.3871205768880723,0.21045651422754966,0.09822428787651086,0.9426295971790262,0.5277187712036278,0
#0087be,#008080,1.184062471676414,1.1957598074153135,0.21045651422754966,0.16996855778968425,0.24468199984010194,0.24787771984364332,0
#00ffff,#ffd700,1.1186083155432165,4.416778262215173,0.7874,0.6986087742815887,1.422886475021705,0.35947712418300654,0
#8b0000,#228b22,2.2805688150841337,1.4662024410123617,0.05488967453113127,0.18920812076002244,0.6960314814323733,0.41345179015747396,0
#cd5c5c,#00ffff,3.1712327500610087,2.1422474286334894,0.21406134963883997,0.7874,1.2097451283899459,0.699893332932886,0
#4169e1,#556b2f,1.2272438158123067,1.0248450010477785,0.16663210743188323,0.1265192088488916,0.7024754384587631,0.6281143892226362,0
#a52a2a,#000080,2.2600289448535125,4.282504855557445,0.09822428787651086,0.015585128108223528,0.7480334335345618,0.4437994372744292,0
#800080,#000080,1.699730924493852,2.5616629669229565,0.06147707043243851,0.015585128108223528,0.5019607843137255,0.16666666666666674,0
#ffa500,#00ff00,1.4391501917367648,5.7524582674446405,0.48170267036309633,0.7152,1.0604562574894085,0.22549019607843135,0
#ff4500,#228b22,1.2757193884747255,5.286474935178131,0.2551624375341642,0.18920812076002244,0.9188277974342891,0.5914783600215723,0
#0087be,#00ffff,3.215124038972585,1.9377824811210134,0.21045651422754966,0.7874,0.5351899632923992,0.25942754072247315,0
#bdb76b,#800080,4.552265874330628,3.5938962558842547,0.45747326349994166,0.06147707043243851,0.7609359056571469,0.6934447628770837,1
#483d8b,#800000,1.207534683534585,1.192804793036726,0.06579284622798763,0.045891942324214986,0.634494776719216,0.5389278656906945,0
#c0c0c0,#0000ff,4.72270970299356,7.0085224855703485,0.5271151257058131,0.0722,1.0931051608759168,1.0826583825911331,1
#808080,#000000,5.317210002277984,5.317210002277984,0.21586050011389923,0.0,0.8694215818384953,0.5019607843137255,1
#daa520,#00ced1,1.1454835505810892,4.102563718164974,0.4191997780956843,0.4874606277449036,1.1128828626821057,0.4118831569191628,0
#0087be,#483d8b,2.2493316531379657,1.137461953995236,0.21045651422754966,0.06579284622798763,0.4515937857499268,0.5027237547019828,0
#00ff00,#008000,3.7439434360828225,1.8423497439786156,0.7152,0.15438342968146074,0.4980392156862745,0.4980392156862745,0
#808000,#0000ff,2.048079967313222,3.0566696659635966,0.20027537200567572,0.0722,1.226347935121881,0.7057216592690063,0
#800000,#ffa500,5.544810726279645,5.456737666292463,0.045891942324214986,0.48170267036309633,0.816534250027925,0.5095813993999183,1
#ffc0cb,#c0c0c0,1.1829714325884364,1.4946067421844804,0.6327107070246613,0.5271151257058131,0.2507965012599135,0.35060371555561815,0
#ffd700,#ffff00,1.3061562108170015,1.1171156684510273,0.6986087742815887,0.9278,0.1568627450980392,0.026143790849673193,0
#696969,#ff00ff,1.7504665845912857,2.49310435171273,0.14126329114027164,0.2848,0.9282196375329118,1.172091523313539,0
#808080,#bdb76b,1.9087952639919485,1.9846949553830466,0.21586050011389923,0.45747326349994166,0.3324555917594385,0.5189626327623174,0
#228b22,#dc143c,1.1368018614689934,3.4132609933331057,0.18920812076002244,0.1604219995302558,0.8719032640190065,0.5088873360651629,0
#0000ff,#ffc0cb,5.586830663049601,10.474984959684976,0.0722,0.6327107070246613,1.2682682765788924,0.812082516987202,1
#483d8b,#0000ff,1.0553328981947396,1.4203142946270246,0.06579284622798763,0.0722,0.5864154857063391,0.6325161026734958,0
#daa520,#228b22,1.9614709425621604,5.609265769966483,0.4191997780956843,0.18920812076002244,0.7287789791571659,0.389114161711338,0
#000000,#a52a2a,2.9644857575302175,4.908942179517602,0.0,0.09822428787651086,0.6877071880317874,0.9871107336292668,0
#cd5c5c,#ffffff,3.976348683501384,2.459977182928288,0.21406134963883997,1.0,0.9250081828872133,0.585055298133559,0
#2f4f4f,#bdb76b,4.314949730784224,5.624581247980807,0.06760815192804356,0.45747326349994166,0.6989199114890732,0.5534451915778057,0
#ff00ff,#0087be,1.2854353095868418,4.6375490565108475,0.2848,0.21045651422754966,1.159849915385902,0.38242648614650515,0
#000000,#daa520,9.383995561913686,11.955468003424713,0.0,0.4191997780956843,1.0794861152288777,1.2136841511930498,1
#daa520,#800000,4.893005259079002,4.284959942694986,0.4191997780956843,0.045891942324214986,0.7476632828135352,0.40039644354582926,1
#808000,#483d8b,2.16140616763925,2.152107936621366,0.20027537200567572,0.06579284622798763,0.6437347774260918,0.6492282922609414,0
#483d8b,#228b22,2.065828145281438,1.0974629706424288,0.06579284622798763,0.18920812076002244,0.5341545004705412,0.40628074524850705,0
#ffc0cb,#daa520,1.4550533459234405,1.4429550690102082,0.6327107070246613,0.4191997780956843,0.6942284169950662,0.6406713132999556,0
#dc143c,#00ffff,3.979621911536837,1.8256245864150884,0.1604219995302558,0.7874,1.4759379816908873,0.49485467432364383,0
#00ced1,#4169e1,2.4809832398177645,1.0766346700743588,0.4874606277449036,0.16663210743188323,0.4751737374247209,0.32004120772050726,0
#0087be,#008000,1.274352400453799,1.4314830986052556,0.21045651422754966,0.15438342968146074,0.7456035436929944,0.3245042574723647,0
#483d8b,#000080,1.7655351078512065,2.040611768068579,0.06579284622798763,0.015585128108223528,0.37256965887101556,0.44158991041047546,0
#ffffff,#808000,4.195378840456536,4.171620625584788,1.0,0.20027537200567572,1.223145993216999,1.1295223938192536,0
#c0c0c0,#ffff00,1.694289330580529,1.7034518917037604,0.5271151257058131,0.9278,0.830058154464124,1.0434633870249184,0
#ff00ff,#800080,3.0033082023168878,3.247805660802468,0.2848,0.06147707043243851,0.7043338134171885,0.4980392156862745,0
#ffd700,#ffffff,1.4026017808936917,1.1931501836322989,0.6986087742815887,1.0,1.0122281960110044,1.0098250732814462,0
#bdb76b,#00ced1,1.0590915155571845,3.621315239801639,0.45747326349994166,0.4874606277449036,0.8470406679245287,0.6691129253819181,0
#000080,#0087be,3.9712740028160707,1.794004415621207,0.015585128108223528,0.21045651422754966,0.5825740651026766,0.27044273040263483,0
#daa520,#0087be,1.8014514994459483,5.81370540406459,0.4191997780956843,0.21045651422754966,1.062361554405981,0.46658864386918697,0
#4169e1,#808080,1.2272442126220608,1.6947443921599779,0.16663210743188323,0.21586050011389923,0.4624625258881271,0.889383047594438,0
#00ced1,#000080,8.19485519427556,2.5422671974191484,0.4874606277449036,0.015585128108223528,0.8680496462697748,0.35761111126941025,0
#4169e1,#ff4500,1.4086667075891233,3.5912623606841123,0.16663210743188323,0.2551624375341642,1.1634640504517444,0.5232398906105573,0
#daa520,#c0c0c0,1.2299987183457737,1.0357957598844034,0.4191997780956843,0.5271151257058131,0.6444391414224533,0.8675066903731633,0
#ffc0cb,#556b2f,3.867628409829847,5.6350525339586355,0.6327107070246613,0.1265192088488916,0.964267395963836,0.7079846104590103,0
#0087be,#c0c0c0,2.2157830354805887,5.61279127529293,0.21045651422754966,0.5271151257058131,0.7854599467514484,1.0973347438409733,0
#696969,#ffffff,5.489814557409947,5.489814557409947,0.14126329114027164,1.0,1.0188534162169867,0.5882352941176471,1
#0000ff,#ff4500,2.4972376230291666,6.84164852890271,0.0722,0.2551624375341642,1.4398673525986985,0.3784313725490196,0
#556b2f,#800080,1.5834575501862722,1.042579972025858,0.1265192088488916,0.06147707043243851,0.5526351538091676,0.5960797276783149,0
#00ff00,#483d8b,6.608352976257076,1.1314854519733946,0.7152,0.06579284622798763,0.9775724156084572,0.7258493279750936,0
#4169e1,#c0c0c0,2.6640331968670825,3.678856477369179,0.16663210743188323,0.5271151257058131,0.6174073608961389,0.8142796922372372,0
#ffffff,#daa520,2.2378527207782963,1.7565184394274174,1.0,0.4191997780956843,0.9541427105981685,0.8736276651346192,0
#a52a2a,#ffd700,5.050513549474917,3.5853888665624702,0.09822428787651086,0.6986087742815887,0.7822816813583522,0.4572827802422404,1
#daa520,#000080,7.154057507083723,10.429813166012748,0.4191997780956843,0.015585128108223528,1.136341756456375,0.5923502690767981,1
#808000,#0087be,1.0406797606184082,2.4479408987979943,0.20027537200567572,0.21045651422754966,0.8988266091724262,0.4524579735136219,0
#00ced1,#8b0000,5.12405658752793,1.0723665421933068,0.4874606277449036,0.05488967453113127,1.2733810990032526,0.5683036259462416,0
#696969,#800080,1.7157186710982697,1.3027154914599817,0.14126329114027164,0.06147707043243851,0.43106941220547906,1.0177981677828742,0
#00ced1,#0087be,2.063533059784972,1.4170908250183107,0.4874606277449036,0.21045651422754966,0.2882286247060856,0.08748847471357242,0
#2f4f4f,#0087be,2.214612762446138,1.0960394247899796,0.06760815192804356,0.21045651422754966,0.52122943415506,0.7387545571310044,0
#008080,#800000,2.2939211831371673,1.622371118354347,0.16996855778968425,0.045891942324214986,0.8694215818384953,0.5,0
#ffa500,#8b0000,5.069161218583885,4.871900259148511,0.48170267036309633,0.05488967453113127,0.7909620187042358,0.4675103594343049,1
#daa520,#bdb76b,1.0815718318529388,1.1328932850346647,0.4191997780956843,0.45747326349994166,0.3231429658737673,0.4359271917727358,0
#0000ff,#483d8b,1.0553328981947396,1.4203142946270246,0.0722,0.06579284622798763,0.5864154857063391,0.6325161026734958,0
#ffffff,#cd5c5c,3.976348683501384,2.459977182928288,1.0,0.21406134963883997,0.9250081828872133,0.585055298133559,0
#808000,#800080,2.2450838637471815,1.7143616620645896,0.20027537200567572,0.06147707043243851,0.7098797489559064,0.33333333333333326,0
#00ced1,#000000,10.749212554898072,2.9141455988823126,0.4874606277449036,0.0,1.1508116922163876,1.3854134384170995,0
#008080,#800080,1.9732179625495074,1.707428136362791,0.16996855778968425,0.06147707043243851,0.7098797489559064,0.33333333333333337,0
#ff4500,#00ffff,2.7441123054545327,2.827536082350336,0.2551624375341642,0.7874,1.591238989747093,0.4549019607843137,0
#0000ff,#8b4513,1.2104933307734922,2.619050638755476,0.0722,0.09792228502052074,1.107647041468384,0.6227760956443902,0
#dc143c,#008000,1.029545300508003,5.0641052807086995,0.1604219995302558,0.15438342968146074,0.9894794533590688,0.522373648153058,0
#228b22,#daa520,1.9614709425621604,5.609265769966483,0.18920812076002244,0.4191997780956843,0.7287789791571659,0.389114161711338,0
#556b2f,#daa520,2.6580664005657337,3.9052169086761563,0.1265192088488916,0.4191997780956843,0.5720384508360514,0.5355466408189639,0
#daa520,#808080,1.764834482349469,2.248447587795627,0.4191997780956843,0.21586050011389923,0.5360513210868043,0.9309883620930889,0
#2f4f4f,#0087be,2.214612762446138,1.0960394247899796,0.06760815192804356,0.21045651422754966,0.52122943415506,0.7387545571310044,0
#008000,#dc143c,1.029545300508003,5.0641052807086995,0.15438342968146074,0.1604219995302558,0.9894794533590688,0.522373648153058,0
#4169e1,#ff00ff,1.5454772792868339,3.039642229484447,0.16663210743188323,0.2848,0.8593963529729853,0.37510051766301467,0
#8b4513,#556b2f,1.193323972952444,1.408926885841455,0.09792228502052074,0.1265192088488916,0.2812615070908409,0.36381425121421423,0
#696969,#800080,1.7157186710982697,1.3027154914599817,0.14126329114027164,0.06147707043243851,0.43106941220547906,1.0177981677828742,0
#cd5c5c,#8b4513,1.7851356852837128,1.9791483050742964,0.21406134963883997,0.09792228502052074,0.39633072919600437,0.41135412806256205,0
#000080,#ffffff,16.009727056831707,18.320159145884244,0.015585128108223528,1.0,1.4993475448879088,1.1658276765768218,1
#cd5c5c,#000080,4.026238222834699,7.447288240322798,0.21406134963883997,0.015585128108223528,0.8924046197675947,0.6353702484448384,0
#808080,#4169e1,1.2272442126220608,1.6947443921599779,0.21586050011389923,0.16663210743188323,0.4624625258881271,0.889383047594438,0
#daa520,#00ced1,1.1454835505810892,4.102563718164974,0.4191997780956843,0.4874606277449036,1.1128828626821057,0.4118831569191628,0
#dc143c,#00ff00,3.6365018948029464,2.7487209186311152,0.1604219995302558,0.7152,1.2841266141202308,0.4019301125402603,0
#000080,#daa520,7.154057507083723,10.429813166012748,0.015585128108223528,0.4191997780956843,1.136341756456375,0.5923502690767981,1
#c0c0c0,#800000,6.018390197526303,4.136877277015687,0.5271151257058131,0.045891942324214986,1.0939981662219729,1.0310146251373995,1
#bdb76b,#008080,2.307026370492212,6.136319586465665,0.45747326349994166,0.16996855778968425,0.7763022198125978,0.7050714869878663,0
#00ced1,#bdb76b,1.0590915155571845,3.621315239801639,0.4874606277449036,0.45747326349994166,0.8470406679245287,0.6691129253819181,0
#bdb76b,#000080,7.737627083117812,9.206350945661764,0.45747326349994166,0.015585128108223528,1.0349598390817447,0.7846588350360539,1
#483d8b,#8b4513,1.277473435010593,1.8439937193219904,0.06579284622798763,0.09792228502052074,0.5398819413287098,0.4849206256869978,0
#ffff00,#008000,4.78414518008597,13.686581562971192,0.9278,0.15438342968146074,1.1171584759385749,0.5251864793948691,1
#8b0000,#dc143c,2.0061269183155157,2.3279602446824246,0.05488967453113127,0.1604219995302558,0.4030067691472066,0.3320771414901472,0
#dc143c,#ffa500,2.5268397389534587,2.092776399544196,0.1604219995302558,0.48170267036309633,0.6305072623848441,0.216873619349917,0
#daa520,#ffa500,1.133211683349658,1.2734629353058782,0.4191997780956843,0.48170267036309633,0.19183646758643152,0.20670963727201103,0
#556b2f,#ff00ff,1.896677433483196,3.1151621438608603,0.1265192088488916,0.2848,1.1339573558518092,0.8278792729477096,0
#696969,#daa520,2.453161687736385,3.1253953469452296,0.14126329114027164,0.4191997780956843,0.5776565099129662,0.9687840228793902,0
#a52a2a,#808000,1.6884909726413124,1.0254785294462205,0.09822428787651086,0.20027537200567572,0.4023957474458148,0.3370824931552611,0
#ff4500,#000080,4.65292126944707,9.829619087748576,0.2551624375341642,0.015585128108223528,1.1511657665464323,0.6255024892762093,1
#8b0000,#dc143c,2.0061269183155157,2.3279602446824246,0.05488967453113127,0.1604219995302558,0.4030067691472066,0.3320771414901472,0
#ffa500,#00ff00,1.4391501917367648,5.7524582674446405,0.48170267036309633,0.7152,1.0604562574894085,0.22549019607843135,0
#0087be,#228b22,1.0888280606863008,1.0364467726226723,0.21045651422754966,0.18920812076002244,0.6263225146432919,0.38212374968030777,0
#ff00ff,#daa520,1.4014330289596306,1.2536159366125708,0.2848,0.4191997780956843,1.0974998675382353,0.35257093725627464,0
#000000,#556b2f,3.530384176977832,3.061409464059076,0.0,0.1265192088488916,0.5667039814025358,0.7364722671289381,0
#bdb76b,#483d8b,4.38259598957231,4.511564173902365,0.45747326349994166,0.06579284622798763,0.6746579864589246,0.5198309358297847,0
#dc143c,#556b2f,1.1920628973042051,2.376340343197692,0.1604219995302558,0.1265192088488916,0.6318838509382156,0.6212025883242293,0
#696969,#c0c0c0,3.0173857318107085,3.0173857318107085,0.14126329114027164,0.5271151257058131,0.5909349814058522,0.3411764705882353,0
#2f4f4f,#808000,2.1280444246654113,2.6830397346384194,0.06760815192804356,0.20027537200567572,0.4835311610419513,0.7085090391527985,0
#ff4500,#ffc0cb,2.23720426583704,1.531061543929529,0.2551624375341642,0.6327107070246613,0.9308089109791385,0.7565882914538722,0
#a52a2a,#00ced1,3.6259956815759824,1.6845219337703548,0.09822428787651086,0.4874606277449036,1.1230348293749552,0.5849614785709975,0
#800080,#ff4500,2.737445793564427,3.837202323128329,0.06147707043243851,0.2551624375341642,0.7571166901012252,0.5411906789837007,0
#00ffff,#000000,16.748,3.984910627642433,0.7874,0.0,1.4142135623730951,1.5,1
#daa520,#ffff00,2.0839737051209695,1.64458280066127,0.4191997780956843,0.9278,0.4017072371074274,0.21179199143894079,0
#808080,#ffff00,3.677868655107072,3.697758231077009,0.21586050011389923,0.9278,0.8648992714250887,1.1295223938192536,0
#008080,#00ced1,2.443352055154987,1.6945002520139032,0.16996855778968425,0.4874606277449036,0.4409803485645014,0.31765606761312454,0
#556b2f,#808080,1.5061278704318677,1.7368503183589095,0.1265192088488916,0.21586050011389923,0.3689402094158328,0.6108213037772618,0
#ffc0cb,#800000,7.119583673843893,6.183004669817421,0.6327107070246613,0.045891942324214986,1.2036213459734297,0.903222185500469,1
#00ffff,#000080,12.76813851180083,3.476390327644516,0.7874,0.015585128108223528,1.1171584759385749,0.5251864793948691,1
#000080,#808000,3.816038471293226,4.391616781623347,0.015585128108223528,0.20027537200567572,0.8694215818384953,0.5,0
#2f4f4f,#00ffff,7.120254729556062,2.123885995975975,0.06760815192804356,0.7874,0.9933341848381974,0.9112191362302031,0
#ffc0cb,#696969,3.5694811218320215,4.509805058535537,0.6327107070246613,0.14126329114027164,0.7811012641961819,0.6386749285225956,0
#ffff00,#800080,8.771310514412942,6.695920411239215,0.9278,0.06147707043243851,1.2247480105516604,0.5992947283870521,1
#ffffff,#228b22,4.3894830855402995,9.852778756595159,1.0,0.18920812076002244,1.3073477028501774,0.942692709007717,0
#000080,#ffa500,8.107061550382603,13.281980489082487,0.015585128108223528,0.48170267036309633,1.2925361697438555,0.6653418208425588,1
#556b2f,#00ff00,4.334938984771032,1.1567033848915487,0.1265192088488916,0.7152,0.6942173407967966,0.7354859931582544,0
#228b22,#0087be,1.0888280606863008,1.0364467726226723,0.18920812076002244,0.21045651422754966,0.6263225146432919,0.38212374968030777,0
#ff4500,#ff0000,1.1620808740828796,1.2674483660081974,0.2551624375341642,0.2126,0.27058823529411763,0.04509803921568626,0
#ff0000,#ffc0cb,2.5998122887458543,1.9405414521114697,0.2126,0.6327107070246613,1.0957469069641455,0.7535033218366354,0
#ffa500,#00ff00,1.4391501917367648,5.7524582674446405,0.48170267036309633,0.7152,1.0604562574894085,0.22549019607843135,0
#ff00ff,#483d8b,2.8913703299148836,4.077102570527182,0.2848,0.06579284622798763,0.8827101673387819,0.6480892223176438,0
#c0c0c0,#00ced1,1.0737812146859822,3.960784429763283,0.5271151257058131,0.4874606277449036,0.7578780145691787,1.118953896842507,0
#4169e1,#ff0000,1.212193349882684,2.8334585116036872,0.16663210743188323,0.2126,1.2260782902638026,0.4877731240784836,0
#ff4500,#0000ff,2.4972376230291666,6.84164852890271,0.2551624375341642,0.0722,1.4398673525986985,0.3784313725490196,0
#ff4500,#cd5c5c,1.1556497683267115,1.3198923917738032,0.2551624375341642,0.21406134963883997,0.4204133737695444,0.4918175582723773,0
#00ff00,#8b0000,7.2952843396695695,1.1807422076514411,0.7152,0.05488967453113127,1.138916973425537,0.5639564744167093,0
#0000ff,#556b2f,1.4445107107110606,1.8588974808237106,0.0722,0.1265192088488916,0.9759743600920535,0.8499536032122371,0
#00ced1,#dc143c,2.5542035953689535,2.4964266779535764,0.4874606277449036,0.1604219995302558,1.2719249806801807,0.4750536093915436,0
#ff0000,#0000ff,2.148936170212766,5.397970215110491,0.2126,0.0722,1.4142135623730951,0.33333333333333337,0
#a52a2a,#dc143c,1.4196188934000027,1.4819793247606983,0.09822428787651086,0.1604219995302558,0.2427891245829664,0.27277928738663765,0
#ffa500,#008000,2.601495978376403,10.598040016274304,0.48170267036309633,0.15438342968146074,1.0104718902494205,0.5467073155618908,0
#8b0000,#a52a2a,1.4131447021748351,1.5708452916901054,0.05488967453113127,0.09822428787651086,0.25426768748936984,0.2742068379300963,0
#ffffff,#ff4500,3.440790447488965,1.8637710151676268,1.0,0.2551624375341642,1.2377566491404317,1.001016400036033,0
#ff0000,#800080,2.3556413797145006,3.027501889653713,0.2126,0.06147707043243851,0.707112218357348,0.5251864793948691,0
#ffd700,#00ffff,1.1186083155432165,4.416778262215173,0.6986087742815887,0.7874,1.422886475021705,0.35947712418300654,0
#ff00ff,#800080,3.0033082023168878,3.247805660802468,0.2848,0.06147707043243851,0.7043338134171885,0.4980392156862745,0
#2f4f4f,#008000,1.7378338689184492,1.306050737070478,0.06760815192804356,0.15438342968146074,0.4085024836196398,0.6470330171080054,0
#228b22,#00ced1,2.2468326996477392,1.3672586595377585,0.18920812076002244,0.4874606277449036,0.7468503646166532,0.40468241051250187,0
#0000ff,#000080,1.863227282233176,1.436732542781628,0.0722,0.015585128108223528,0.4980392156862745,0.4980392156862745,0
#696969,#00ced1,2.8100563602177715,1.3126543245720357,0.14126329114027164,0.4874606277449036,0.7019717383305687,1.1890960446576668,0
#ff00ff,#bdb76b,1.5157504883510804,1.1065613621094172,0.2848,0.45747326349994166,0.9585728851595032,0.7004506506378824,0
#dc143c,#008000,1.029545300508003,5.0641052807086995,0.1604219995302558,0.15438342968146074,0.9894794533590688,0.522373648153058,0
#ffd700,#008080,3.4032535458878925,10.234215875647209,0.6986087742815887,0.16996855778968425,1.1697717781994466,0.6142205330109733,0
#8b0000,#ffc0cb,6.508845699793192,5.52032805961639,0.05488967453113127,0.6327107070246613,1.186421964583809,0.880172170625871,1
#00ff00,#008080,3.4786789879834594,1.5389687640727225,0.7152,0.16996855778968425,0.707112218357348,0.5251864793948691,0
#483d8b,#ffd700,6.465069291134212,7.524432364049447,0.06579284622798763,0.6986087742815887,1.0848365934316049,0.7761063298340323,1
#ffffff,#4169e1,4.846926951168387,6.693290695705516,1.0,0.16663210743188323,0.9565734053059191,0.8124929801515247,1
#ffd700,#ff0000,2.8507569469976723,1.9798291616536623,0.6986087742815887,0.2126,0.8431372549019608,0.14052287581699346,0
#000080,#696969,2.9162600829972254,3.3371180309098745,0.015585128108223528,0.14126329114027164,0.5892670689807462,1.0579444426223474,0
#ff00ff,#daa520,1.4014330289596306,1.2536159366125708,0.2848,0.4191997780956843,1.0974998675382353,0.35257093725627464,0
#cd5c5c,#556b2f,1.4959354925779687,2.7884752580867223,0.21406134963883997,0.1265192088488916,0.5060191333554487,0.4468450976768176,0
#483d8b,#bdb76b,4.38259598957231,4.511564173902365,0.06579284622798763,0.45747326349994166,0.6746579864589246,0.5198309358297847,0
#bdb76b,#556b2f,2.874889746046628,3.447118065102366,0.45747326349994166,0.1265192088488916,0.557249244496678,0.35338371139558533,0
#0087be,#ffffff,4.031383139385257,10.211880743638277,0.21045651422754966,1.0,1.1342082246258487,1.1265243161380152,0
#800080,#ff00ff,3.0033082023168878,3.247805660802468,0.06147707043243851,0.2848,0.7043338134171885,0.4980392156862745,0
#cd5c5c,#ffff00,3.7029273740263364,2.3032130345194695,0.21406134963883997,0.9278,0.7597425655176132,0.5173281891233856,0
#ffa500,#8b4513,3.5944730727309624,3.5297424142479663,0.48170267036309633,0.09792228502052074,0.5951618339679321,0.47654442252954504,0
#ff0000,#0000ff,2.148936170212766,5.397970215110491,0.2126,0.0722,1.4142135623730951,0.33333333333333337,0
#ff4500,#0087be,1.1716444813799392,5.4791498851160245,0.2551624375341642,0.21045651422754966,1.2736407293346985,0.5584239805197571,0
#696969,#bdb76b,2.653270580436489,2.7587729473121536,0.14126329114027164,0.45747326349994166,0.4495971967989495,0.5662244964415217,0
#8b0000,#00ff00,7.2952843396695695,1.1807422076514411,0.05488967453113127,0.7152,1.138916973425537,0.5639564744167093,0
#008000,#696969,1.0685972643415764,2.6627738581369114,0.15438342968146074,0.14126329114027164,0.5892670689807462,1.0579444426223474,0
#556b2f,#ffff00,5.539340485244531,6.42245256086038,0.1265192088488916,0.9278,0.9029236122708881,0.7304329118574657,1
#556b2f,#008000,1.1578537600200902,2.131052185014143,0.1265192088488916,0.15438342968146074,0.38969817479121155,0.45920213120651965,0
#ffa500,#696969,2.7799514856886365,3.9800751325122055,0.48170267036309633,0.14126329114027164,0.7556019163920664,1.165182776863207,0
#0087be,#228b22,1.0888280606863008,1.0364467726226723,0.21045651422754966,0.18920812076002244,0.6263225146432919,0.38212374968030777,0
#800000,#00ced1,5.604857037181758,1.044459083894886,0.045891942324214986,0.4874606277449036,1.255520680805695,0.5903499240228852,0
#008080,#0087be,1.184062471676414,1.1957598074153135,0.16996855778968425,0.21045651422754966,0.24468199984010194,0.24787771984364332,0
#ffa500,#ffffff,1.9747879003183522,1.379324353091998,0.48170267036309633,1.0,1.0604562574894085,1.0057982612099603,0
#808080,#ffa500,1.9999310545767641,2.8633146650356402,0.21586050011389923,0.48170267036309633,0.7218456416260244,1.1223516394670519,0
#800000,#00ced1,5.604857037181758,1.044459083894886,0.045891942324214986,0.4874606277449036,1.255520680805695,0.5903499240228852,0
#2f4f4f,#00ffff,7.120254729556062,2.123885995975975,0.06760815192804356,0.7874,0.9933341848381974,0.9112191362302031,0
#daa520,#008000,2.2956840426200396,8.3222210261885,0.4191997780956843,0.15438342968146074,0.8761612824411408,0.43815294698902113,0
#800000,#ffff00,10.196894298939258,7.0469714232786735,0.045891942324214986,0.9278,1.1171584759385749,0.5251864793948691,1
#008000,#000000,4.087668593629214,1.4365717956544357,0.15438342968146074,0.0,0.5019607843137255,1.1675083469080474,0
#000000,#daa520,9.383995561913686,11.955468003424713,0.0,0.4191997780956843,1.0794861152288777,1.2136841511930498,1
#c0c0c0,#00ff00,1.3259052932708333,4.361069809269682,0.5271151257058131,0.7152,1.0931051608759168,1.0826583825911331,0
#800000,#8b0000,1.093831994522486,1.120042976258748,0.045891942324214986,0.05488967453113127,0.04313725490196074,0.04313725490196074,0
#556b2f,#000080,2.691451765674883,2.6707385043942122,0.1265192088488916,0.015585128108223528,0.6229618825519334,0.6263769462441056,0
#cd5c5c,#4169e1,1.2189391165013257,2.7208751130520685,0.21406134963883997,0.16663210743188323,0.7589831113547911,0.4151407033811966,0
#2f4f4f,#ff4500,2.5947388215136,6.00536428842065,0.06760815192804356,0.2551624375341642,0.87341882181057,1.0184577105395838,0
#800000,#808080,2.772500938765145,1.9057415284898638,0.045891942324214986,0.21586050011389923,0.7098797489559064,1.0,0
#dc143c,#808000,1.1893973660757347,1.4451588036279974,0.1604219995302558,0.20027537200567572,0.6040743376931673,0.4224094978102295,0
#ffd700,#00ff00,1.0221627454665265,6.650047820700017,0.6986087742815887,0.7152,1.0122281960110044,0.19281045751633985,0
#daa520,#808080,1.764834482349469,2.248447587795627,0.4191997780956843,0.21586050011389923,0.5360513210868043,0.9309883620930889,0
#a52a2a,#cd5c5c,1.7814985210712273,1.7390028713355423,0.09822428787651086,0.21406134963883997,0.31858974135827295,0.2496661149314856,0
#00ff00,#2f4f4f,6.506351706539644,1.410626472376622,0.7152,0.06760815192804356,0.7786659398647284,0.9263358419115042,0
#ffd700,#008000,3.6627664749941995,12.251713899912227,0.6986087742815887,0.15438342968146074,1.0565989703208332,0.5340589226752603,0
#ffff00,#a52a2a,6.596759640462082,4.005294080326805,0.9278,0.09822428787651086,0.9216353751380654,0.4659813732929383,1
#4169e1,#000080,3.303067534981613,2.7370930053342293,0.16663210743188323,0.015585128108223528,0.6158111525660765,0.47946959678092116,0
#00ced1,#000080,8.19485519427556,2.5422671974191484,0.4874606277449036,0.015585128108223528,0.8680496462697748,0.35761111126941025,0
#483d8b,#000080,1.7655351078512065,2.040611768068579,0.06579284622798763,0.015585128108223528,0.37256965887101556,0.44158991041047546,0
#daa520,#4169e1,2.1658829046992367,3.810543940482268,0.4191997780956843,0.16663210743188323,0.9940847734054915,0.5149325081136865,0
#00ff00,#ffd700,1.0221627454665265,6.650047820700017,0.7152,0.6986087742815887,1.0122281960110044,0.19281045751633985,0
#ffc0cb,#8b4513,4.615333699921896,3.9995351004982824,0.6327107070246613,0.09792228502052074,0.9799293025052862,0.7722769064364736,1
#cd5c5c,#00ffff,3.1712327500610087,2.1422474286334894,0.21406134963883997,0.7874,1.2097451283899459,0.699893332932886,0
#800000,#00ff00,7.979815419869421,1.0541936628141229,0.045891942324214986,0.7152,1.1189122525867927,0.5992947283870521,0
#a52a2a,#daa520,3.165471629633233,2.435446897970912,0.09822428787651086,0.4191997780956843,0.5266887122537681,0.2627033599051046,0
#ffffff,#00ff00,1.3721902770517513,7.934505778431795,1.0,0.7152,1.4142135623730951,1.0540925533894598,0
#bdb76b,#00ced1,1.0590915155571845,3.621315239801639,0.45747326349994166,0.4874606277449036,0.8470406679245287,0.6691129253819181,0
#2f4f4f,#dc143c,1.7891786928086306,3.877418492996438,0.06760815192804356,0.1604219995302558,0.7206622611036381,0.8817967804843072,0
#0087be,#008000,1.274352400453799,1.4314830986052556,0.21045651422754966,0.15438342968146074,0.7456035436929944,0.3245042574723647,0
#cd5c5c,#800080,2.3687503503142047,2.907208456570852,0.21406134963883997,0.06147707043243851,0.4911989740843155,0.5660053173562262,0
#ffd700,#800000,7.806795400498914,6.308184212517473,0.6986087742815887,0.045891942324214986,0.9792463893040471,0.5174840470867461,1
#c0c0c0,#cd5c5c,2.185534257456234,1.3520857534848485,0.5271151257058131,0.21406134963883997,0.5569317825197471,0.5535719926162231,0
#ffff00,#800080,8.771310514412942,6.695920411239215,0.9278,0.06147707043243851,1.2247480105516604,0.5992947283870521,1
#800080,#800000,1.1625280261351834,1.0524275962794023,0.06147707043243851,0.045891942324214986,0.5019607843137255,0.16666666666666663,0
#800080,#00ff00,6.864191865032504,1.109462502568446,0.06147707043243851,0.7152,1.226347935121881,0.7057216592690063,0
#800000,#800080,1.1625280261351834,1.0524275962794023,0.045891942324214986,0.06147707043243851,0.5019607843137255,0.16666666666666663,0
#00ced1,#008080,2.443352055154987,1.6945002520139032,0.4874606277449036,0.16996855778968425,0.4409803485645014,0.31765606761312454,0
#a52a2a,#008000,1.3788794846613623,3.417122760148103,0.09822428787651086,0.15438342968146074,0.7480334335345618,0.44379943727442916,0
#dc143c,#ff4500,1.450240175530154,1.548804778041834,0.1604219995302558,0.2551624375341642,0.3333564005859358,0.1823591267858698,0
#556b2f,#daa520,2.6580664005657337,3.9052169086761563,0.1265192088488916,0.4191997780956843,0.5720384508360514,0.5355466408189639,0
#c0c0c0,#000000,11.542302514116262,11.542302514116262,0.5271151257058131,0.0,1.3041323727577427,0.7529411764705882,1
#008080,#000000,4.399371155793685,1.7197669905441848,0.16996855778968425,0.0,0.7098797489559064,1.2255466653656442,0
#ff4500,#696969,1.595509706618817,2.9455413313830268,0.2551624375341642,0.14126329114027164,0.7317798371804229,1.1610575327634607,0
#a52a2a,#ffffff,7.0838592989212374,4.277907384532211,0.09822428787651086,1.0,1.2328828005937953,0.824784792165378,1
#ff0000,#2f4f4f,2.2328384188935058,4.738153008421496,0.2126,0.06760815192804356,0.9259055232918116,1.0393845843729441,0
#8b4513,#696969,1.2929984898065787,1.127582317748301,0.09792228502052074,0.14126329114027164,0.38916505819781255,0.8763009453304264,0
#008080,#ff00ff,1.5220357098495323,5.545394766692481,0.16996855778968425,0.2848,1.2247480105516604,0.5992947283870521,0
#0087be,#008080,1.184062471676414,1.1957598074153135,0.21045651422754966,0.16996855778968425,0.24468199984010194,0.24787771984364332,0
#ff00ff,#000080,5.104815827264052,8.319783485040423,0.2848,0.015585128108223528,1.1171584759385749,0.5251864793948692,1
#dc143c,#00ced1,2.5542035953689535,2.4964266779535764,0.1604219995302558,0.4874606277449036,1.2719249806801807,0.4750536093915436,0
#000080,#ffffff,16.009727056831707,18.320159145884244,0.015585128108223528,1.0,1.4993475448879088,1.1658276765768218,1
#ffa500,#008000,2.601495978376403,10.598040016274304,0.48170267036309633,0.15438342968146074,1.0104718902494205,0.5467073155618908,0
#ff0000,#ffd700,2.8507569469976723,1.9798291616536623,0.2126,0.6986087742815887,0.8431372549019608,0.14052287581699346,0
#808000,#ffc0cb,2.7278381470517954,3.426927376656123,0.20027537200567572,0.6327107070246613,0.9719954148581104,0.9237360394208209,0
#ffffff,#bdb76b,2.069074521795217,1.9899479450668895,1.0,0.45747326349994166,0.6953904360256584,0.5282875060239205,0
#556b2f,#daa520,2.6580664005657337,3.9052169086761563,0.1265192088488916,0.4191997780956843,0.5720384508360514,0.5355466408189639,0
#daa520,#8b4513,3.1719343574945036,2.771766901405845,0.4191997780956843,0.09792228502052074,0.49021176445491005,0.3139325355866228,0
#000080,#ffd700,11.414306808188163,15.354445230115381,0.015585128108223528,0.6986087742815887,1.4010157242488268,0.6874465559676023,1
#ffff00,#ffc0cb,1.4322318222624262,1.1397325086423986,0.9278,0.6327107070246613,0.8335340012142967,0.7779750703997301,0
#8b0000,#cd5c5c,2.5175151969841085,2.7317044726730106,0.05488967453113127,0.21406134963883997,0.5721190972497846,0.5180671246195293,0
#c0c0c0,#556b2f,3.2694182659738162,3.7702576704040434,0.5271151257058131,0.1265192088488916,0.7813571725797802,0.6909643763167895,0
#00ced1,#daa520,1.1454835505810892,4.102563718164974,0.4874606277449036,0.4191997780956843,1.1128828626821057,0.4118831569191628,0
#000000,#228b22,4.7841624152004485,2.131378418087712,0.0,0.18920812076002244,0.5767906274484194,0.989376380376892,0
#808000,#00ff00,3.0574322749688965,1.90201997990158,0.20027537200567572,0.7152,0.707112218357348,0.5251864793948691,0
#008000,#8b4513,1.3816946490050999,3.0024967185976044,0.15438342968146074,0.09792228502052074,0.5968390400074775,0.30030401520549377,0
#ffff00,#800080,8.771310514412942,6.695920411239215,0.9278,0.06147707043243851,1.2247480105516604,0.5992947283870521,1
#a52a2a,#ffff00,6.596759640462082,4.005294080326805,0.09822428787651086,0.9278,0.9216353751380654,0.4659813732929383,1
#c0c0c0,#daa520,1.2299987183457737,1.0357957598844034,0.5271151257058131,0.4191997780956843,0.6444391414224533,0.8675066903731633,0
#4169e1,#008080,1.0154014582480584,1.8243577197679062,0.16663210743188323,0.16996855778968425,0.46669961986140224,0.49374080561175826,0
#4169e1,#556b2f,1.2272438158123067,1.0248450010477785,0.16663210743188323,0.1265192088488916,0.7024754384587631,0.6281143892226362,0
#008080,#808000,1.1377779375403658,2.9271493377107594,0.16996855778968425,0.20027537200567572,0.7098797489559064,0.33333333333333337,0
#800080,#ffffff,9.41897733701533,7.151666469180461,0.06147707043243851,1.0,1.223145993216999,1.1295223938192536,1
#a52a2a,#ff00ff,2.258739136456029,1.9427376653744517,0.09822428787651086,0.2848,0.9216353751380654,0.46598137329293826,0
#8b0000,#ff4500,2.9093658541536604,3.6055559500555763,0.05488967453113127,0.2551624375341642,0.5292955573259596,0.45713195804550016,0
#dc143c,#000080,3.208379789744919,6.3465836541234335,0.1604219995302558,0.015585128108223528,0.9064169545533282,0.4779432851712537,0
#dc143c,#0000ff,1.7219476229971833,4.417373077549942,0.1604219995302558,0.0722,1.1555326351496134,0.3422036979960647,0
#8b4513,#4169e1,1.4644994660664592,1.3747707062053283,0.09792228502052074,0.16663210743188323,0.8699167168152021,0.5783044507709191,0
#228b22,#000000,4.7841624152004485,2.131378418087712,0.18920812076002244,0.0,0.5767906274484194,0.989376380376892,0
#00ff00,#556b2f,4.334938984771032,1.1567033848915487,0.7152,0.1265192088488916,0.6942173407967966,0.7354859931582544,0
#008000,#8b4513,1.3816946490050999,3.0024967185976044,0.15438342968146074,0.09792228502052074,0.5968390400074775,0.30030401520549377,0
#00ced1,#808080,2.0215888690296087,1.8246205695135271,0.4874606277449036,0.21586050011389923,0.6681528992744996,1.1612549387597138,0
#00ff00,#008080,3.4786789879834594,1.5389687640727225,0.7152,0.16996855778968425,0.707112218357348,0.5251864793948691,0
#008000,#ff0000,1.28483997166146,6.188268229001598,0.15438342968146074,0.2126,1.1189122525867927,0.5992947283870521,0
#008000,#000080,3.1163075467993737,1.2532487581370457,0.15438342968146074,0.015585128108223528,0.7098797489559064,0.3333333333333333,0
#ffffff,#ffd700,1.4026017808936917,1.1931501836322989,1.0,0.6986087742815887,1.0122281960110044,1.0098250732814462,0
#483d8b,#0087be,2.2493316531379657,1.137461953995236,0.06579284622798763,0.21045651422754966,0.4515937857499268,0.5027237547019828,0
#808080,#ff4500,1.1478291713264186,2.119058412169751,0.21586050011389923,0.2551624375341642,0.744003323776232,1.1180683760407943,0
#008000,#556b2f,1.1578537600200902,2.131052185014143,0.15438342968146074,0.1265192088488916,0.38969817479121155,0.45920213120651965,0
#00ced1,#ff4500,1.7612279941391304,3.8664775668456017,0.4874606277449036,0.2551624375341642,1.4001427949366432,0.49158866128183665,0
#ff00ff,#ffffff,3.1362007168458783,2.201999508620053,0.2848,1.0,1.0,1.0137937550497031,0
#ff00ff,#8b0000,3.191925244277799,3.0517403146424846,0.2848,0.05488967453113127,1.0986062961431695,0.4844724674356543,0
#00ced1,#8b0000,5.12405658752793,1.0723665421933068,0.4874606277449036,0.05488967453113127,1.2733810990032526,0.5683036259462416,0
#ff4500,#dc143c,1.450240175530154,1.548804778041834,0.2551624375341642,0.1604219995302558,0.3333564005859358,0.1823591267858698,0
#00ced1,#228b22,2.2468326996477392,1.3672586595377585,0.4874606277449036,0.18920812076002244,0.7468503646166532,0.40468241051250187,0
#2f4f4f,#bdb76b,4.314949730784224,5.624581247980807,0.06760815192804356,0.45747326349994166,0.6989199114890732,0.5534451915778057,0
#000080,#483d8b,1.7655351078512065,2.040611768068579,0.015585128108223528,0.06579284622798763,0.37256965887101556,0.44158991041047546,0
#00ff00,#8b0000,7.2952843396695695,1.1807422076514411,0.7152,0.05488967453113127,1.138916973425537,0.5639564744167093,0
#008080,#00ff00,3.4786789879834594,1.5389687640727225,0.16996855778968425,0.7152,0.707112218357348,0.5251864793948691,0
#ffffff,#696969,5.489814557409947,5.489814557409947,1.0,0.14126329114027164,1.0188534162169867,0.5882352941176471,1
#556b2f,#bdb76b,2.874889746046628,3.447118065102366,0.1265192088488916,0.45747326349994166,0.557249244496678,0.35338371139558533,0
#808080,#556b2f,1.5061278704318677,1.7368503183589095,0.21586050011389923,0.1265192088488916,0.3689402094158328,0.6108213037772618,0
#ff0000,#696969,1.3729764788341448,2.3239931585220694,0.2126,0.14126329114027164,0.8277204282041347,1.160181348430354,0
#4169e1,#ffa500,2.4544038123724685,4.852586471558577,0.16663210743188323,0.48170267036309633,1.178592857031272,0.5748348595618048,0
#00ff00,#ff0000,2.9139375476009137,3.3588998230259075,0.7152,0.2126,1.4142135623730951,0.3333333333333333,0
#008000,#8b4513,1.3816946490050999,3.0024967185976044,0.15438342968146074,0.09792228502052074,0.5968390400074775,0.30030401520549377,0
#ffa500,#228b22,2.222761788662306,7.143192052332305,0.48170267036309633,0.18920812076002244,0.8827711427242958,0.5635715519135184,0
#2f4f4f,#00ff00,6.506351706539644,1.410626472376622,0.06760815192804356,0.7152,0.7786659398647284,0.9263358419115042,0
#cd5c5c,#ff0000,1.0055649262712871,1.0413776428074757,0.21406134963883997,0.2126,0.5466053359694408,0.48974552318924125,0
#00ff00,#a52a2a,5.162446795747172,1.854763337589047,0.7152,0.09822428787651086,1.0693593464148083,0.5481532391487859,0
#8b4513,#000080,2.2554241988584782,3.7628752838930026,0.09792228502052074,0.015585128108223528,0.7436828666001299,0.42752203936304156,0
#c0c0c0,#008080,2.623625537689813,6.711550214406627,0.5271151257058131,0.16996855778968425,0.8324077905205709,1.14585826228518,0
#800000,#bdb76b,5.29213666132814,3.7823155978578096,0.045891942324214986,0.45747326349994166,0.865050396000225,0.6337170870970168,1
#cd5c5c,#2f4f4f,2.245264000070345,4.54988931359021,0.21406134963883997,0.06760815192804356,0.6237883295206285,0.7179929596369896,0
#0087be,#483d8b,2.2493316531379657,1.137461953995236,0.21045651422754966,0.06579284622798763,0.4515937857499268,0.5027237547019828,0
#0000ff,#008000,1.6725321577860943,1.1464065162269388,0.0722,0.15438342968146074,1.1189122525867927,0.5992947283870521,0
#cd5c5c,#000080,4.026238222834699,7.447288240322798,0.21406134963883997,0.015585128108223528,0.8924046197675947,0.6353702484448384,0
#228b22,#ffff00,4.087653867658386,9.224902009624874,0.18920812076002244,0.9278,0.9878383890162916,0.5427198571790974,0
#4169e1,#ffc0cb,3.1514751673610046,5.498443694605022,0.16663210743188323,0.6327107070246613,0.8240241277826835,0.5906198439166849,0
#8b0000,#800000,1.093831994522486,1.120042976258748,0.05488967453113127,0.045891942324214986,0.04313725490196074,0.04313725490196074,0
#00ff00,#00ffff,1.0943544171458444,1.5056331619791978,0.7152,0.7874,1.0,0.16666666666666669,0
#c0c0c0,#000080,8.79948156468494,10.069372331835702,0.5271151257058131,0.015585128108223528,1.0939981662219729,1.0835599975812709,1
#00ced1,#ff0000,2.0466893668884376,3.050599669809819,0.4874606277449036,0.2126,1.5245876658762345,0.5292964283576651,0
#8b0000,#0000ff,1.1650336465076077,1.8975294305992543,0.05488967453113127,0.0722,1.138916973425537,0.5639564744167093,0
#483d8b,#808000,2.16140616763925,2.152107936621366,0.06579284622798763,0.20027537200567572,0.6437347774260918,0.6492282922609414,0
#808080,#000000,5.317210002277984,5.317210002277984,0.21586050011389923,0.0,0.8694215818384953,0.5019607843137255,1
#008080,#000080,3.3539395917121495,1.5003049981241843,0.16996855778968425,0.015585128108223528,0.5019607843137255,0.16666666666666663,0
#4169e1,#00ff00,3.5322557171752846,1.1854416817011484,0.16663210743188323,0.7152,1.0906614890332063,0.42704457029416526,0
#4169e1,#ffa500,2.4544038123724685,4.852586471558577,0.16663210743188323,0.48170267036309633,1.178592857031272,0.5748348595618048,0
#cd5c5c,#696969,1.380616991711068,2.231652633003297,0.21406134963883997,0.14126329114027164,0.3987292386658053,0.676483522062959,0
#8b4513,#00ff00,5.1729866118134025,1.6297104979175197,0.09792228502052074,0.7152,0.9136329162899978,0.5433759957096725,0
#800000,#ffa500,5.544810726279645,5.456737666292463,0.045891942324214986,0.48170267036309633,0.816534250027925,0.5095813993999183,1
#556b2f,#ffffff,5.9483611265154,6.859585510053406,0.1265192088488916,1.0,1.2027649806241936,0.8385557309896153,1
#0087be,#00ffff,3.215124038972585,1.9377824811210134,0.21045651422754966,0.7874,0.5351899632923992,0.25942754072247315,0
#ffff00,#4169e1,4.513643021764236,6.26675502568116,0.9278,0.16663210743188323,1.2960472838949602,0.5544069489262632,1
#8b4513,#ff4500,2.062991641129868,2.6122627900595816,0.09792228502052074,0.2551624375341642,0.4609636697244631,0.4756184126818774,0
#8b4513,#00ff00,5.1729866118134025,1.6297104979175197,0.09792228502052074,0.7152,0.9136329162899978,0.5433759957096725,0
#008080,#c0c0c0,2.623625537689813,6.711550214406627,0.16996855778968425,0.5271151257058131,0.8324077905205709,1.14585826228518,0
#808080,#00ced1,2.0215888690296087,1.8246205695135271,0.21586050011389923,0.4874606277449036,0.6681528992744996,1.1612549387597138,0
#00ff00,#8b0000,7.2952843396695695,1.1807422076514411,0.7152,0.05488967453113127,1.138916973425537,0.5639564744167093,0
#800000,#696969,1.9945710401151515,1.3710137333131687,0.045891942324214986,0.14126329114027164,0.5892670689807462,1.0040594268091896,0
#ff0000,#bdb76b,1.9324952913173714,1.1870830760390791,0.2126,0.45747326349994166,0.8706765544319682,0.6413757255276394,0
#cd5c5c,#8b4513,1.7851356852837128,1.9791483050742964,0.21406134963883997,0.09792228502052074,0.39633072919600437,0.41135412806256205,0
#808080,#c0c0c0,2.170744151382274,2.170744151382274,0.21586050011389923,0.5271151257058131,0.43471079091924764,0.25098039215686274,0
#8b0000,#ffd700,7.1371064657027,5.63209121991778,0.05488967453113127,0.6986087742815887,0.9580272566733304,0.4761118277813433,1
#00ced1,#ffa500,1.0108292805410874,5.224462834813764,0.4874606277449036,0.48170267036309633,1.3029231029006585,0.43383223392625025,0
#228b22,#4169e1,1.1042136070953283,1.4720380758177443,0.18920812076002244,0.16663210743188323,0.7704460278900659,0.4480752578401844,0
#ffff00,#ffffff,1.0738392309265699,1.0680632429824386,0.9278,1.0,1.0,1.0137937550497031,0
#00ced1,#008000,2.6296683081527514,2.0285415652022896,0.4874606277449036,0.15438342968146074,0.8748262858264682,0.3598341329488921,0
#daa520,#008000,2.2956840426200396,8.3222210261885,0.4191997780956843,0.15438342968146074,0.8761612824411408,0.43815294698902113,0
#8b0000,#bdb76b,4.838162247794215,3.3769379193750093,0.05488967453113127,0.45747326349994166,0.854128090107029,0.618724456578583,1
#ffc0cb,#008000,3.340342747397339,12.008591015162033,0.6327107070246613,0.15438342968146074,1.3025866674213238,0.9727907175878278,0
#8b0000,#483d8b,1.1039489515588143,1.3359926304885545,0.05488967453113127,0.06579284622798763,0.6506850263070509,0.5371986798731457,0
#4169e1,#bdb76b,2.3425579408145176,3.3635506457836155,0.16663210743188323,0.45747326349994166,0.7376719721429018,0.5640874507701439,0
#556b2f,#2f4f4f,1.5009096389584602,1.6316764154156636,0.1265192088488916,0.06760815192804356,0.2236325871275804,0.33226414684227185,0
#808080,#008080,1.2086295549934596,3.0918200148704233,0.21586050011389923,0.16996855778968425,0.5019607843137255,1.118033988749895,0
#ffa500,#00ced1,1.0108292805410874,5.224462834813764,0.48170267036309633,0.4874606277449036,1.3029231029006585,0.43383223392625025,0
#dc143c,#0000ff,1.7219476229971833,4.417373077549942,0.1604219995302558,0.0722,1.1555326351496134,0.3422036979960647,0
#483d8b,#696969,1.6517712222367193,1.6353517524151233,0.06579284622798763,0.14126329114027164,0.2535711868286621,0.6547231153003606,0
#ffffff,#556b2f,5.9483611265154,6.859585510053406,1.0,0.1265192088488916,1.2027649806241936,0.8385557309896153,1
#8b4513,#800080,1.3269301430931495,1.4689189532270632,0.09792228502052074,0.06147707043243851,0.5077333517490037,0.2762129842343631,0
#a52a2a,#ff00ff,2.258739136456029,1.9427376653744517,0.09822428787651086,0.2848,0.9216353751380654,0.46598137329293826,0
#00ff00,#ffd700,1.0221627454665265,6.650047820700017,0.7152,0.6986087742815887,1.0122281960110044,0.19281045751633985,0
#ffa500,#ffc0cb,1.284008422523894,1.1330954588510416,0.48170267036309633,0.6327107070246613,0.8030889997758268,0.7652933966654756,0
#ffc0cb,#556b2f,3.867628409829847,5.6350525339586355,0.6327107070246613,0.1265192088488916,0.964267395963836,0.7079846104590103,0
#8b4513,#ff0000,1.7752565136725034,2.0610407967046815,0.09792228502052074,0.2126,0.5345142635004502,0.4800444332545303,0
#c0c0c0,#00ced1,1.0737812146859822,3.960784429763283,0.5271151257058131,0.4874606277449036,0.7578780145691787,1.118953896842507,0
#556b2f,#696969,1.0835267866173228,1.2495113338199364,0.1265192088488916,0.14126329114027164,0.24072171377604398,0.6052951123458193,0
#228b22,#ffffff,4.3894830855402995,9.852778756595159,0.18920812076002244,1.0,1.3073477028501774,0.942692709007717,0
#ffd700,#808080,2.8157954038334836,3.3100943219284127,0.6986087742815887,0.21586050011389923,0.7851172354707894,1.1259616951696347,0
#808000,#000000,5.005507440113514,5.034014807388236,0.20027537200567572,0.0,0.7098797489559064,1.131257002969099,1
#696969,#4169e1,1.1326381876018552,1.2192198162087573,0.14126329114027164,0.16663210743188323,0.49604355453621635,0.9315349159011223,0
#bdb76b,#a52a2a,3.4236849491409234,2.1497584372180225,0.45747326349994166,0.09822428787651086,0.6160982760373992,0.360290485054902,0
#696969,#228b22,1.2506744986657596,1.794737992250803,0.14126329114027164,0.18920812076002244,0.4157232687940857,0.8363680574177093,0
#00ffff,#a52a2a,5.6495464542063285,1.2318826288011002,0.7874,0.09822428787651086,1.3468918468306295,0.6628430149576858,0
#ffd700,#ffffff,1.4026017808936917,1.1931501836322989,0.6986087742815887,1.0,1.0122281960110044,1.0098250732814462,0
#228b22,#ff4500,1.2757193884747255,5.286474935178131,0.18920812076002244,0.2551624375341642,0.9188277974342891,0.5914783600215723,0
#ffd700,#ff00ff,2.23598797575146,1.8455342326785058,0.6986087742815887,0.2848,1.3080062807966994,0.30718954248366015,0
#0087be,#808080,1.02074813103591,2.5856530681973044,0.21045651422754966,0.21586050011389923,0.558420907590862,1.1239207044804345,0
#ff4500,#696969,1.595509706618817,2.9455413313830268,0.2551624375341642,0.14126329114027164,0.7317798371804229,1.1610575327634607,0
#800000,#ffc0cb,7.119583673843893,6.183004669817421,0.045891942324214986,0.6327107070246613,1.2036213459734297,0.903222185500469,1
#ff0000,#ff4500,1.1620808740828796,1.2674483660081974,0.2126,0.2551624375341642,0.27058823529411763,0.04509803921568626,0
#ffff00,#228b22,4.087653867658386,9.224902009624874,0.9278,0.18920812076002244,0.9878383890162916,0.5427198571790974,0
#4169e1,#2f4f4f,1.8419820725048521,1.6722154176663013,0.16663210743188323,0.06760815192804356,0.5858251277930216,0.6611373896274789,0
#ffc0cb,#ffffff,1.5379867185268434,1.2173063993131104,0.6327107070246613,1.0,0.32034679401426397,0.24876676441532092,0
#008080,#008000,1.0762543623644714,1.1971326429673765,0.16996855778968425,0.15438342968146074,0.5019607843137255,0.16666666666666669,0
#556b2f,#ffa500,3.0121519002402612,4.9731489875288855,0.1265192088488916,0.48170267036309633,0.7281139624604608,0.7376869178863708,0
#ffffff,#8b4513,7.098321932049233,4.868659672113964,1.0,0.09792228502052074,1.2631347590237776,0.9782951307936856,1
#8b4513,#ffa500,3.5944730727309624,3.5297424142479663,0.09792228502052074,0.48170267036309633,0.5951618339679321,0.47654442252954504,0
#696969,#8b0000,1.8234711090032476,1.2240724350531014,0.14126329114027164,0.05488967453113127,0.5973927717997088,1.0088497300281036,0
#8b4513,#a52a2a,1.0020416319011585,1.1380937534360274,0.09792228502052074,0.09822428787651086,0.17245987001800805,0.17061151177464048,0
#cd5c5c,#00ced1,2.0353627233974048,2.9293884796543472,0.21406134963883997,0.4874606277449036,1.0279447997542435,0.6702711125037157,0
#ffffff,#808080,3.9494396480491156,3.9494396480491156,1.0,0.21586050011389923,0.862629225730382,0.4980392156862745,0
#000000,#00ffff,16.748,3.984910627642433,0.0,0.7874,1.4142135623730951,1.5,1
#800000,#556b2f,1.8408137802869002,1.0972399338882202,0.045891942324214986,0.1265192088488916,0.48834159012981787,0.5016047627817647,0
#8b0000,#0000ff,1.1650336465076077,1.8975294305992543,0.05488967453113127,0.0722,1.138916973425537,0.5639564744167093,0
#c0c0c0,#cd5c5c,2.185534257456234,1.3520857534848485,0.5271151257058131,0.21406134963883997,0.5569317825197471,0.5535719926162231,0
#ffffff,#800000,10.949825131812458,7.526611151551592,1.0,0.045891942324214986,1.4993475448879088,1.1171584759385749,1
#dc143c,#ffa500,2.5268397389534587,2.092776399544196,0.1604219995302558,0.48170267036309633,0.6305072623848441,0.216873619349917,0
#ffd700,#00ffff,1.1186083155432165,4.416778262215173,0.6986087742815887,0.7874,1.422886475021705,0.35947712418300654,0
#800080,#008080,1.9732179625495074,1.707428136362791,0.06147707043243851,0.16996855778968425,0.7098797489559064,0.33333333333333337,0
#556b2f,#cd5c5c,1.4959354925779687,2.7884752580867223,0.1265192088488916,0.21406134963883997,0.5060191333554487,0.4468450976768176,0
#daa520,#ffa500,1.133211683349658,1.2734629353058782,0.4191997780956843,0.48170267036309633,0.19183646758643152,0.20670963727201103,0
#ff0000,#0087be,1.0082297260976842,4.322976802891382,0.2126,0.21045651422754966,1.3547870329509568,0.5187070800078043,0
#008080,#0000ff,1.8000700310121462,1.044247939995481,0.16996855778968425,0.0722,0.707112218357348,0.5251864793948691,0
#008000,#ff0000,1.28483997166146,6.188268229001598,0.15438342968146074,0.2126,1.1189122525867927,0.5992947283870521,0
#0087be,#dc143c,1.2377817662078607,3.537663340658954,0.21045651422754966,0.1604219995302558,1.0989142171923179,0.4440512026163907,0
#000080,#a52a2a,2.2600289448535125,4.282504855557445,0.015585128108223528,0.09822428787651086,0.7480334335345618,0.4437994372744292,0
#cd5c5c,#000000,5.2812269927768,8.536664545401266,0.21406134963883997,0.0,0.9521662305318159,0.9747475771342289,1
#cd5c5c,#00ff00,2.897811440585961,3.2254387697152467,0.21406134963883997,0.7152,1.0886008924827255,0.5924202803711355,0
#bdb76b,#ff0000,1.9324952913173714,1.1870830760390791,0.45747326349994166,0.2126,0.8706765544319682,0.6413757255276394,0
#ff0000,#483d8b,2.267843036546142,3.800546284389824,0.2126,0.06579284622798763,0.9324019079531277,0.7039305474142061,0
#c0c0c0,#008000,2.823688430149493,8.034615846580868,0.5271151257058131,0.15438342968146074,1.0939981662219729,1.0835599975812709,0
#483d8b,#a52a2a,1.2800815655283928,2.0986377333356243,0.06579284622798763,0.09822428787651086,0.5322220255738758,0.3746435846897768,0
#2f4f4f,#808080,2.2605618382351693,2.8339777015734193,0.06760815192804356,0.21586050011389923,0.4180289150038734,0.6715657300135196,0
#ffc0cb,#4169e1,3.1514751673610046,5.498443694605022,0.6327107070246613,0.16663210743188323,0.8240241277826835,0.5906198439166849,0
#c0c0c0,#808080,2.170744151382274,2.170744151382274,0.5271151257058131,0.21586050011389923,0.43471079091924764,0.25098039215686274,0
#8b0000,#008000,1.948556238686771,2.175340103971378,0.05488967453113127,0.15438342968146074,0.7410104596735704,0.3361129778386842,0
#0000ff,#008080,1.8000700310121462,1.044247939995481,0.0722,0.16996855778968425,0.707112218357348,0.5251864793948691,0
#000000,#ffff00,19.555999999999997,19.661757052288415,0.0,0.9278,1.4142135623730951,1.4240006242195884,1
#0087be,#00ff00,2.9379184554834272,1.28702165311884,0.21045651422754966,0.7152,0.8812629433036954,0.333410104838047,0
#483d8b,#ff0000,2.267843036546142,3.800546284389824,0.06579284622798763,0.2126,0.9324019079531277,0.7039305474142061,0
#cd5c5c,#ffd700,2.8349804895925526,2.0617498255243913,0.21406134963883997,0.6986087742815887,0.6334638364906745,0.5095069735654084,0
#556b2f,#483d8b,1.5244396748080464,1.3087930522531694,0.1265192088488916,0.06579284622798763,0.40657797735789086,0.4791193887580495,0
#daa520,#ff00ff,1.4014330289596306,1.2536159366125708,0.4191997780956843,0.2848,1.0974998675382353,0.35257093725627464,0
#808080,#808000,1.0622719206581384,1.056256329336599,0.21586050011389923,0.20027537200567572,0.5019607843137255,1.0137937550497031,0
#00ffff,#ff4500,2.7441123054545327,2.827536082350336,0.7874,0.2551624375341642,1.591238989747093,0.4549019607843137,0
#ffa500,#2f4f4f,4.52096782107765,8.114569913299169,0.48170267036309633,0.06760815192804356,0.9354482546563233,0.9920218340491277,1
#00ffff,#696969,4.378257819404847,1.041734303505192,0.7874,0.14126329114027164,0.9282196375329118,1.2633371526420312,0
#4169e1,#696969,1.1326381876018552,1.2192198162087573,0.16663210743188323,0.14126329114027164,0.49604355453621635,0.9315349159011223,0
#daa520,#c0c0c0,1.2299987183457737,1.0357957598844034,0.4191997780956843,0.5271151257058131,0.6444391414224533,0.8675066903731633,0
#00ced1,#8b0000,5.12405658752793,1.0723665421933068,0.4874606277449036,0.05488967453113127,1.2733810990032526,0.5683036259462416,0
#8b4513,#4169e1,1.4644994660664592,1.3747707062053283,0.09792228502052074,0.16663210743188323,0.8699167168152021,0.5783044507709191,0
#228b22,#ffd700,3.129529097520086,8.25778589464774,0.18920812076002244,0.6986087742815887,0.9261297225420306,0.5513102013625201,0
#0087be,#008000,1.274352400453799,1.4314830986052556,0.21045651422754966,0.15438342968146074,0.7456035436929944,0.3245042574723647,0
#8b0000,#800080,1.0628030922085863,1.0642470610029453,0.05488967453113127,0.06147707043243851,0.5038109285727406,0.17215864932745756,0
#00ffff,#4169e1,3.865539646579435,1.2701031060579582,0.7874,0.16663210743188323,0.6517949073958691,0.33603961161339857,0
#00ced1,#daa520,1.1454835505810892,4.102563718164974,0.4874606277449036,0.4191997780956843,1.1128828626821057,0.4118831569191628,0
#daa520,#ff4500,1.537541061367212,1.061059749406998,0.4191997780956843,0.2551624375341642,0.42252968428533916,0.2192896209568113,0
#696969,#ff4500,1.595509706618817,2.9455413313830268,0.14126329114027164,0.2551624375341642,0.7317798371804229,1.1610575327634607,0
#228b22,#ffffff,4.3894830855402995,9.852778756595159,0.18920812076002244,1.0,1.3073477028501774,0.942692709007717,0
#483d8b,#000080,1.7655351078512065,2.040611768068579,0.06579284622798763,0.015585128108223528,0.37256965887101556,0.44158991041047546,0
#808080,#ffff00,3.677868655107072,3.697758231077009,0.21586050011389923,0.9278,0.8648992714250887,1.1295223938192536,0
#4169e1,#800000,2.259127327919172,1.1245008611953375,0.16663210743188323,0.045891942324214986,1.004557090511478,0.6072725772881137,0
#ffd700,#483d8b,6.465069291134212,7.524432364049447,0.6986087742815887,0.06579284622798763,1.0848365934316049,0.7761063298340323,1
#8b0000,#00ff00,7.2952843396695695,1.1807422076514411,0.05488967453113127,0.7152,1.138916973425537,0.5639564744167093,0
#daa520,#cd5c5c,1.7768589713618246,1.4004846904597148,0.4191997780956843,0.21406134963883997,0.3740526930089544,0.3286345915455054,0
#008080,#0087be,1.184062471676414,1.1957598074153135,0.16996855778968425,0.21045651422754966,0.24468199984010194,0.24787771984364332,0
#8b0000,#ffd700,7.1371064657027,5.63209121991778,0.05488967453113127,0.6986087742815887,0.9580272566733304,0.4761118277813433,1
#ffc0cb,#a52a2a,4.6059300861235615,3.5142404467323156,0.6327107070246613,0.09822428787651086,0.9323194361106255,0.611402167542485,1
#228b22,#0000ff,1.9575132631753065,1.2941796968289565,0.18920812076002244,0.0722,1.032482814019524,0.6147179651757652,0
#696969,#8b4513,1.2929984898065787,1.127582317748301,0.14126329114027164,0.09792228502052074,0.38916505819781255,0.8763009453304264,0
#2f4f4f,#daa520,3.9895174816007293,6.37205032696935,0.06760815192804356,0.4191997780956843,0.7729172010089648,0.8018699722678022,0
#ff0000,#ffff00,3.7235338918507237,2.211698177339568,0.2126,0.9278,1.0,0.16666666666666666,0
#8b4513,#800080,1.3269301430931495,1.4689189532270632,0.09792228502052074,0.06147707043243851,0.5077333517490037,0.2762129842343631,0
#ffc0cb,#daa520,1.4550533459234405,1.4429550690102082,0.6327107070246613,0.4191997780956843,0.6942284169950662,0.6406713132999556,0
#ff0000,#808080,1.0124162228252065,1.6719090647011379,0.2126,0.21586050011389923,0.8671633746527239,1.1171584759385749,0
#2f4f4f,#00ffff,7.120254729556062,2.123885995975975,0.06760815192804356,0.7874,0.9933341848381974,0.9112191362302031,0
#800000,#008080,2.2939211831371673,1.622371118354347,0.045891942324214986,0.16996855778968425,0.8694215818384953,0.5,0
#ffa500,#696969,2.7799514856886365,3.9800751325122055,0.48170267036309633,0.14126329114027164,0.7556019163920664,1.165182776863207,0
#800000,#483d8b,1.207534683534585,1.192804793036726,0.045891942324214986,0.06579284622798763,0.634494776719216,0.5389278656906945,0
#808080,#ffff00,3.677868655107072,3.697758231077009,0.21586050011389923,0.9278,0.8648992714250887,1.1295223938192536,0
#556b2f,#ffc0cb,3.867628409829847,5.6350525339586355,0.1265192088488916,0.6327107070246613,0.964267395963836,0.7079846104590103,0
#800080,#ff0000,2.3556413797145006,3.027501889653713,0.06147707043243851,0.2126,0.707112218357348,0.5251864793948691,0
#808080,#008000,1.3007928310443406,3.7013186659812636,0.21586050011389923,0.15438342968146074,0.7098797489559064,1.0540925533894598,0
#228b22,#000000,4.7841624152004485,2.131378418087712,0.18920812076002244,0.0,0.5767906274484194,0.989376380376892,0
#2f4f4f,#483d8b,1.0156771835151346,1.2467031457774247,0.06760815192804356,0.06579284622798763,0.26449519574772146,0.3404287089050277,0
#000080,#696969,2.9162600829972254,3.3371180309098745,0.015585128108223528,0.14126329114027164,0.5892670689807462,1.0579444426223474,0
#8b4513,#2f4f4f,1.2577553732076696,2.298912770672539,0.09792228502052074,0.06760815192804356,0.4325118644380309,0.6713649238589946,0
#ffa500,#ff00ff,1.5881202818491529,1.596433430384872,0.48170267036309633,0.2848,1.1910856900774462,0.27450980392156854,0
#000080,#4169e1,3.303067534981613,2.7370930053342293,0.015585128108223528,0.16663210743188323,0.6158111525660765,0.47946959678092116,0
#dc143c,#556b2f,1.1920628973042051,2.376340343197692,0.1604219995302558,0.1265192088488916,0.6318838509382156,0.6212025883242293,0
#00ffff,#bdb76b,1.650136194810776,2.6482500749274824,0.7874,0.45747326349994166,0.9828126981741871,0.7119629741641477,0
#ffc0cb,#ffa500,1.284008422523894,1.1330954588510416,0.6327107070246613,0.48170267036309633,0.8030889997758268,0.7652933966654756,0
#808000,#8b0000,2.386082072658105,1.6108681197098889,0.20027537200567572,0.05488967453113127,0.5038109285727406,0.17215864932745759,0
#00ffff,#cd5c5c,3.1712327500610087,2.1422474286334894,0.7874,0.21406134963883997,1.2097451283899459,0.699893332932886,0
#dc143c,#8b0000,2.0061269183155157,2.3279602446824246,0.1604219995302558,0.05488967453113127,0.4030067691472066,0.3320771414901472,0
#ff4500,#8b4513,2.062991641129868,2.6122627900595816,0.2551624375341642,0.09792228502052074,0.4609636697244631,0.4756184126818774,0
#00ff00,#4169e1,3.5322557171752846,1.1854416817011484,0.7152,0.16663210743188323,1.0906614890332063,0.42704457029416526,0
#228b22,#8b4513,1.6171202380144274,2.023714825053093,0.18920812076002244,0.09792228502052074,0.4983633343976013,0.28510122000796195,0
#ffd700,#800080,6.715361027856294,5.99393652809799,0.6986087742815887,0.06147707043243851,1.1004036168396867,0.585156795545194,1
#2f4f4f,#00ff00,6.506351706539644,1.410626472376622,0.06760815192804356,0.7152,0.7786659398647284,0.9263358419115042,0
#2f4f4f,#ff0000,2.2328384188935058,4.738153008421496,0.06760815192804356,0.2126,0.9259055232918116,1.0393845843729441,0
#ff0000,#00ced1,2.0466893668884376,3.050599669809819,0.2126,0.4874606277449036,1.5245876658762345,0.5292964283576651,0
#483d8b,#4169e1,1.8708591634870988,1.3413100170077248,0.06579284622798763,0.16663210743188323,0.37982573555342014,0.374801456145933,0
#228b22,#ffc0cb,2.854044857906676,8.093918476198587,0.18920812076002244,0.6327107070246613,1.1106488850172591,0.7724638902378262,0
#8b0000,#2f4f4f,1.1212557618637424,1.6655862151655374,0.05488967453113127,0.06760815192804356,0.5675581561998501,0.8119809168628165,0
#00ced1,#ffc0cb,1.2702525018236277,5.919815113063516,0.4874606277449036,0.6327107070246613,1.0017823408884565,0.9049644595075754,0
#8b0000,#dc143c,2.0061269183155157,2.3279602446824246,0.05488967453113127,0.1604219995302558,0.4030067691472066,0.3320771414901472,0
#daa520,#000000,9.383995561913686,11.955468003424713,0.4191997780956843,0.0,1.0794861152288777,1.2136841511930498,1
#ff00ff,#800000,3.4914299563150575,3.4180803047809767,0.2848,0.045891942324214986,1.1171584759385749,0.5251864793948691,0
#a52a2a,#c0c0c0,3.893526047408784,2.351281007602032,0.09822428787651086,0.5271151257058131,0.8386015711621994,0.7529366188486272,0
#8b0000,#808080,2.5346679861704766,1.7014896471701162,0.05488967453113127,0.21586050011389923,0.7111892017868223,1.000929978949815,0
#4169e1,#800000,2.259127327919172,1.1245008611953375,0.16663210743188323,0.045891942324214986,1.004557090511478,0.6072725772881137,0
#00ffff,#ffa500,1.5749403692634172,3.8206240488771313,0.7874,0.48170267036309633,1.4575896109839843,0.39215686274509803,0
#000080,#4169e1,3.303067534981613,2.7370930053342293,0.015585128108223528,0.16663210743188323,0.6158111525660765,0.47946959678092116,0
#ffd700,#dc143c,3.5576545035822127,2.419324484935995,0.6986087742815887,0.1604219995302558,0.8117741782150765,0.23943548689011,0
#bdb76b,#0087be,1.9483991982499778,5.131732600821887,0.45747326349994166,0.21045651422754966,0.8310950332232566,0.689626812240661,0
#ffd700,#696969,3.9140222351008407,4.601109426725596,0.6986087742815887,0.14126329114027164,0.8376474260115228,1.168660532350414,0
#ff0000,#696969,1.3729764788341448,2.3239931585220694,0.2126,0.14126329114027164,0.8277204282041347,1.160181348430354,0
#daa520,#a52a2a,3.165471629633233,2.435446897970912,0.4191997780956843,0.09822428787651086,0.5266887122537681,0.2627033599051046,0
#00ced1,#2f4f4f,4.569926649929329,1.553187412728227,0.4874606277449036,0.06760815192804356,0.7361485232018238,0.7834892783625176,0
#4169e1,#000000,4.332642148637664,3.137470185401303,0.16663210743188323,0.0,1.0065147268792627,1.1936711126388404,0
#556b2f,#808000,1.4178364702502306,1.644345477626411,0.1265192088488916,0.20027537200567572,0.2630375896115138,0.4510645074678369,0
#808080,#800000,2.772500938765145,1.9057415284898638,0.21586050011389923,0.045891942324214986,0.7098797489559064,1.0,0
#ff00ff,#696969,1.7504665845912857,2.49310435171273,0.2848,0.14126329114027164,0.9282196375329118,1.172091523313539,0
#c0c0c0,#ff4500,1.8911735348856713,1.0243908987669674,0.5271151257058131,0.2551624375341642,0.9276976001748858,1.0310537791137941,0
#ff00ff,#dc143c,1.5910883878463493,1.3109074012811575,0.2848,0.1604219995302558,0.7808748137937206,0.21185171394152,0
#dc143c,#c0c0c0,2.742655839190578,1.5865815185928478,0.1604219995302558,0.5271151257058131,0.8573090774550406,0.9163046945720054,0
#808000,#daa520,1.8747341152090817,2.374936995790739,0.20027537200567572,0.4191997780956843,0.4017072371074274,0.38518811080026655,0
#dc143c,#00ff00,3.6365018948029464,2.7487209186311152,0.1604219995302558,0.7152,1.2841266141202308,0.4019301125402603,0
#ffffff,#800000,10.949825131812458,7.526611151551592,1.0,0.045891942324214986,1.4993475448879088,1.1171584759385749,1
#a52a2a,#ffffff,7.0838592989212374,4.277907384532211,0.09822428787651086,1.0,1.2328828005937953,0.824784792165378,1
